#VRML V2.0 utf8
# 3D model generated by easyeda2kicad.py (https://github.com/uPesy/easyeda2kicad.py)

Shape{
    appearance Appearance {
        material  Material 	{
            diffuseColor 0.8431372549019608 0.8156862745098039 0.7529411764705882
            specularColor 0.4235294117647059 0.40784313725490196 0.3764705882352941
            ambientIntensity 0.8167
            transparency 0.0
            shininess 0.5
        }
    }
    geometry IndexedFaceSet {
        ccw TRUE
        solid FALSE
        coord DEF co Coordinate {
            point [
                -3.7008 -0.9843 0.4134, -3.937 -0.9843 0.4134, -3.937 -0.9356 0.4134, 3.937 -0.9843 0.4134, 3.7008 -0.9843 0.4134, 3.7008 -0.9356 0.4134, -0.2481 -0.9344 0.4134, -0.2193 -0.9344 0.4134, -0.0273 -0.9356 0.4134, -0.3681 -0.9344 0.4134, -0.3482 -0.8792 0.4134, -0.2669 -0.8792 0.4134, -0.1951 -0.8804 0.4134, -0.1838 -0.8981 0.4134, -0.1676 -0.9136 0.4134, -0.147 -0.9255 0.4134, -0.102 -0.7375 0.4134, -0.1305 -0.7406 0.4134, -0.0273 -0.689 0.4134, -0.397 -0.9344 0.4134, -3.3465 -0.9356 0.4134, -0.3201 -0.7375 0.4134, -3.3465 -0.8268 0.4134, -0.2937 -0.7375 0.4134, -0.1535 -0.7487 0.4134, -0.1749 -0.763 0.4134, -0.1751 -0.7632 0.4134, -0.189 -0.7786 0.4134, -0.1982 -0.7956 0.4134, -0.1243 -0.9323 0.4134, -0.1 -0.9344 0.4134, -0.0465 -0.9344 0.4134, -0.0465 -0.7375 0.4134, -0.2035 -0.815 0.4134, -0.2049 -0.8335 0.4134, -0.2021 -0.8598 0.4134, 0.1769 -0.9356 0.4134, 0.1848 -0.9367 0.4134, -0.0273 -0.9843 0.4134, 0.1901 -0.9368 0.4134, 0.2017 -0.9356 0.4134, -0.0081 -0.9128 0.4134, -0.0081 -0.9344 0.4134, 0.0976 -0.9344 0.4134, 0.136 -0.9242 0.4134, 0.136 -0.9026 0.4134, 0.0976 -0.7375 0.4134, -3.3465 -0.9843 0.4134, 0.157 -0.9328 0.4134, 3.937 -0.689 0.4134, 3.3465 -0.8268 0.4134, 3.7008 -0.8268 0.4134, -0.0033 -0.7375 0.4134, -0.0033 -0.7592 0.4134, 0.0712 -0.8456 0.4134, 0.0712 -0.9128 0.4134, 0.0015 -0.8456 0.4134, 0.0015 -0.824 0.4134, 0.0712 -0.824 0.4134, 0.0712 -0.7592 0.4134, 0.2015 -0.7589 0.4134, 0.2162 -0.7642 0.4134, 0.1395 -0.9045 0.4134, 0.2298 -0.7734 0.4134, 0.2417 -0.7865 0.4134, 0.256 -0.8381 0.4134, 0.254 -0.8594 0.4134, 0.2487 -0.8763 0.4134, 0.2049 -0.9131 0.4134, 0.1865 -0.9152 0.4134, 0.2192 -0.9079 0.4134, 0.2313 -0.8997 0.4134, 0.2405 -0.89 0.4134, 0.1604 -0.9123 0.4134, 0.4 -0.9344 0.4134, 0.2992 -0.9344 0.4134, 0.2144 -0.9343 0.4134, 0.2335 -0.9277 0.4134, 0.2498 -0.8017 0.4134, 0.2551 -0.8228 0.4134, 0.136 -0.7429 0.4134, 0.136 -0.7694 0.4134, 0.1582 -0.7599 0.4134, 0.1821 -0.7568 0.4134, 0.272 -0.7894 0.4134, 0.2605 -0.771 0.4134, 0.3736 -0.7375 0.4134, 0.2427 -0.7539 0.4134, 0.224 -0.7431 0.4134, 0.2493 -0.9176 0.4134, 0.2641 -0.902 0.4134, 0.2992 -0.9128 0.4134, 0.2746 -0.8833 0.4134, 0.3736 -0.9128 0.4134, 0.2805 -0.8625 0.4134, 0.2824 -0.8397 0.4134, 0.2796 -0.8117 0.4134, 0.2021 -0.7368 0.4134, 0.1823 -0.7351 0.4134, 0.1587 -0.7368 0.4134, 0.4 -0.7375 0.4134, 3.3465 -0.9356 0.4134, 3.3465 -0.9843 0.4134, 3.937 -0.9356 0.4134, -3.937 -0.689 0.4134, -3.7008 -0.8268 0.4134, -3.7008 -0.9356 0.4134, 3.3465 -0.8268 0.5906, 3.7008 -0.8268 0.5906, 3.7008 -0.6594 0.5906, 3.2474 -0.3099 0.5906, 3.248 -0.315 0.5906, 3.7008 -0.0 0.5906, 3.2474 0.4775 0.5906, 3.248 0.4724 0.5906, 3.7008 0.8268 0.5906, 3.2334 0.4915 0.5906, 3.2382 0.4895 0.5906, 3.248 0.315 0.5906, 3.2474 0.3099 0.5906, 3.2454 0.3051 0.5906, 3.2423 0.301 0.5906, 3.2382 0.2979 0.5906, 3.2423 0.4864 0.5906, 3.2454 0.4823 0.5906, 3.0519 0.4775 0.5906, 3.0538 0.4823 0.5906, 2.7559 0.8268 0.5906, 3.0569 0.4864 0.5906, 3.061 0.4895 0.5906, 3.0658 0.2959 0.5906, 3.061 0.2979 0.5906, 2.7559 -0.0 0.5906, 3.0569 0.301 0.5906, 3.0538 0.3051 0.5906, 3.0519 0.3099 0.5906, 3.0512 0.315 0.5906, 3.0512 0.4724 0.5906, 3.0658 0.4915 0.5906, 3.0709 0.4921 0.5906, 3.2283 0.4921 0.5906, 3.2334 0.2959 0.5906, 3.2283 0.2953 0.5906, 3.0709 0.2953 0.5906, 2.446 0.4915 0.5906, 2.4508 0.4895 0.5906, 2.4549 0.4864 0.5906, 2.458 0.4823 0.5906, 2.46 0.4775 0.5906, 2.4606 0.4724 0.5906, 2.4606 0.315 0.5906, 2.46 0.3099 0.5906, 2.458 0.3051 0.5906, 2.4549 0.301 0.5906, 2.4508 0.2979 0.5906, 2.2645 0.4775 0.5906, 2.2664 0.4823 0.5906, 1.9685 0.8268 0.5906, 2.2695 0.4864 0.5906, 2.2736 0.4895 0.5906, 2.2784 0.2959 0.5906, 2.2736 0.2979 0.5906, 1.9685 -0.0 0.5906, 2.2695 0.301 0.5906, 2.2664 0.3051 0.5906, 2.2645 0.3099 0.5906, 2.2638 0.315 0.5906, 2.2638 0.4724 0.5906, 2.2784 0.4915 0.5906, 2.2835 0.4921 0.5906, 2.4409 0.4921 0.5906, 2.446 0.2959 0.5906, 2.4409 0.2953 0.5906, 2.2835 0.2953 0.5906, 1.6706 0.4823 0.5906, 1.6726 0.4775 0.5906, 1.6732 0.4724 0.5906, 1.6732 0.315 0.5906, 1.6726 0.3099 0.5906, 1.6706 0.3051 0.5906, 1.6675 0.301 0.5906, 1.6634 0.2979 0.5906, 1.491 0.2959 0.5906, 1.4862 0.2979 0.5906, 1.1811 -0.0 0.5906, 1.4821 0.301 0.5906, 1.479 0.3051 0.5906, 1.6586 0.4915 0.5906, 1.6634 0.4895 0.5906, 1.6675 0.4864 0.5906, 1.477 0.4775 0.5906, 1.479 0.4823 0.5906, 1.1811 0.8268 0.5906, 1.4821 0.4864 0.5906, 1.4862 0.4895 0.5906, 1.477 0.3099 0.5906, 1.4764 0.315 0.5906, 1.4764 0.4724 0.5906, 1.6586 0.2959 0.5906, 1.6535 0.2953 0.5906, 1.4961 0.2953 0.5906, 1.491 0.4915 0.5906, 1.4961 0.4921 0.5906, 1.6535 0.4921 0.5906, 0.8832 0.4823 0.5906, 0.8852 0.4775 0.5906, 0.8858 0.4724 0.5906, 0.8858 0.315 0.5906, 0.8852 0.3099 0.5906, 0.8712 0.4915 0.5906, 0.876 0.4895 0.5906, 0.8801 0.4864 0.5906, 0.7036 0.2959 0.5906, 0.6988 0.2979 0.5906, 0.3937 -0.0 0.5906, 0.6947 0.301 0.5906, 0.6916 0.3051 0.5906, 0.6896 0.4775 0.5906, 0.6916 0.4823 0.5906, 0.3937 0.8268 0.5906, 0.6947 0.4864 0.5906, 0.6988 0.4895 0.5906, 0.7036 0.4915 0.5906, 0.7087 0.4921 0.5906, 0.8661 0.4921 0.5906, 0.8832 0.3051 0.5906, 0.8801 0.301 0.5906, 0.876 0.2979 0.5906, 0.6896 0.3099 0.5906, 0.689 0.315 0.5906, 0.689 0.4724 0.5906, 0.8712 0.2959 0.5906, 0.8661 0.2953 0.5906, 0.7087 0.2953 0.5906, -0.0978 0.4775 0.5906, -0.0958 0.4823 0.5906, -0.3937 0.8268 0.5906, -0.0927 0.4864 0.5906, -0.0886 0.4895 0.5906, 0.0838 0.4915 0.5906, 0.0886 0.4895 0.5906, 0.0927 0.4864 0.5906, 0.0958 0.4823 0.5906, -0.0838 0.4915 0.5906, -0.0787 0.4921 0.5906, 0.0787 0.4921 0.5906, 0.0978 0.3099 0.5906, 0.0958 0.3051 0.5906, 0.0927 0.301 0.5906, 0.0886 0.2979 0.5906, 0.0978 0.4775 0.5906, 0.0984 0.4724 0.5906, 0.0984 0.315 0.5906, -0.0838 0.2959 0.5906, -0.0886 0.2979 0.5906, -0.3937 -0.0 0.5906, -0.0927 0.301 0.5906, -0.0958 0.3051 0.5906, 0.0838 0.2959 0.5906, 0.0787 0.2953 0.5906, -0.0787 0.2953 0.5906, -0.0978 0.3099 0.5906, -0.0984 0.315 0.5906, -0.0984 0.4724 0.5906, -0.6896 0.3099 0.5906, -0.6916 0.3051 0.5906, -0.6947 0.301 0.5906, -0.6988 0.2979 0.5906, -0.6916 0.4823 0.5906, -0.6896 0.4775 0.5906, -0.689 0.4724 0.5906, -0.689 0.315 0.5906, -0.7036 0.4915 0.5906, -0.6988 0.4895 0.5906, -0.6947 0.4864 0.5906, -0.8712 0.2959 0.5906, -0.876 0.2979 0.5906, -1.1811 -0.0 0.5906, -0.8801 0.301 0.5906, -0.8832 0.3051 0.5906, -0.8852 0.3099 0.5906, -0.8858 0.315 0.5906, -1.1811 0.8268 0.5906, -0.8858 0.4724 0.5906, -0.8852 0.4775 0.5906, -0.8832 0.4823 0.5906, -0.8801 0.4864 0.5906, -0.876 0.4895 0.5906, -0.8712 0.4915 0.5906, -0.8661 0.4921 0.5906, -0.7087 0.4921 0.5906, -0.7036 0.2959 0.5906, -0.7087 0.2953 0.5906, -0.8661 0.2953 0.5906, -1.479 0.4823 0.5906, -1.477 0.4775 0.5906, -1.4764 0.4724 0.5906, -1.4764 0.315 0.5906, -1.477 0.3099 0.5906, -1.6726 0.4775 0.5906, -1.6706 0.4823 0.5906, -1.9685 0.8268 0.5906, -1.6675 0.4864 0.5906, -1.6634 0.4895 0.5906, -1.491 0.4915 0.5906, -1.4862 0.4895 0.5906, -1.4821 0.4864 0.5906, -1.6586 0.2959 0.5906, -1.6634 0.2979 0.5906, -1.9685 -0.0 0.5906, -1.6675 0.301 0.5906, -1.6706 0.3051 0.5906, -1.479 0.3051 0.5906, -1.4821 0.301 0.5906, -1.4862 0.2979 0.5906, -1.6726 0.3099 0.5906, -1.6732 0.315 0.5906, -1.6732 0.4724 0.5906, -1.6586 0.4915 0.5906, -1.6535 0.4921 0.5906, -1.4961 0.4921 0.5906, -1.491 0.2959 0.5906, -1.4961 0.2953 0.5906, -1.6535 0.2953 0.5906, -2.2784 0.4915 0.5906, -2.2736 0.4895 0.5906, -2.2695 0.4864 0.5906, -2.2664 0.4823 0.5906, -2.2645 0.4775 0.5906, -2.2638 0.4724 0.5906, -2.2638 0.315 0.5906, -2.2645 0.3099 0.5906, -2.2664 0.3051 0.5906, -2.2695 0.301 0.5906, -2.2736 0.2979 0.5906, -2.46 0.4775 0.5906, -2.458 0.4823 0.5906, -2.7559 0.8268 0.5906, -2.4549 0.4864 0.5906, -2.4508 0.4895 0.5906, -2.446 0.2959 0.5906, -2.4508 0.2979 0.5906, -2.7559 -0.0 0.5906, -2.4549 0.301 0.5906, -2.458 0.3051 0.5906, -2.46 0.3099 0.5906, -2.4606 0.315 0.5906, -2.4606 0.4724 0.5906, -2.446 0.4915 0.5906, -2.4409 0.4921 0.5906, -2.2835 0.4921 0.5906, -2.2784 0.2959 0.5906, -2.2835 0.2953 0.5906, -2.4409 0.2953 0.5906, -3.2334 0.2959 0.5906, -3.2382 0.2979 0.5906, -3.4744 -0.0 0.5906, -3.2423 0.301 0.5906, -3.2454 0.3051 0.5906, -3.0519 0.3099 0.5906, -3.0538 0.3051 0.5906, -3.0569 0.301 0.5906, -3.061 0.2979 0.5906, -3.2474 0.4775 0.5906, -3.2454 0.4823 0.5906, -3.4744 0.8268 0.5906, -3.2423 0.4864 0.5906, -3.2382 0.4895 0.5906, -3.0658 0.4915 0.5906, -3.061 0.4895 0.5906, -3.0569 0.4864 0.5906, -3.0538 0.4823 0.5906, -3.0519 0.4775 0.5906, -3.0512 0.4724 0.5906, -3.0512 0.315 0.5906, -3.2474 0.3099 0.5906, -3.248 0.315 0.5906, -3.248 0.4724 0.5906, -3.0658 0.2959 0.5906, -3.0709 0.2953 0.5906, -3.2283 0.2953 0.5906, -3.2334 0.4915 0.5906, -3.2283 0.4921 0.5906, -3.0709 0.4921 0.5906, 3.2474 -0.4775 0.5906, 3.2454 -0.4823 0.5906, 3.248 -0.4724 0.5906, 3.2334 -0.2959 0.5906, 3.2382 -0.2979 0.5906, 3.2423 -0.301 0.5906, 3.2454 -0.3051 0.5906, 3.2423 -0.4864 0.5906, 3.2382 -0.4895 0.5906, 3.2334 -0.4915 0.5906, 3.0519 -0.3099 0.5906, 3.0538 -0.3051 0.5906, 3.0569 -0.301 0.5906, 3.061 -0.2979 0.5906, 3.061 -0.4895 0.5906, 3.0569 -0.4864 0.5906, 2.7559 -0.6594 0.5906, 3.0538 -0.4823 0.5906, 3.2283 -0.4921 0.5906, 3.0709 -0.4921 0.5906, 3.0658 -0.4915 0.5906, 3.0519 -0.4775 0.5906, 3.0512 -0.4724 0.5906, 3.0512 -0.315 0.5906, 3.0658 -0.2959 0.5906, 3.0709 -0.2953 0.5906, 3.2283 -0.2953 0.5906, 2.446 -0.2959 0.5906, 2.4508 -0.2979 0.5906, 2.4549 -0.301 0.5906, 2.458 -0.3051 0.5906, 2.46 -0.4775 0.5906, 2.458 -0.4823 0.5906, 2.4549 -0.4864 0.5906, 2.4508 -0.4895 0.5906, 2.46 -0.3099 0.5906, 2.4606 -0.315 0.5906, 2.4606 -0.4724 0.5906, 2.2645 -0.3099 0.5906, 2.2664 -0.3051 0.5906, 2.2695 -0.301 0.5906, 2.2736 -0.2979 0.5906, 2.2784 -0.4915 0.5906, 2.2736 -0.4895 0.5906, 1.9685 -0.6594 0.5906, 2.2695 -0.4864 0.5906, 2.2664 -0.4823 0.5906, 2.2645 -0.4775 0.5906, 2.2638 -0.4724 0.5906, 2.2638 -0.315 0.5906, 2.2784 -0.2959 0.5906, 2.2835 -0.2953 0.5906, 2.4409 -0.2953 0.5906, 2.446 -0.4915 0.5906, 2.4409 -0.4921 0.5906, 2.2835 -0.4921 0.5906, 1.6726 -0.4775 0.5906, 1.6706 -0.4823 0.5906, 1.6675 -0.4864 0.5906, 1.6634 -0.4895 0.5906, 1.6586 -0.2959 0.5906, 1.6634 -0.2979 0.5906, 1.6675 -0.301 0.5906, 1.6706 -0.3051 0.5906, 1.6726 -0.3099 0.5906, 1.6732 -0.315 0.5906, 1.6732 -0.4724 0.5906, 1.491 -0.4915 0.5906, 1.4862 -0.4895 0.5906, 1.1811 -0.6594 0.5906, 1.4821 -0.4864 0.5906, 1.479 -0.4823 0.5906, 1.477 -0.3099 0.5906, 1.479 -0.3051 0.5906, 1.4821 -0.301 0.5906, 1.4862 -0.2979 0.5906, 1.6586 -0.4915 0.5906, 1.6535 -0.4921 0.5906, 1.4961 -0.4921 0.5906, 1.477 -0.4775 0.5906, 1.4764 -0.4724 0.5906, 1.4764 -0.315 0.5906, 1.491 -0.2959 0.5906, 1.4961 -0.2953 0.5906, 1.6535 -0.2953 0.5906, 0.8832 -0.3051 0.5906, 0.8852 -0.3099 0.5906, 0.8858 -0.315 0.5906, 0.8858 -0.4724 0.5906, 0.8852 -0.4775 0.5906, 0.6896 -0.3099 0.5906, 0.6916 -0.3051 0.5906, 0.6947 -0.301 0.5906, 0.6988 -0.2979 0.5906, 0.7036 -0.4915 0.5906, 0.6988 -0.4895 0.5906, 0.3937 -0.6594 0.5906, 0.6947 -0.4864 0.5906, 0.6916 -0.4823 0.5906, 0.8712 -0.2959 0.5906, 0.876 -0.2979 0.5906, 0.8801 -0.301 0.5906, 0.8832 -0.4823 0.5906, 0.8801 -0.4864 0.5906, 0.876 -0.4895 0.5906, 0.6896 -0.4775 0.5906, 0.689 -0.4724 0.5906, 0.689 -0.315 0.5906, 0.8712 -0.4915 0.5906, 0.8661 -0.4921 0.5906, 0.7087 -0.4921 0.5906, 0.7036 -0.2959 0.5906, 0.7087 -0.2953 0.5906, 0.8661 -0.2953 0.5906, 0.0978 -0.4775 0.5906, 0.0958 -0.4823 0.5906, 0.0927 -0.4864 0.5906, 0.0886 -0.4895 0.5906, -0.0838 -0.4915 0.5906, -0.0886 -0.4895 0.5906, -0.3937 -0.6594 0.5906, -0.0927 -0.4864 0.5906, -0.0958 -0.4823 0.5906, 0.0838 -0.4915 0.5906, 0.0787 -0.4921 0.5906, -0.0787 -0.4921 0.5906, 0.0838 -0.2959 0.5906, 0.0886 -0.2979 0.5906, 0.0927 -0.301 0.5906, 0.0958 -0.3051 0.5906, 0.0978 -0.3099 0.5906, 0.0984 -0.315 0.5906, 0.0984 -0.4724 0.5906, -0.0978 -0.3099 0.5906, -0.0958 -0.3051 0.5906, -0.0927 -0.301 0.5906, -0.0886 -0.2979 0.5906, -0.0838 -0.2959 0.5906, -0.0787 -0.2953 0.5906, 0.0787 -0.2953 0.5906, -0.0978 -0.4775 0.5906, -0.0984 -0.4724 0.5906, -0.0984 -0.315 0.5906, -0.6896 -0.4775 0.5906, -0.6916 -0.4823 0.5906, -0.6947 -0.4864 0.5906, -0.6988 -0.4895 0.5906, -0.6916 -0.3051 0.5906, -0.6896 -0.3099 0.5906, -0.689 -0.315 0.5906, -0.689 -0.4724 0.5906, -0.8712 -0.4915 0.5906, -0.876 -0.4895 0.5906, -1.1811 -0.6594 0.5906, -0.8801 -0.4864 0.5906, -0.8832 -0.4823 0.5906, -0.7036 -0.2959 0.5906, -0.6988 -0.2979 0.5906, -0.6947 -0.301 0.5906, -0.7036 -0.4915 0.5906, -0.7087 -0.4921 0.5906, -0.8661 -0.4921 0.5906, -0.8852 -0.4775 0.5906, -0.8858 -0.4724 0.5906, -0.8858 -0.315 0.5906, -0.8852 -0.3099 0.5906, -0.8832 -0.3051 0.5906, -0.8801 -0.301 0.5906, -0.876 -0.2979 0.5906, -0.8712 -0.2959 0.5906, -0.8661 -0.2953 0.5906, -0.7087 -0.2953 0.5906, -1.479 -0.3051 0.5906, -1.477 -0.3099 0.5906, -1.4764 -0.315 0.5906, -1.4764 -0.4724 0.5906, -1.477 -0.4775 0.5906, -1.6726 -0.3099 0.5906, -1.6706 -0.3051 0.5906, -1.6675 -0.301 0.5906, -1.6634 -0.2979 0.5906, -1.479 -0.4823 0.5906, -1.4821 -0.4864 0.5906, -1.4862 -0.4895 0.5906, -1.6586 -0.4915 0.5906, -1.6634 -0.4895 0.5906, -1.9685 -0.6594 0.5906, -1.6675 -0.4864 0.5906, -1.6706 -0.4823 0.5906, -1.491 -0.2959 0.5906, -1.4862 -0.2979 0.5906, -1.4821 -0.301 0.5906, -1.6726 -0.4775 0.5906, -1.6732 -0.4724 0.5906, -1.6732 -0.315 0.5906, -1.491 -0.4915 0.5906, -1.4961 -0.4921 0.5906, -1.6535 -0.4921 0.5906, -1.6586 -0.2959 0.5906, -1.6535 -0.2953 0.5906, -1.4961 -0.2953 0.5906, -2.2784 -0.2959 0.5906, -2.2736 -0.2979 0.5906, -2.2695 -0.301 0.5906, -2.2664 -0.3051 0.5906, -2.2645 -0.4775 0.5906, -2.2664 -0.4823 0.5906, -2.2695 -0.4864 0.5906, -2.2736 -0.4895 0.5906, -2.2645 -0.3099 0.5906, -2.2638 -0.315 0.5906, -2.2638 -0.4724 0.5906, -2.46 -0.3099 0.5906, -2.458 -0.3051 0.5906, -2.4549 -0.301 0.5906, -2.4508 -0.2979 0.5906, -2.446 -0.4915 0.5906, -2.4508 -0.4895 0.5906, -2.7559 -0.6594 0.5906, -2.4549 -0.4864 0.5906, -2.458 -0.4823 0.5906, -2.46 -0.4775 0.5906, -2.4606 -0.4724 0.5906, -2.4606 -0.315 0.5906, -2.446 -0.2959 0.5906, -2.4409 -0.2953 0.5906, -2.2835 -0.2953 0.5906, -2.2784 -0.4915 0.5906, -2.2835 -0.4921 0.5906, -2.4409 -0.4921 0.5906, -3.2334 -0.4915 0.5906, -3.2382 -0.4895 0.5906, -3.4744 -0.6594 0.5906, -3.2423 -0.4864 0.5906, -3.2454 -0.4823 0.5906, -3.0519 -0.4775 0.5906, -3.0538 -0.4823 0.5906, -3.0569 -0.4864 0.5906, -3.061 -0.4895 0.5906, -3.2474 -0.3099 0.5906, -3.2454 -0.3051 0.5906, -3.2423 -0.301 0.5906, -3.2382 -0.2979 0.5906, -3.0658 -0.2959 0.5906, -3.061 -0.2979 0.5906, -3.0569 -0.301 0.5906, -3.0538 -0.3051 0.5906, -3.0519 -0.3099 0.5906, -3.0512 -0.315 0.5906, -3.0512 -0.4724 0.5906, -3.2474 -0.4775 0.5906, -3.248 -0.4724 0.5906, -3.248 -0.315 0.5906, -3.0658 -0.4915 0.5906, -3.0709 -0.4921 0.5906, -3.2283 -0.4921 0.5906, -3.2334 -0.2959 0.5906, -3.2283 -0.2953 0.5906, -3.0709 -0.2953 0.5906, 2.7559 -0.8268 0.5906, 1.9685 -0.8268 0.5906, 1.1811 -0.8268 0.5906, 0.3937 -0.8268 0.5906, -0.3937 -0.8268 0.5906, -1.1811 -0.8268 0.5906, -1.9685 -0.8268 0.5906, -2.7559 -0.8268 0.5906, -3.3465 -0.8268 0.5906, -3.4744 -0.8268 0.5906, -3.7008 0.8268 0.5906, -3.7008 -0.0 0.5906, -3.7008 -0.6594 0.5906, -3.7008 -0.8268 0.5906, 3.2334 -0.4915 0.0787, 3.2382 -0.4895 0.0787, 3.3169 -0.689 0.0787, 3.2423 -0.4864 0.0787, 3.2454 -0.4823 0.0787, 3.2474 -0.4775 0.0787, 3.2454 0.3051 0.0787, 3.2454 -0.3051 0.0787, 3.2423 0.301 0.0787, 3.2382 0.2979 0.0787, 2.9823 0.9843 0.0787, 3.0569 -0.301 0.0787, 3.0538 -0.3051 0.0787, 3.0658 0.4915 0.0787, 3.061 0.4895 0.0787, 3.0569 0.4864 0.0787, 3.0538 0.4823 0.0787, 3.0519 0.4775 0.0787, 3.0519 -0.4775 0.0787, 3.0538 -0.4823 0.0787, 2.9823 -0.689 0.0787, 3.0569 -0.4864 0.0787, 3.061 -0.4895 0.0787, 3.0538 0.3051 0.0787, 3.0569 0.301 0.0787, 3.2475 0.4768 0.0787, 3.2461 0.481 0.0787, 3.3169 0.9843 0.0787, 3.0519 -0.3099 0.0787, 3.0512 -0.315 0.0787, 3.0512 -0.4724 0.0787, 3.248 -0.4724 0.0787, 3.248 -0.315 0.0787, 3.2474 -0.3099 0.0787, 3.061 0.2979 0.0787, 3.0658 0.2959 0.0787, 3.061 -0.2979 0.0787, 3.2474 0.3099 0.0787, 3.248 0.315 0.0787, 3.248 0.4724 0.0787, 3.0512 0.4724 0.0787, 3.0512 0.315 0.0787, 3.0519 0.3099 0.0787, 3.2437 0.4847 0.0787, 3.2406 0.4878 0.0787, 3.2369 0.4902 0.0787, 3.0658 -0.4915 0.0787, 3.0709 -0.4921 0.0787, 3.2283 -0.4921 0.0787, 3.2327 0.4916 0.0787, 3.2283 0.4921 0.0787, 3.0709 0.4921 0.0787, 3.2423 -0.301 0.0787, 3.2382 -0.2979 0.0787, 3.2334 0.2959 0.0787, 3.2334 -0.2959 0.0787, 3.2283 0.2953 0.0787, 3.2283 -0.2953 0.0787, 3.0709 0.2953 0.0787, 3.0709 -0.2953 0.0787, 3.0658 -0.2959 0.0787, -3.937 -0.689 0.0, -3.937 -0.5906 0.0, -2.7559 -0.5906 0.0, -3.248 0.315 0.0, -3.937 -0.0 0.0, -3.248 0.4724 0.0, -3.937 0.9843 0.0, -3.2474 0.4775 0.0, -3.2474 0.3099 0.0, -3.2454 0.3051 0.0, -3.2423 0.301 0.0, -2.7559 0.9843 0.0, -3.0519 0.4775 0.0, -3.0538 0.4823 0.0, -3.2382 0.4895 0.0, -3.2423 0.4864 0.0, -3.2454 0.4823 0.0, -2.7559 -0.0 0.0, -3.0569 0.301 0.0, -3.0538 0.3051 0.0, -3.0709 0.2953 0.0, -3.0658 0.2959 0.0, -3.061 0.2979 0.0, -3.0569 0.4864 0.0, -3.061 0.4895 0.0, -3.0658 0.4915 0.0, -3.2382 0.2979 0.0, -3.2334 0.2959 0.0, -3.2283 0.2953 0.0, -3.0519 0.3099 0.0, -3.0512 0.315 0.0, -3.0512 0.4724 0.0, -3.0709 0.4921 0.0, -3.2283 0.4921 0.0, -3.2334 0.4915 0.0, -2.46 0.3099 0.0, -2.458 0.3051 0.0, -2.4549 0.301 0.0, -2.4508 0.2979 0.0, -2.2645 0.4775 0.0, -2.2664 0.4823 0.0, -1.9685 0.9843 0.0, -2.2695 0.4864 0.0, -2.2736 0.4895 0.0, -2.446 0.4915 0.0, -2.4508 0.4895 0.0, -2.4549 0.4864 0.0, -2.458 0.4823 0.0, -2.46 0.4775 0.0, -2.4606 0.4724 0.0, -2.4606 0.315 0.0, -2.2784 0.2959 0.0, -2.2736 0.2979 0.0, -1.9685 -0.0 0.0, -2.2695 0.301 0.0, -2.2664 0.3051 0.0, -2.2645 0.3099 0.0, -2.2638 0.315 0.0, -2.2638 0.4724 0.0, -2.2784 0.4915 0.0, -2.2835 0.4921 0.0, -2.4409 0.4921 0.0, -2.446 0.2959 0.0, -2.4409 0.2953 0.0, -2.2835 0.2953 0.0, -1.4862 0.2979 0.0, -1.4821 0.301 0.0, -1.1811 -0.0 0.0, -1.6706 0.4823 0.0, -1.6726 0.4775 0.0, -1.6732 0.4724 0.0, -1.6732 0.315 0.0, -1.6726 0.3099 0.0, -1.491 0.2959 0.0, -1.6706 0.3051 0.0, -1.6675 0.301 0.0, -1.6634 0.2979 0.0, -1.479 0.3051 0.0, -1.477 0.3099 0.0, -1.4764 0.315 0.0, -1.479 0.4823 0.0, -1.4821 0.4864 0.0, -1.1811 0.9843 0.0, -1.4862 0.4895 0.0, -1.6586 0.4915 0.0, -1.6634 0.4895 0.0, -1.6675 0.4864 0.0, -1.4764 0.4724 0.0, -1.477 0.4775 0.0, -1.491 0.4915 0.0, -1.4961 0.4921 0.0, -1.6535 0.4921 0.0, -1.6586 0.2959 0.0, -1.6535 0.2953 0.0, -1.4961 0.2953 0.0, -0.8858 0.315 0.0, -0.8852 0.3099 0.0, -0.8858 0.4724 0.0, -0.6896 0.4775 0.0, -0.6916 0.4823 0.0, -0.3937 0.9843 0.0, -0.6947 0.4864 0.0, -0.6988 0.4895 0.0, -0.7036 0.2959 0.0, -0.6988 0.2979 0.0, -0.3937 -0.0 0.0, -0.6947 0.301 0.0, -0.6916 0.3051 0.0, -0.8801 0.4864 0.0, -0.876 0.4895 0.0, -0.8712 0.4915 0.0, -0.8832 0.4823 0.0, -0.8852 0.4775 0.0, -0.6896 0.3099 0.0, -0.689 0.315 0.0, -0.689 0.4724 0.0, -0.7036 0.4915 0.0, -0.7087 0.4921 0.0, -0.8661 0.4921 0.0, -0.8832 0.3051 0.0, -0.8801 0.301 0.0, -0.876 0.2979 0.0, -0.8712 0.2959 0.0, -0.8661 0.2953 0.0, -0.7087 0.2953 0.0, -0.0838 0.4915 0.0, -0.0886 0.4895 0.0, -0.0927 0.4864 0.0, -0.0958 0.4823 0.0, -0.0978 0.3099 0.0, -0.0958 0.3051 0.0, -0.0927 0.301 0.0, -0.0886 0.2979 0.0, 0.0978 0.4775 0.0, 0.0958 0.4823 0.0, 0.3937 0.9843 0.0, 0.0927 0.4864 0.0, 0.0886 0.4895 0.0, 0.0838 0.4915 0.0, 0.0787 0.4921 0.0, -0.0787 0.4921 0.0, -0.0978 0.4775 0.0, -0.0984 0.4724 0.0, -0.0984 0.315 0.0, 0.0838 0.2959 0.0, 0.0886 0.2979 0.0, 0.3937 -0.0 0.0, 0.0927 0.301 0.0, 0.0958 0.3051 0.0, -0.0838 0.2959 0.0, -0.0787 0.2953 0.0, 0.0787 0.2953 0.0, 0.0978 0.3099 0.0, 0.0984 0.315 0.0, 0.0984 0.4724 0.0, 0.876 0.2979 0.0, 0.8801 0.301 0.0, 1.1811 -0.0 0.0, 0.8712 0.2959 0.0, 0.6896 0.3099 0.0, 0.6916 0.3051 0.0, 0.6947 0.301 0.0, 0.6988 0.2979 0.0, 0.8832 0.3051 0.0, 0.8852 0.3099 0.0, 0.8858 0.315 0.0, 0.8832 0.4823 0.0, 0.8801 0.4864 0.0, 1.1811 0.9843 0.0, 0.876 0.4895 0.0, 0.7036 0.4915 0.0, 0.6988 0.4895 0.0, 0.6947 0.4864 0.0, 0.6916 0.4823 0.0, 0.6896 0.4775 0.0, 0.689 0.4724 0.0, 0.689 0.315 0.0, 0.8858 0.4724 0.0, 0.8852 0.4775 0.0, 0.8712 0.4915 0.0, 0.8661 0.4921 0.0, 0.7087 0.4921 0.0, 0.7036 0.2959 0.0, 0.7087 0.2953 0.0, 0.8661 0.2953 0.0, 1.6634 0.2979 0.0, 1.6675 0.301 0.0, 1.9685 -0.0 0.0, 1.4764 0.315 0.0, 1.477 0.3099 0.0, 1.6586 0.2959 0.0, 1.4764 0.4724 0.0, 1.6706 0.3051 0.0, 1.6726 0.3099 0.0, 1.6732 0.315 0.0, 1.6706 0.4823 0.0, 1.6675 0.4864 0.0, 1.9685 0.9843 0.0, 1.6634 0.4895 0.0, 1.479 0.3051 0.0, 1.4821 0.301 0.0, 1.4862 0.2979 0.0, 1.4821 0.4864 0.0, 1.4862 0.4895 0.0, 1.491 0.4915 0.0, 1.479 0.4823 0.0, 1.477 0.4775 0.0, 1.6732 0.4724 0.0, 1.6726 0.4775 0.0, 1.491 0.2959 0.0, 1.4961 0.2953 0.0, 1.6535 0.2953 0.0, 1.6586 0.4915 0.0, 1.6535 0.4921 0.0, 1.4961 0.4921 0.0, 2.2638 0.315 0.0, 2.2645 0.3099 0.0, 2.2736 0.4895 0.0, 2.2695 0.4864 0.0, 2.2664 0.3051 0.0, 2.2695 0.301 0.0, 2.2736 0.2979 0.0, 2.46 0.4775 0.0, 2.458 0.4823 0.0, 2.6821 0.9843 0.0, 2.4549 0.4864 0.0, 2.4508 0.4895 0.0, 2.2638 0.4724 0.0, 2.446 0.2959 0.0, 2.4508 0.2979 0.0, 2.6821 -0.0 0.0, 2.4549 0.301 0.0, 2.458 0.3051 0.0, 2.2784 0.4915 0.0, 2.2664 0.4823 0.0, 2.2645 0.4775 0.0, 2.46 0.3099 0.0, 2.4606 0.315 0.0, 2.4606 0.4724 0.0, 2.2784 0.2959 0.0, 2.2835 0.2953 0.0, 2.4409 0.2953 0.0, 2.446 0.4915 0.0, 2.4409 0.4921 0.0, 2.2835 0.4921 0.0, -3.248 -0.4724 0.0, -3.248 -0.315 0.0, -3.2474 -0.3099 0.0, -3.2474 -0.4775 0.0, -3.2454 -0.4823 0.0, -3.2423 -0.4864 0.0, -3.2382 -0.2979 0.0, -3.2423 -0.301 0.0, -3.2454 -0.3051 0.0, -3.0519 -0.3099 0.0, -3.0538 -0.3051 0.0, -3.0569 -0.301 0.0, -3.061 -0.2979 0.0, -3.0658 -0.2959 0.0, -3.0569 -0.4864 0.0, -3.0538 -0.4823 0.0, -3.0709 -0.4921 0.0, -3.0658 -0.4915 0.0, -3.061 -0.4895 0.0, -3.0709 -0.2953 0.0, -3.2283 -0.2953 0.0, -3.2334 -0.2959 0.0, -3.2382 -0.4895 0.0, -3.2334 -0.4915 0.0, -3.2283 -0.4921 0.0, -3.0519 -0.4775 0.0, -3.0512 -0.4724 0.0, -3.0512 -0.315 0.0, -2.46 -0.4775 0.0, -2.458 -0.4823 0.0, -2.4549 -0.4864 0.0, -2.4508 -0.4895 0.0, -2.446 -0.2959 0.0, -2.4508 -0.2979 0.0, -2.4549 -0.301 0.0, -2.458 -0.3051 0.0, -2.46 -0.3099 0.0, -2.4606 -0.315 0.0, -2.4606 -0.4724 0.0, -2.2645 -0.3099 0.0, -2.2664 -0.3051 0.0, -2.2695 -0.301 0.0, -2.2736 -0.2979 0.0, -2.2784 -0.4915 0.0, -2.2736 -0.4895 0.0, -1.9685 -0.5906 0.0, -2.2695 -0.4864 0.0, -2.2664 -0.4823 0.0, -2.2645 -0.4775 0.0, -2.2638 -0.4724 0.0, -2.2638 -0.315 0.0, -2.2784 -0.2959 0.0, -2.2835 -0.2953 0.0, -2.4409 -0.2953 0.0, -2.446 -0.4915 0.0, -2.4409 -0.4921 0.0, -2.2835 -0.4921 0.0, -1.4821 -0.4864 0.0, -1.479 -0.4823 0.0, -1.1811 -0.5906 0.0, -1.6726 -0.4775 0.0, -1.6706 -0.4823 0.0, -1.4862 -0.4895 0.0, -1.6586 -0.2959 0.0, -1.6634 -0.2979 0.0, -1.6675 -0.301 0.0, -1.6706 -0.3051 0.0, -1.6726 -0.3099 0.0, -1.6732 -0.315 0.0, -1.6732 -0.4724 0.0, -1.6675 -0.4864 0.0, -1.6634 -0.4895 0.0, -1.6586 -0.4915 0.0, -1.477 -0.3099 0.0, -1.479 -0.3051 0.0, -1.4821 -0.301 0.0, -1.4862 -0.2979 0.0, -1.6535 -0.4921 0.0, -1.4961 -0.4921 0.0, -1.491 -0.4915 0.0, -1.477 -0.4775 0.0, -1.4764 -0.4724 0.0, -1.4764 -0.315 0.0, -1.491 -0.2959 0.0, -1.4961 -0.2953 0.0, -1.6535 -0.2953 0.0, -0.8832 -0.3051 0.0, -0.8852 -0.3099 0.0, -0.8858 -0.315 0.0, -0.8858 -0.4724 0.0, -0.8852 -0.4775 0.0, -0.7036 -0.4915 0.0, -0.6988 -0.4895 0.0, -0.3937 -0.5906 0.0, -0.6947 -0.4864 0.0, -0.6916 -0.4823 0.0, -0.6896 -0.3099 0.0, -0.6916 -0.3051 0.0, -0.6947 -0.301 0.0, -0.6988 -0.2979 0.0, -0.8712 -0.2959 0.0, -0.876 -0.2979 0.0, -0.8801 -0.301 0.0, -0.8832 -0.4823 0.0, -0.8801 -0.4864 0.0, -0.876 -0.4895 0.0, -0.6896 -0.4775 0.0, -0.689 -0.4724 0.0, -0.689 -0.315 0.0, -0.8712 -0.4915 0.0, -0.8661 -0.4921 0.0, -0.7087 -0.4921 0.0, -0.7036 -0.2959 0.0, -0.7087 -0.2953 0.0, -0.8661 -0.2953 0.0, -0.0978 -0.4775 0.0, -0.0958 -0.4823 0.0, -0.0927 -0.4864 0.0, -0.0886 -0.4895 0.0, -0.0838 -0.4915 0.0, -0.0787 -0.4921 0.0, 0.3937 -0.5906 0.0, 0.0787 -0.4921 0.0, 0.0838 -0.4915 0.0, 0.0886 -0.4895 0.0, 0.0927 -0.4864 0.0, 0.0958 -0.4823 0.0, -0.0958 -0.3051 0.0, -0.0978 -0.3099 0.0, -0.0984 -0.315 0.0, -0.0984 -0.4724 0.0, 0.0978 -0.3099 0.0, 0.0958 -0.3051 0.0, 0.0927 -0.301 0.0, 0.0886 -0.2979 0.0, -0.0838 -0.2959 0.0, -0.0886 -0.2979 0.0, -0.0927 -0.301 0.0, 0.0838 -0.2959 0.0, 0.0787 -0.2953 0.0, -0.0787 -0.2953 0.0, 0.0978 -0.4775 0.0, 0.0984 -0.4724 0.0, 0.0984 -0.315 0.0, 0.6916 -0.3051 0.0, 0.6896 -0.3099 0.0, 0.689 -0.315 0.0, 0.689 -0.4724 0.0, 0.6896 -0.4775 0.0, 0.6916 -0.4823 0.0, 0.6947 -0.4864 0.0, 0.6988 -0.4895 0.0, 0.8712 -0.4915 0.0, 0.876 -0.4895 0.0, 1.1811 -0.5906 0.0, 0.8801 -0.4864 0.0, 0.8832 -0.4823 0.0, 0.7036 -0.2959 0.0, 0.6988 -0.2979 0.0, 0.6947 -0.301 0.0, 0.7036 -0.4915 0.0, 0.7087 -0.4921 0.0, 0.8661 -0.4921 0.0, 0.8852 -0.4775 0.0, 0.8858 -0.4724 0.0, 0.8858 -0.315 0.0, 0.8852 -0.3099 0.0, 0.8832 -0.3051 0.0, 0.8801 -0.301 0.0, 0.876 -0.2979 0.0, 0.8712 -0.2959 0.0, 0.8661 -0.2953 0.0, 0.7087 -0.2953 0.0, 1.479 -0.3051 0.0, 1.477 -0.3099 0.0, 1.4764 -0.315 0.0, 1.4764 -0.4724 0.0, 1.477 -0.4775 0.0, 1.6726 -0.3099 0.0, 1.6706 -0.3051 0.0, 1.6675 -0.301 0.0, 1.6634 -0.2979 0.0, 1.479 -0.4823 0.0, 1.4821 -0.4864 0.0, 1.4862 -0.4895 0.0, 1.6586 -0.4915 0.0, 1.6634 -0.4895 0.0, 1.9685 -0.5906 0.0, 1.6675 -0.4864 0.0, 1.6706 -0.4823 0.0, 1.491 -0.2959 0.0, 1.4862 -0.2979 0.0, 1.4821 -0.301 0.0, 1.6726 -0.4775 0.0, 1.6732 -0.4724 0.0, 1.6732 -0.315 0.0, 1.491 -0.4915 0.0, 1.4961 -0.4921 0.0, 1.6535 -0.4921 0.0, 1.6586 -0.2959 0.0, 1.6535 -0.2953 0.0, 1.4961 -0.2953 0.0, 2.2645 -0.4775 0.0, 2.2664 -0.4823 0.0, 2.2695 -0.4864 0.0, 2.2736 -0.4895 0.0, 2.2784 -0.2959 0.0, 2.2736 -0.2979 0.0, 2.2695 -0.301 0.0, 2.2664 -0.3051 0.0, 2.2645 -0.3099 0.0, 2.2638 -0.315 0.0, 2.2638 -0.4724 0.0, 2.46 -0.3099 0.0, 2.458 -0.3051 0.0, 2.4549 -0.301 0.0, 2.4508 -0.2979 0.0, 2.446 -0.4915 0.0, 2.4508 -0.4895 0.0, 2.6821 -0.5906 0.0, 2.4549 -0.4864 0.0, 2.458 -0.4823 0.0, 2.46 -0.4775 0.0, 2.4606 -0.4724 0.0, 2.4606 -0.315 0.0, 2.446 -0.2959 0.0, 2.4409 -0.2953 0.0, 2.2835 -0.2953 0.0, 2.2784 -0.4915 0.0, 2.2835 -0.4921 0.0, 2.4409 -0.4921 0.0, 2.9035 0.9843 0.0, 2.9035 -0.0 0.0, 2.9035 -0.5906 0.0, -2.7559 -0.689 0.0, -1.9685 -0.689 0.0, -1.1811 -0.689 0.0, -0.3937 -0.689 0.0, 0.3937 -0.689 0.0, 1.1811 -0.689 0.0, 1.9685 -0.689 0.0, 2.6821 -0.689 0.0, 2.9035 -0.689 0.0, 3.3957 -0.689 0.0, 3.3957 0.9843 0.0, 3.6909 -0.689 0.0, 3.6909 0.9843 0.0, -3.6614 0.8268 2.5591, -3.6614 0.9843 2.5591, -3.7795 0.8268 2.5591, -3.937 0.9843 2.5591, -3.7795 0.374 2.5591, -3.937 0.374 2.5591, -3.0709 -0.8268 1.9488, -3.4252 -0.8268 1.9488, -3.0709 -0.9843 1.9488, -3.4252 -0.9843 1.9488, 3.4252 -0.8268 1.9488, 3.0709 -0.8268 1.9488, 3.4252 -0.9843 1.9488, 3.0709 -0.9843 1.9488, -3.7795 0.0197 2.5591, -3.937 0.0197 2.5591, -3.7795 -0.8268 2.5591, -3.937 -0.9843 2.5591, -3.6614 -0.8268 2.5591, -3.6614 -0.9843 2.5591, -3.937 0.0197 1.378, -3.7008 0.0197 1.378, -3.937 0.0257 1.3321, -3.7008 0.0257 1.3321, -3.937 0.0434 1.2894, -3.7008 0.0434 1.2894, -3.937 0.0716 1.2527, -3.7008 0.0716 1.2527, -3.937 0.1083 1.2245, -3.7008 0.1083 1.2245, -3.937 0.151 1.2068, -3.7008 0.151 1.2068, -3.937 0.1969 1.2008, -3.7008 0.1969 1.2008, -3.937 0.2427 1.2068, -3.7008 0.2427 1.2068, -3.937 0.2854 1.2245, -3.7008 0.2854 1.2245, -3.937 0.3221 1.2527, -3.7008 0.3221 1.2527, -3.937 0.3503 1.2894, -3.7008 0.3503 1.2894, -3.937 0.368 1.3321, -3.7008 0.368 1.3321, -3.937 0.374 1.378, -3.7008 0.374 1.378, -3.7008 0.374 2.4803, -3.7008 0.0197 2.4803, 3.7795 0.374 2.5591, 3.937 0.374 2.5591, 3.7795 0.8268 2.5591, 3.937 0.9843 2.5591, 3.6614 0.8268 2.5591, 3.6614 0.9843 2.5591, 3.937 0.368 1.3321, 3.937 0.3503 1.2894, 3.937 0.9843 0.0787, 3.937 0.3221 1.2527, 3.937 0.2854 1.2245, 3.937 0.0716 1.2527, 3.937 0.0434 1.2894, 3.937 0.0197 2.5591, 3.937 -0.9843 2.5591, 3.937 0.0197 1.378, 3.937 0.0257 1.3321, 3.937 0.374 1.378, 3.937 0.2427 1.2068, 3.937 0.1969 1.2008, 3.937 -0.689 0.0787, 3.937 0.151 1.2068, 3.937 0.1083 1.2245, 3.7697 0.9843 0.0787, 3.5433 0.9843 2.4409, -3.5393 0.9843 1.8986, -3.5275 0.9843 1.8701, -3.5087 0.9843 1.8456, -3.4843 0.9843 1.8268, 3.5175 0.9843 1.8555, 3.4988 0.9843 1.8368, 3.4764 0.9843 1.8227, 3.5316 0.9843 1.8779, 3.5403 0.9843 1.9029, 3.5433 0.9843 1.9291, -3.5433 0.9843 1.9291, -3.5433 0.9843 2.4409, -3.5473 0.9843 2.4715, 3.4252 0.9843 1.811, 3.4515 0.9843 1.814, -3.6024 0.9843 2.5432, -3.5779 0.9843 2.5245, -3.5591 0.9843 2.5, 3.5463 0.9843 2.4672, 3.555 0.9843 2.4922, 3.5691 0.9843 2.5146, 3.5878 0.9843 2.5333, 3.6102 0.9843 2.5474, 3.6351 0.9843 2.5561, -3.6308 0.9843 2.555, -3.4252 0.9843 1.811, -3.4558 0.9843 1.8151, 2.9487 -0.9843 0.6978, 2.9369 -0.9843 0.6693, 3.5087 -0.9843 1.9834, 3.4843 -0.9843 1.9646, 3.6968 -0.9843 1.4085, 3.7008 -0.9843 1.378, 2.9528 -0.9843 0.7283, 3.5473 -0.9843 2.4715, 3.5433 -0.9843 2.4409, 3.6614 -0.9843 2.5591, 3.5275 -0.9843 2.0079, -3.3465 -0.9843 1.378, -2.9369 -0.9843 0.6693, 3.3465 -0.9843 1.378, 3.3505 -0.9843 1.4085, 2.9528 -0.9843 1.8307, 3.3623 -0.9843 1.437, 2.9568 -0.9843 1.8613, 3.3811 -0.9843 1.4615, 2.9686 -0.9843 1.8898, 2.9873 -0.9843 1.9142, 3.5433 -0.9843 2.0669, 3.5393 -0.9843 2.0364, 2.9182 -0.9843 0.6448, 2.8937 -0.9843 0.6261, 2.8652 -0.9843 0.6143, 3.6024 -0.9843 2.5432, 3.5779 -0.9843 2.5245, 3.5591 -0.9843 2.5, 3.4055 -0.9843 1.4802, 3.0403 -0.9843 1.9448, 3.0118 -0.9843 1.933, 3.6417 -0.9843 1.4802, 3.6662 -0.9843 1.4615, 3.685 -0.9843 1.437, -3.6968 -0.9843 1.4085, -3.7008 -0.9843 1.378, 3.6308 -0.9843 2.555, 2.8346 -0.9843 0.6102, 2.6772 -0.9843 0.6102, 2.6466 -0.9843 0.6143, 2.6181 -0.9843 0.6261, 3.434 -0.9843 1.492, 3.4646 -0.9843 1.4961, 3.4558 -0.9843 1.9528, 3.5827 -0.9843 1.4961, 3.6132 -0.9843 1.492, -3.5275 -0.9843 2.0079, -3.5087 -0.9843 1.9834, -3.685 -0.9843 1.437, -3.6662 -0.9843 1.4615, -3.6417 -0.9843 1.4802, -3.6132 -0.9843 1.492, -3.4843 -0.9843 1.9646, 2.5936 -0.9843 0.6448, 2.5749 -0.9843 0.6693, 2.5631 -0.9843 0.6978, -2.6181 -0.9843 0.6261, -2.5936 -0.9843 0.6448, -2.5749 -0.9843 0.6693, -3.3505 -0.9843 1.4085, -2.9487 -0.9843 0.6978, -3.3623 -0.9843 1.437, -2.8652 -0.9843 0.6143, -2.8937 -0.9843 0.6261, -2.9182 -0.9843 0.6448, -3.5393 -0.9843 2.0364, -3.5433 -0.9843 2.0669, -3.5433 -0.9843 2.4409, -3.5473 -0.9843 2.4715, -3.5591 -0.9843 2.5, -2.6466 -0.9843 0.6143, -2.6772 -0.9843 0.6102, -2.8346 -0.9843 0.6102, -3.5779 -0.9843 2.5245, -3.6024 -0.9843 2.5432, -3.6308 -0.9843 2.555, -3.4558 -0.9843 1.9528, -3.5827 -0.9843 1.4961, -3.3811 -0.9843 1.4615, -2.9686 -0.9843 1.8898, -2.9873 -0.9843 1.9142, -2.9528 -0.9843 0.7283, -2.9528 -0.9843 1.8307, -2.9568 -0.9843 1.8613, -3.4646 -0.9843 1.4961, -3.434 -0.9843 1.492, -3.4055 -0.9843 1.4802, -3.0403 -0.9843 1.9448, -3.0118 -0.9843 1.933, -2.5591 -0.9843 1.6929, -2.5591 -0.9843 0.7283, -2.5631 -0.9843 0.6978, 2.4715 -0.9843 1.807, 2.4409 -0.9843 1.811, 2.5591 -0.9843 1.6929, 2.555 -0.9843 1.7235, 2.5432 -0.9843 1.752, 2.5245 -0.9843 1.7764, 2.5591 -0.9843 0.7283, -2.4409 -0.9843 1.811, 2.5 -0.9843 1.7952, -2.5 -0.9843 1.7952, -2.5245 -0.9843 1.7764, -2.5432 -0.9843 1.752, -2.4715 -0.9843 1.807, -2.555 -0.9843 1.7235, 3.6614 -0.8268 2.5591, 3.7795 -0.8268 2.5591, 3.7795 0.0197 2.5591, 3.7697 -0.689 0.0787, 3.7008 0.0197 1.378, 3.7008 0.0257 1.3321, 3.7008 0.0434 1.2894, 3.7008 0.0716 1.2527, 3.7008 0.1083 1.2245, 3.7008 0.151 1.2068, 3.7008 0.1969 1.2008, 3.7008 0.2427 1.2068, 3.7008 0.2854 1.2245, 3.7008 0.3221 1.2527, 3.7008 0.3503 1.2894, 3.7008 0.368 1.3321, 3.7008 0.374 1.378, 3.7008 0.374 2.4803, 3.7008 0.0197 2.4803, -3.7008 0.8268 2.4803, -3.7008 -0.8268 1.378, -3.7008 -0.8268 2.4803, 3.7008 -0.8268 1.378, 3.7008 -0.8268 2.4803, 3.7008 0.8268 2.4803, 3.6308 0.8268 2.555, -3.6024 0.8268 2.5432, -3.6308 0.8268 2.555, 3.5393 0.8268 1.8986, 3.5433 0.8268 1.9291, 3.5275 0.8268 1.8701, 3.5087 0.8268 1.8456, 3.4843 0.8268 1.8268, 3.6024 0.8268 2.5432, 3.5779 0.8268 2.5245, 3.5591 0.8268 2.5, -3.4252 0.8268 1.811, -3.4558 0.8268 1.8151, -3.5275 0.8268 1.8701, -3.5393 0.8268 1.8986, -3.5433 0.8268 1.9291, -3.5433 0.8268 2.4409, -3.5473 0.8268 2.4715, 3.5473 0.8268 2.4715, 3.5433 0.8268 2.4409, -3.5591 0.8268 2.5, -3.5779 0.8268 2.5245, -3.4843 0.8268 1.8268, -3.5087 0.8268 1.8456, 3.4252 0.8268 1.811, 3.4558 0.8268 1.8151, 3.6024 -0.8268 2.5432, 3.6308 -0.8268 2.555, -3.6308 -0.8268 2.555, -3.6024 -0.8268 2.5432, -3.5779 -0.8268 2.5245, -2.5749 -0.8268 0.6693, -2.5936 -0.8268 0.6448, -2.6181 -0.8268 0.6261, 3.685 -0.8268 1.437, 3.6662 -0.8268 1.4615, 3.5393 -0.8268 2.0364, 3.6968 -0.8268 1.4085, 3.5473 -0.8268 2.4715, 3.5591 -0.8268 2.5, 3.5779 -0.8268 2.5245, -3.6662 -0.8268 1.4615, -3.685 -0.8268 1.437, -3.6968 -0.8268 1.4085, -2.9487 -0.8268 0.6978, -2.9369 -0.8268 0.6693, -2.9182 -0.8268 0.6448, -2.8937 -0.8268 0.6261, 3.5433 -0.8268 2.0669, 3.5433 -0.8268 2.4409, -3.5433 -0.8268 2.4409, -3.5433 -0.8268 2.0669, 3.4843 -0.8268 1.9646, 3.5087 -0.8268 1.9834, 3.6132 -0.8268 1.492, 3.3811 -0.8268 1.4615, 2.9686 -0.8268 1.8898, 2.9873 -0.8268 1.9142, 2.9369 -0.8268 0.6693, 2.9487 -0.8268 0.6978, 3.3505 -0.8268 1.4085, 3.3623 -0.8268 1.437, 2.5591 -0.8268 0.7283, 2.5749 -0.8268 0.6693, 2.5936 -0.8268 0.6448, 2.6181 -0.8268 0.6261, -3.3465 -0.8268 1.378, -2.9528 -0.8268 1.8307, -2.9528 -0.8268 0.7283, -3.6417 -0.8268 1.4802, -3.5393 -0.8268 2.0364, -2.8652 -0.8268 0.6143, -2.8346 -0.8268 0.6102, -2.6772 -0.8268 0.6102, -2.6466 -0.8268 0.6143, 3.6417 -0.8268 1.4802, 3.5275 -0.8268 2.0079, 2.8937 -0.8268 0.6261, 2.9182 -0.8268 0.6448, 3.3465 -0.8268 1.378, -3.3505 -0.8268 1.4085, -3.3623 -0.8268 1.437, -2.9568 -0.8268 1.8613, -3.3811 -0.8268 1.4615, -3.5275 -0.8268 2.0079, -3.5087 -0.8268 1.9834, -3.4843 -0.8268 1.9646, 2.9528 -0.8268 0.7283, 2.9528 -0.8268 1.8307, 2.9568 -0.8268 1.8613, 2.6466 -0.8268 0.6143, 2.6772 -0.8268 0.6102, 2.8346 -0.8268 0.6102, 2.8652 -0.8268 0.6143, -3.5591 -0.8268 2.5, -3.5473 -0.8268 2.4715, -3.4055 -0.8268 1.4802, -3.0403 -0.8268 1.9448, 2.5631 -0.8268 0.6978, -3.0118 -0.8268 1.933, -2.9873 -0.8268 1.9142, -2.9686 -0.8268 1.8898, -3.434 -0.8268 1.492, -3.4646 -0.8268 1.4961, -3.4558 -0.8268 1.9528, -3.5827 -0.8268 1.4961, -3.6132 -0.8268 1.492, 3.4558 -0.8268 1.9528, 3.5827 -0.8268 1.4961, -2.5631 -0.8268 0.6978, -2.5591 -0.8268 0.7283, 3.0118 -0.8268 1.933, 3.0403 -0.8268 1.9448, 3.4055 -0.8268 1.4802, 3.434 -0.8268 1.492, 3.4646 -0.8268 1.4961, -2.5591 -0.8268 1.6929, -2.555 -0.8268 1.7235, 2.4715 -0.8268 1.807, 2.5 -0.8268 1.7952, 2.5245 -0.8268 1.7764, 2.5432 -0.8268 1.752, 2.555 -0.8268 1.7235, 2.5591 -0.8268 1.6929, -2.5432 -0.8268 1.752, -2.5245 -0.8268 1.7764, -2.5 -0.8268 1.7952, -2.4715 -0.8268 1.807, -2.4409 -0.8268 1.811, 2.4409 -0.8268 1.811, 3.5393 0.9843 1.8986, 3.5275 0.9843 1.8701, 3.5087 0.9843 1.8456, 3.4843 0.9843 1.8268, 3.4558 0.9843 1.8151, 3.5473 0.9843 2.4715, 3.5591 0.9843 2.5, 3.5779 0.9843 2.5245, 3.6024 0.9843 2.5432, 3.6308 0.9843 2.555
            ]
        }
        coordIndex [
            0,1,2,-1,3,4,5,-1,6,7,8,-1,9,10,11,-1,12,13,7,-1,7,13,14,-1,7,14,15,-1,16,17,18,-1,11,6,9,-1,9,6,8,-1,9,8,19,-1,19,8,20,-1,19,20,21,-1,21,20,22,-1,18,17,23,-1,23,17,24,-1,23,24,25,-1,25,26,23,-1,23,26,27,-1,23,27,28,-1,15,29,7,-1,7,29,30,-1,7,30,8,-1,8,30,31,-1,8,31,18,-1,18,31,32,-1,18,32,16,-1,28,33,23,-1,23,33,34,-1,23,34,7,-1,7,34,35,-1,7,35,12,-1,36,37,38,-1,38,37,39,-1,38,39,40,-1,18,41,8,-1,8,41,42,-1,8,42,43,-1,44,43,45,-1,45,43,46,-1,47,20,38,-1,38,20,8,-1,38,8,36,-1,36,8,43,-1,36,43,48,-1,48,43,44,-1,18,49,50,-1,50,49,51,-1,46,52,18,-1,18,52,53,-1,18,53,41,-1,54,55,56,-1,56,55,41,-1,56,41,57,-1,57,41,53,-1,57,53,58,-1,58,53,59,-1,60,61,62,-1,62,61,63,-1,62,63,64,-1,65,66,62,-1,62,66,67,-1,68,69,70,-1,70,69,71,-1,67,72,62,-1,62,72,71,-1,62,71,73,-1,73,71,69,-1,74,40,75,-1,75,40,76,-1,75,76,77,-1,64,78,62,-1,62,78,79,-1,62,79,65,-1,18,80,46,-1,46,80,81,-1,46,81,45,-1,45,81,82,-1,45,82,62,-1,62,82,83,-1,62,83,60,-1,84,85,86,-1,86,85,87,-1,86,87,88,-1,77,89,75,-1,75,89,90,-1,75,90,91,-1,91,90,92,-1,91,92,93,-1,92,94,93,-1,93,94,95,-1,93,95,86,-1,86,95,96,-1,86,96,84,-1,97,98,18,-1,18,98,99,-1,18,99,80,-1,88,97,86,-1,86,97,18,-1,86,18,100,-1,100,18,50,-1,100,50,74,-1,74,50,101,-1,74,101,40,-1,40,101,102,-1,40,102,38,-1,51,49,5,-1,5,49,103,-1,5,103,3,-1,23,21,18,-1,18,21,22,-1,18,22,104,-1,104,22,105,-1,104,105,2,-1,2,105,106,-1,2,106,0,-1,107,108,109,-1,110,111,112,-1,113,114,115,-1,116,117,115,-1,115,114,112,-1,112,114,118,-1,112,118,119,-1,119,120,112,-1,112,120,121,-1,112,121,122,-1,117,123,115,-1,115,123,124,-1,115,124,113,-1,125,126,127,-1,127,126,128,-1,127,128,129,-1,130,131,132,-1,132,131,133,-1,132,133,134,-1,134,135,132,-1,132,135,136,-1,132,136,127,-1,127,136,137,-1,127,137,125,-1,129,138,127,-1,127,138,139,-1,127,139,115,-1,115,139,140,-1,115,140,116,-1,122,141,112,-1,112,141,142,-1,112,142,132,-1,132,142,143,-1,132,143,130,-1,144,145,127,-1,127,145,146,-1,127,146,147,-1,147,148,127,-1,127,148,149,-1,127,149,132,-1,132,149,150,-1,132,150,151,-1,151,152,132,-1,132,152,153,-1,132,153,154,-1,155,156,157,-1,157,156,158,-1,157,158,159,-1,160,161,162,-1,162,161,163,-1,162,163,164,-1,164,165,162,-1,162,165,166,-1,162,166,157,-1,157,166,167,-1,157,167,155,-1,159,168,157,-1,157,168,169,-1,157,169,127,-1,127,169,170,-1,127,170,144,-1,154,171,132,-1,132,171,172,-1,132,172,162,-1,162,172,173,-1,162,173,160,-1,174,175,157,-1,157,175,176,-1,157,176,162,-1,162,176,177,-1,162,177,178,-1,178,179,162,-1,162,179,180,-1,162,180,181,-1,182,183,184,-1,184,183,185,-1,184,185,186,-1,187,188,157,-1,157,188,189,-1,157,189,174,-1,190,191,192,-1,192,191,193,-1,192,193,194,-1,186,195,184,-1,184,195,196,-1,184,196,192,-1,192,196,197,-1,192,197,190,-1,181,198,162,-1,162,198,199,-1,162,199,184,-1,184,199,200,-1,184,200,182,-1,194,201,192,-1,192,201,202,-1,192,202,157,-1,157,202,203,-1,157,203,187,-1,204,205,192,-1,192,205,206,-1,192,206,184,-1,184,206,207,-1,184,207,208,-1,209,210,192,-1,192,210,211,-1,192,211,204,-1,212,213,214,-1,214,213,215,-1,214,215,216,-1,217,218,219,-1,219,218,220,-1,219,220,221,-1,221,222,219,-1,219,222,223,-1,219,223,192,-1,192,223,224,-1,192,224,209,-1,208,225,184,-1,184,225,226,-1,184,226,227,-1,216,228,214,-1,214,228,229,-1,214,229,219,-1,219,229,230,-1,219,230,217,-1,227,231,184,-1,184,231,232,-1,184,232,214,-1,214,232,233,-1,214,233,212,-1,234,235,236,-1,236,235,237,-1,236,237,238,-1,239,240,219,-1,219,240,241,-1,219,241,242,-1,238,243,236,-1,236,243,244,-1,236,244,219,-1,219,244,245,-1,219,245,239,-1,246,247,214,-1,214,247,248,-1,214,248,249,-1,242,250,219,-1,219,250,251,-1,219,251,214,-1,214,251,252,-1,214,252,246,-1,253,254,255,-1,255,254,256,-1,255,256,257,-1,249,258,214,-1,214,258,259,-1,214,259,255,-1,255,259,260,-1,255,260,253,-1,257,261,255,-1,255,261,262,-1,255,262,236,-1,236,262,263,-1,236,263,234,-1,264,265,255,-1,255,265,266,-1,255,266,267,-1,268,269,236,-1,236,269,270,-1,236,270,255,-1,255,270,271,-1,255,271,264,-1,272,273,236,-1,236,273,274,-1,236,274,268,-1,275,276,277,-1,277,276,278,-1,277,278,279,-1,279,280,277,-1,277,280,281,-1,277,281,282,-1,282,281,283,-1,282,283,284,-1,284,285,282,-1,282,285,286,-1,282,286,287,-1,287,288,282,-1,282,288,289,-1,282,289,236,-1,236,289,290,-1,236,290,272,-1,267,291,255,-1,255,291,292,-1,255,292,277,-1,277,292,293,-1,277,293,275,-1,294,295,282,-1,282,295,296,-1,282,296,277,-1,277,296,297,-1,277,297,298,-1,299,300,301,-1,301,300,302,-1,301,302,303,-1,304,305,282,-1,282,305,306,-1,282,306,294,-1,307,308,309,-1,309,308,310,-1,309,310,311,-1,298,312,277,-1,277,312,313,-1,277,313,314,-1,311,315,309,-1,309,315,316,-1,309,316,301,-1,301,316,317,-1,301,317,299,-1,303,318,301,-1,301,318,319,-1,301,319,282,-1,282,319,320,-1,282,320,304,-1,314,321,277,-1,277,321,322,-1,277,322,309,-1,309,322,323,-1,309,323,307,-1,324,325,301,-1,301,325,326,-1,301,326,327,-1,327,328,301,-1,301,328,329,-1,301,329,309,-1,309,329,330,-1,309,330,331,-1,331,332,309,-1,309,332,333,-1,309,333,334,-1,335,336,337,-1,337,336,338,-1,337,338,339,-1,340,341,342,-1,342,341,343,-1,342,343,344,-1,344,345,342,-1,342,345,346,-1,342,346,337,-1,337,346,347,-1,337,347,335,-1,339,348,337,-1,337,348,349,-1,337,349,301,-1,301,349,350,-1,301,350,324,-1,334,351,309,-1,309,351,352,-1,309,352,342,-1,342,352,353,-1,342,353,340,-1,354,355,356,-1,356,355,357,-1,356,357,358,-1,359,360,342,-1,342,360,361,-1,342,361,362,-1,363,364,365,-1,365,364,366,-1,365,366,367,-1,368,369,337,-1,337,369,370,-1,337,370,371,-1,371,372,337,-1,337,372,373,-1,337,373,342,-1,342,373,374,-1,342,374,359,-1,358,375,356,-1,356,375,376,-1,356,376,365,-1,365,376,377,-1,365,377,363,-1,362,378,342,-1,342,378,379,-1,342,379,356,-1,356,379,380,-1,356,380,354,-1,367,381,365,-1,365,381,382,-1,365,382,337,-1,337,382,383,-1,337,383,368,-1,384,385,109,-1,112,111,109,-1,109,111,386,-1,109,386,384,-1,387,388,112,-1,388,389,112,-1,112,389,390,-1,112,390,110,-1,385,391,109,-1,109,391,392,-1,109,392,393,-1,394,395,132,-1,132,395,396,-1,132,396,397,-1,398,399,400,-1,400,399,401,-1,402,403,400,-1,400,403,404,-1,400,404,398,-1,401,405,400,-1,400,405,406,-1,400,406,132,-1,132,406,407,-1,132,407,394,-1,397,408,132,-1,132,408,409,-1,132,409,112,-1,112,409,410,-1,112,410,387,-1,411,412,132,-1,132,412,413,-1,132,413,414,-1,415,416,400,-1,400,416,417,-1,400,417,418,-1,414,419,132,-1,132,419,420,-1,132,420,400,-1,400,420,421,-1,400,421,415,-1,422,423,162,-1,162,423,424,-1,162,424,425,-1,426,427,428,-1,428,427,429,-1,428,429,430,-1,430,431,428,-1,428,431,432,-1,428,432,162,-1,162,432,433,-1,162,433,422,-1,425,434,162,-1,162,434,435,-1,162,435,132,-1,132,435,436,-1,132,436,411,-1,418,437,400,-1,400,437,438,-1,400,438,428,-1,428,438,439,-1,428,439,426,-1,440,441,428,-1,428,441,442,-1,428,442,443,-1,444,445,162,-1,162,445,446,-1,162,446,447,-1,447,448,162,-1,162,448,449,-1,162,449,428,-1,428,449,450,-1,428,450,440,-1,451,452,453,-1,453,452,454,-1,453,454,455,-1,456,457,184,-1,184,457,458,-1,184,458,459,-1,443,460,428,-1,428,460,461,-1,428,461,453,-1,453,461,462,-1,453,462,451,-1,455,463,453,-1,453,463,464,-1,453,464,184,-1,184,464,465,-1,184,465,456,-1,459,466,184,-1,184,466,467,-1,184,467,162,-1,162,467,468,-1,162,468,444,-1,469,470,184,-1,184,470,471,-1,184,471,453,-1,453,471,472,-1,453,472,473,-1,474,475,214,-1,214,475,476,-1,214,476,477,-1,478,479,480,-1,480,479,481,-1,480,481,482,-1,483,484,184,-1,184,484,485,-1,184,485,469,-1,473,486,453,-1,453,486,487,-1,453,487,488,-1,482,489,480,-1,480,489,490,-1,480,490,214,-1,214,490,491,-1,214,491,474,-1,488,492,453,-1,453,492,493,-1,453,493,480,-1,480,493,494,-1,480,494,478,-1,477,495,214,-1,214,495,496,-1,214,496,184,-1,184,496,497,-1,184,497,483,-1,498,499,480,-1,480,499,500,-1,480,500,501,-1,502,503,504,-1,504,503,505,-1,504,505,506,-1,501,507,480,-1,480,507,508,-1,480,508,504,-1,504,508,509,-1,504,509,502,-1,510,511,214,-1,214,511,512,-1,214,512,513,-1,513,514,214,-1,214,514,515,-1,214,515,480,-1,480,515,516,-1,480,516,498,-1,517,518,255,-1,255,518,519,-1,255,519,520,-1,520,521,255,-1,255,521,522,-1,255,522,214,-1,214,522,523,-1,214,523,510,-1,506,524,504,-1,504,524,525,-1,504,525,255,-1,255,525,526,-1,255,526,517,-1,527,528,504,-1,504,528,529,-1,504,529,530,-1,531,532,255,-1,255,532,533,-1,255,533,504,-1,504,533,534,-1,504,534,527,-1,535,536,537,-1,537,536,538,-1,537,538,539,-1,540,541,255,-1,255,541,542,-1,255,542,531,-1,530,543,504,-1,504,543,544,-1,504,544,537,-1,537,544,545,-1,537,545,535,-1,539,546,537,-1,537,546,547,-1,537,547,277,-1,277,547,548,-1,277,548,549,-1,549,550,277,-1,277,550,551,-1,277,551,552,-1,552,553,277,-1,277,553,554,-1,277,554,255,-1,255,554,555,-1,255,555,540,-1,556,557,277,-1,277,557,558,-1,277,558,537,-1,537,558,559,-1,537,559,560,-1,561,562,309,-1,309,562,563,-1,309,563,564,-1,560,565,537,-1,537,565,566,-1,537,566,567,-1,568,569,570,-1,570,569,571,-1,570,571,572,-1,573,574,277,-1,277,574,575,-1,277,575,556,-1,572,576,570,-1,570,576,577,-1,570,577,309,-1,309,577,578,-1,309,578,561,-1,567,579,537,-1,537,579,580,-1,537,580,570,-1,570,580,581,-1,570,581,568,-1,564,582,309,-1,309,582,583,-1,309,583,277,-1,277,583,584,-1,277,584,573,-1,585,586,309,-1,309,586,587,-1,309,587,588,-1,589,590,570,-1,570,590,591,-1,570,591,592,-1,588,593,309,-1,309,593,594,-1,309,594,570,-1,570,594,595,-1,570,595,589,-1,596,597,342,-1,342,597,598,-1,342,598,599,-1,600,601,602,-1,602,601,603,-1,602,603,604,-1,604,605,602,-1,602,605,606,-1,602,606,342,-1,342,606,607,-1,342,607,596,-1,599,608,342,-1,342,608,609,-1,342,609,309,-1,309,609,610,-1,309,610,585,-1,592,611,570,-1,570,611,612,-1,570,612,602,-1,602,612,613,-1,602,613,600,-1,614,615,616,-1,616,615,617,-1,616,617,618,-1,619,620,602,-1,602,620,621,-1,602,621,622,-1,623,624,356,-1,356,624,625,-1,356,625,626,-1,627,628,342,-1,342,628,629,-1,342,629,630,-1,630,631,342,-1,342,631,632,-1,342,632,602,-1,602,632,633,-1,602,633,619,-1,618,634,616,-1,616,634,635,-1,616,635,356,-1,356,635,636,-1,356,636,623,-1,622,637,602,-1,602,637,638,-1,602,638,616,-1,616,638,639,-1,616,639,614,-1,626,640,356,-1,356,640,641,-1,356,641,342,-1,342,641,642,-1,342,642,627,-1,107,109,643,-1,393,402,109,-1,109,402,400,-1,109,400,643,-1,643,400,428,-1,643,428,644,-1,644,428,453,-1,644,453,645,-1,645,453,480,-1,645,480,646,-1,646,480,504,-1,646,504,647,-1,647,504,537,-1,647,537,648,-1,648,537,570,-1,648,570,649,-1,649,570,602,-1,649,602,650,-1,650,602,651,-1,651,602,616,-1,651,616,652,-1,365,653,356,-1,356,653,654,-1,356,654,616,-1,616,654,655,-1,616,655,652,-1,652,655,656,-1,657,658,659,-1,658,660,659,-1,659,660,661,-1,659,661,662,-1,663,664,665,-1,665,664,666,-1,667,668,669,-1,667,670,671,-1,671,672,667,-1,667,672,673,-1,667,673,674,-1,675,676,677,-1,677,676,678,-1,677,678,679,-1,680,681,668,-1,682,683,684,-1,669,685,667,-1,667,685,686,-1,667,686,677,-1,677,686,687,-1,677,687,675,-1,662,688,659,-1,659,688,689,-1,659,689,684,-1,684,689,690,-1,684,690,664,-1,681,691,668,-1,668,691,692,-1,668,692,693,-1,663,694,664,-1,664,694,695,-1,664,695,684,-1,684,695,696,-1,684,696,682,-1,674,697,667,-1,667,697,698,-1,667,698,668,-1,668,698,699,-1,668,699,680,-1,683,700,684,-1,684,700,701,-1,684,701,702,-1,679,703,677,-1,677,703,704,-1,677,704,659,-1,659,704,705,-1,659,705,657,-1,702,706,684,-1,684,706,707,-1,684,707,667,-1,667,707,708,-1,667,708,670,-1,664,709,666,-1,666,709,710,-1,666,710,711,-1,711,710,712,-1,711,712,713,-1,713,712,714,-1,713,714,715,-1,715,714,716,-1,715,716,692,-1,692,716,717,-1,692,717,693,-1,718,719,720,-1,721,722,723,-1,723,722,724,-1,723,724,725,-1,721,726,722,-1,722,726,727,-1,722,727,728,-1,729,730,731,-1,732,733,724,-1,724,733,734,-1,724,734,725,-1,735,736,737,-1,738,739,735,-1,735,739,740,-1,735,740,736,-1,731,741,729,-1,729,741,742,-1,729,742,743,-1,728,744,722,-1,722,744,745,-1,722,745,735,-1,735,745,746,-1,735,746,738,-1,737,747,735,-1,735,747,748,-1,735,748,729,-1,729,748,749,-1,729,749,730,-1,743,750,729,-1,729,750,751,-1,729,751,724,-1,724,751,752,-1,724,752,732,-1,753,754,735,-1,735,754,755,-1,735,755,756,-1,757,758,759,-1,759,758,760,-1,759,760,761,-1,762,763,729,-1,729,763,764,-1,729,764,765,-1,765,766,729,-1,729,766,767,-1,729,767,735,-1,735,767,768,-1,735,768,753,-1,769,770,771,-1,771,770,772,-1,771,772,773,-1,773,774,771,-1,771,774,775,-1,771,775,759,-1,759,775,776,-1,759,776,757,-1,761,777,759,-1,759,777,778,-1,759,778,729,-1,729,778,779,-1,729,779,762,-1,756,780,735,-1,735,780,781,-1,735,781,771,-1,771,781,782,-1,771,782,769,-1,783,784,785,-1,786,787,759,-1,759,787,788,-1,759,788,771,-1,771,788,789,-1,771,789,790,-1,783,785,791,-1,790,792,771,-1,771,792,793,-1,771,793,794,-1,784,795,785,-1,785,795,796,-1,785,796,797,-1,798,799,800,-1,800,799,801,-1,802,803,759,-1,759,803,804,-1,759,804,786,-1,797,805,800,-1,800,805,806,-1,800,806,798,-1,801,807,800,-1,800,807,808,-1,800,808,759,-1,759,808,809,-1,759,809,802,-1,794,810,771,-1,771,810,811,-1,771,811,785,-1,785,811,812,-1,785,812,791,-1,813,814,785,-1,797,800,785,-1,785,800,815,-1,785,815,813,-1,816,817,818,-1,818,817,819,-1,818,819,820,-1,821,822,823,-1,823,822,824,-1,823,824,825,-1,826,800,827,-1,827,800,828,-1,826,829,800,-1,800,829,830,-1,800,830,815,-1,825,831,823,-1,823,831,832,-1,823,832,818,-1,818,832,833,-1,818,833,816,-1,820,834,818,-1,818,834,835,-1,818,835,800,-1,800,835,836,-1,800,836,828,-1,814,837,785,-1,785,837,838,-1,785,838,839,-1,839,840,785,-1,785,840,841,-1,785,841,823,-1,823,841,842,-1,823,842,821,-1,843,844,818,-1,818,844,845,-1,818,845,846,-1,847,848,823,-1,823,848,849,-1,823,849,850,-1,851,852,853,-1,853,852,854,-1,853,854,855,-1,855,856,853,-1,853,856,857,-1,853,857,818,-1,818,857,858,-1,818,858,843,-1,846,859,818,-1,818,859,860,-1,818,860,823,-1,823,860,861,-1,823,861,847,-1,862,863,864,-1,864,863,865,-1,864,865,866,-1,850,867,823,-1,823,867,868,-1,823,868,864,-1,864,868,869,-1,864,869,862,-1,866,870,864,-1,864,870,871,-1,864,871,853,-1,853,871,872,-1,853,872,851,-1,873,874,875,-1,873,875,876,-1,877,878,864,-1,864,878,879,-1,864,879,880,-1,874,881,875,-1,875,881,882,-1,875,882,883,-1,884,885,886,-1,886,885,887,-1,888,889,853,-1,853,889,890,-1,853,890,891,-1,891,892,853,-1,853,892,893,-1,853,893,864,-1,864,893,894,-1,864,894,877,-1,883,895,886,-1,886,895,896,-1,886,896,884,-1,887,897,886,-1,886,897,898,-1,886,898,853,-1,853,898,899,-1,853,899,888,-1,880,900,864,-1,864,900,901,-1,864,901,875,-1,875,901,902,-1,875,902,876,-1,903,904,905,-1,906,907,875,-1,903,905,908,-1,883,886,875,-1,875,886,909,-1,875,909,906,-1,904,910,905,-1,905,910,911,-1,905,911,912,-1,913,914,915,-1,915,914,916,-1,907,917,875,-1,875,917,918,-1,875,918,919,-1,920,886,921,-1,921,886,922,-1,920,923,886,-1,886,923,924,-1,886,924,909,-1,912,925,915,-1,915,925,926,-1,915,926,913,-1,919,927,875,-1,875,927,928,-1,875,928,905,-1,905,928,929,-1,905,929,908,-1,916,930,915,-1,915,930,931,-1,915,931,886,-1,886,931,932,-1,886,932,922,-1,933,934,905,-1,935,936,915,-1,934,937,905,-1,905,937,938,-1,905,938,939,-1,940,941,942,-1,942,941,943,-1,942,943,944,-1,912,915,905,-1,905,915,945,-1,905,945,933,-1,946,947,948,-1,948,947,949,-1,948,949,950,-1,935,915,951,-1,936,952,915,-1,915,952,953,-1,915,953,945,-1,950,954,948,-1,948,954,955,-1,948,955,942,-1,942,955,956,-1,942,956,940,-1,939,957,905,-1,905,957,958,-1,905,958,948,-1,948,958,959,-1,948,959,946,-1,944,960,942,-1,942,960,961,-1,942,961,915,-1,915,961,962,-1,915,962,951,-1,963,719,964,-1,964,719,722,-1,964,722,965,-1,963,966,719,-1,719,966,967,-1,719,967,968,-1,969,970,722,-1,722,970,971,-1,722,971,965,-1,735,972,973,-1,973,974,735,-1,735,974,975,-1,735,975,976,-1,720,977,978,-1,979,980,720,-1,720,980,981,-1,720,981,977,-1,976,982,735,-1,735,982,983,-1,735,983,722,-1,722,983,984,-1,722,984,969,-1,968,985,719,-1,719,985,986,-1,719,986,720,-1,720,986,987,-1,720,987,979,-1,978,988,720,-1,720,988,989,-1,720,989,735,-1,735,989,990,-1,735,990,972,-1,991,992,720,-1,720,992,993,-1,720,993,994,-1,995,996,735,-1,735,996,997,-1,735,997,998,-1,998,999,735,-1,735,999,1000,-1,735,1000,720,-1,720,1000,1001,-1,720,1001,991,-1,1002,1003,771,-1,771,1003,1004,-1,771,1004,1005,-1,1006,1007,1008,-1,1008,1007,1009,-1,1008,1009,1010,-1,1010,1011,1008,-1,1008,1011,1012,-1,1008,1012,771,-1,771,1012,1013,-1,771,1013,1002,-1,1005,1014,771,-1,771,1014,1015,-1,771,1015,735,-1,735,1015,1016,-1,735,1016,995,-1,994,1017,720,-1,720,1017,1018,-1,720,1018,1008,-1,1008,1018,1019,-1,1008,1019,1006,-1,1020,1021,1022,-1,1008,1023,1024,-1,1020,1022,1025,-1,1026,1027,771,-1,771,1027,1028,-1,771,1028,1029,-1,1029,1030,771,-1,771,1030,1031,-1,771,1031,1008,-1,1008,1031,1032,-1,1008,1032,1023,-1,1024,1033,1008,-1,1008,1033,1034,-1,1008,1034,1035,-1,1036,1037,785,-1,785,1037,1038,-1,785,1038,1039,-1,1035,1040,1008,-1,1008,1040,1041,-1,1008,1041,1022,-1,1022,1041,1042,-1,1022,1042,1025,-1,1021,1043,1022,-1,1022,1043,1044,-1,1022,1044,785,-1,785,1044,1045,-1,785,1045,1036,-1,1039,1046,785,-1,785,1046,1047,-1,785,1047,771,-1,771,1047,1048,-1,771,1048,1026,-1,1049,1050,785,-1,785,1050,1051,-1,785,1051,1022,-1,1022,1051,1052,-1,1022,1052,1053,-1,1054,1055,1056,-1,1056,1055,1057,-1,1056,1057,1058,-1,1059,1060,823,-1,823,1060,1061,-1,823,1061,1062,-1,1063,1064,785,-1,785,1064,1065,-1,785,1065,1049,-1,1053,1066,1022,-1,1022,1066,1067,-1,1022,1067,1068,-1,1058,1069,1056,-1,1056,1069,1070,-1,1056,1070,823,-1,823,1070,1071,-1,823,1071,1059,-1,1068,1072,1022,-1,1022,1072,1073,-1,1022,1073,1056,-1,1056,1073,1074,-1,1056,1074,1054,-1,1062,1075,823,-1,823,1075,1076,-1,823,1076,785,-1,785,1076,1077,-1,785,1077,1063,-1,1078,1079,1056,-1,1056,1079,1080,-1,1056,1080,1081,-1,1081,1082,1056,-1,1056,1082,1083,-1,1056,1083,1084,-1,1084,1083,1085,-1,1084,1085,1086,-1,1086,1087,1084,-1,1084,1087,1088,-1,1084,1088,1089,-1,1090,1091,823,-1,823,1091,1092,-1,823,1092,1056,-1,1056,1092,1093,-1,1056,1093,1078,-1,1094,1095,864,-1,864,1095,1096,-1,864,1096,1097,-1,1098,1099,823,-1,823,1099,1100,-1,823,1100,1090,-1,1097,1101,864,-1,864,1101,1102,-1,864,1102,823,-1,823,1102,1103,-1,823,1103,1098,-1,1089,1104,1084,-1,1084,1104,1105,-1,1084,1105,864,-1,864,1105,1106,-1,864,1106,1094,-1,1107,1108,864,-1,864,1108,1109,-1,864,1109,1084,-1,1084,1109,1110,-1,1084,1110,1111,-1,1111,1112,1084,-1,1084,1112,1113,-1,1084,1113,1114,-1,1115,1116,1117,-1,1117,1116,1118,-1,1117,1118,1119,-1,1120,1121,864,-1,864,1121,1122,-1,864,1122,1107,-1,1114,1123,1084,-1,1084,1123,1124,-1,1084,1124,1117,-1,1117,1124,1125,-1,1117,1125,1115,-1,1119,1126,1117,-1,1117,1126,1127,-1,1117,1127,875,-1,875,1127,1128,-1,875,1128,1129,-1,1129,1130,875,-1,875,1130,1131,-1,875,1131,1132,-1,1132,1133,875,-1,875,1133,1134,-1,875,1134,864,-1,864,1134,1135,-1,864,1135,1120,-1,1136,1137,875,-1,875,1137,1138,-1,875,1138,1117,-1,1117,1138,1139,-1,1117,1139,1140,-1,1141,1142,905,-1,905,1142,1143,-1,905,1143,1144,-1,1140,1145,1117,-1,1117,1145,1146,-1,1117,1146,1147,-1,1148,1149,1150,-1,1150,1149,1151,-1,1150,1151,1152,-1,1153,1154,875,-1,875,1154,1155,-1,875,1155,1136,-1,1152,1156,1150,-1,1150,1156,1157,-1,1150,1157,905,-1,905,1157,1158,-1,905,1158,1141,-1,1147,1159,1117,-1,1117,1159,1160,-1,1117,1160,1150,-1,1150,1160,1161,-1,1150,1161,1148,-1,1144,1162,905,-1,905,1162,1163,-1,905,1163,875,-1,875,1163,1164,-1,875,1164,1153,-1,1165,1166,1150,-1,1150,1166,1167,-1,1150,1167,1168,-1,1169,1170,905,-1,905,1170,1171,-1,905,1171,1172,-1,1172,1173,905,-1,905,1173,1174,-1,905,1174,1150,-1,1150,1174,1175,-1,1150,1175,1165,-1,1176,1177,948,-1,948,1177,1178,-1,948,1178,1179,-1,1180,1181,1182,-1,1182,1181,1183,-1,1182,1183,1184,-1,1184,1185,1182,-1,1182,1185,1186,-1,1182,1186,948,-1,948,1186,1187,-1,948,1187,1176,-1,1179,1188,948,-1,948,1188,1189,-1,948,1189,905,-1,905,1189,1190,-1,905,1190,1169,-1,1168,1191,1150,-1,1150,1191,1192,-1,1150,1192,1182,-1,1182,1192,1193,-1,1182,1193,1180,-1,942,1194,948,-1,948,1194,1195,-1,948,1195,1182,-1,1182,1195,1196,-1,718,720,1197,-1,1197,720,1008,-1,1197,1008,1198,-1,1198,1008,1022,-1,1198,1022,1199,-1,1199,1022,1056,-1,1199,1056,1200,-1,1200,1056,1084,-1,1200,1084,1201,-1,1201,1084,1117,-1,1201,1117,1202,-1,1202,1117,1150,-1,1202,1150,1203,-1,1203,1150,1182,-1,1203,1182,1204,-1,1204,1182,1196,-1,1204,1196,1205,-1,1206,1207,1208,-1,1208,1207,1209,-1,1210,1211,1212,-1,1212,1211,1213,-1,1212,1213,1214,-1,1214,1213,1215,-1,1216,1217,1218,-1,1218,1217,1219,-1,1220,1221,1222,-1,1222,1221,1223,-1,1224,1225,1226,-1,1226,1225,1227,-1,1226,1227,1228,-1,1228,1227,1229,-1,1230,1231,1232,-1,1232,1231,1233,-1,1232,1233,1234,-1,1234,1233,1235,-1,1234,1235,1236,-1,1236,1235,1237,-1,1236,1237,1238,-1,1238,1237,1239,-1,1238,1239,1240,-1,1240,1239,1241,-1,1240,1241,1242,-1,1242,1241,1243,-1,1242,1243,1244,-1,1244,1243,1245,-1,1244,1245,1246,-1,1246,1245,1247,-1,1246,1247,1248,-1,1248,1247,1249,-1,1248,1249,1250,-1,1250,1249,1251,-1,1250,1251,1252,-1,1252,1251,1253,-1,1252,1253,1254,-1,1254,1253,1255,-1,1214,1215,1256,-1,1256,1215,1254,-1,1256,1254,1255,-1,1257,1231,1224,-1,1224,1231,1230,-1,1224,1230,1225,-1,1258,1259,1260,-1,1260,1259,1261,-1,1260,1261,1262,-1,1262,1261,1263,-1,1264,1265,1266,-1,1266,1265,1267,-1,1266,1267,1268,-1,49,1269,103,-1,103,1269,1270,-1,103,1270,3,-1,1271,1272,1273,-1,1273,1272,3,-1,1273,3,1274,-1,1274,3,1270,-1,1261,1259,1266,-1,1266,1259,1275,-1,1266,1275,1264,-1,1268,1276,1266,-1,1266,1276,1277,-1,1266,1277,1278,-1,1278,1277,1279,-1,1278,1279,49,-1,49,1279,1280,-1,49,1280,1269,-1,1261,1266,1281,-1,1263,1261,1282,-1,1209,1207,1281,-1,1281,1207,684,-1,1281,684,1261,-1,1283,1284,724,-1,724,1284,1285,-1,724,1285,1286,-1,1287,684,1288,-1,1288,684,1289,-1,1287,1290,684,-1,684,1290,1291,-1,684,1291,1261,-1,1261,1291,1292,-1,1261,1292,1282,-1,1283,724,1293,-1,1293,724,1213,-1,1293,1213,1294,-1,1294,1213,1211,-1,1294,1211,1295,-1,667,1296,684,-1,684,1296,1297,-1,684,1297,1289,-1,1298,1299,1300,-1,1301,1302,1282,-1,1282,1302,1303,-1,1282,1303,1304,-1,1304,1305,1282,-1,1282,1305,1306,-1,1282,1306,1263,-1,1295,1211,1300,-1,1300,1211,1307,-1,1300,1307,1298,-1,667,1194,1296,-1,1296,1194,942,-1,1296,942,915,-1,915,886,1296,-1,1296,886,853,-1,1296,853,1308,-1,853,818,1308,-1,1308,818,800,-1,1308,800,759,-1,1286,1309,724,-1,724,1309,1308,-1,724,1308,729,-1,729,1308,759,-1,1244,1246,724,-1,724,1246,1248,-1,1215,1213,1254,-1,1254,1213,724,-1,1227,1225,1,-1,1,1225,1230,-1,1230,1232,1,-1,1,1232,1234,-1,1,1234,2,-1,2,1234,104,-1,1234,1236,104,-1,104,1236,1238,-1,104,1238,718,-1,718,1238,1240,-1,718,1240,724,-1,724,1240,1242,-1,724,1242,1244,-1,1248,1250,724,-1,724,1250,1252,-1,724,1252,1254,-1,1310,1311,102,-1,1312,1313,1314,-1,4,3,1315,-1,1315,3,1272,-1,1315,1272,1314,-1,1310,102,1316,-1,1317,1318,1319,-1,1312,1314,1320,-1,1321,47,1322,-1,102,1323,1316,-1,1316,1323,1324,-1,1316,1324,1325,-1,1325,1324,1326,-1,1325,1326,1327,-1,1327,1326,1328,-1,1327,1328,1329,-1,1329,1328,1330,-1,1319,1318,1272,-1,1272,1318,1331,-1,1272,1331,1314,-1,1314,1331,1332,-1,1314,1332,1320,-1,1311,1333,102,-1,102,1333,1334,-1,102,1334,1335,-1,1336,1337,1338,-1,1222,1223,1339,-1,1339,1223,1340,-1,1339,1340,1328,-1,1328,1340,1341,-1,1328,1341,1330,-1,1342,1343,1313,-1,1313,1343,1344,-1,1313,1344,1314,-1,1345,1227,1346,-1,1346,1227,1,-1,1346,1,0,-1,1317,1319,1338,-1,1338,1319,1347,-1,1338,1347,1336,-1,1335,1348,102,-1,102,1348,1349,-1,102,1349,38,-1,38,1349,1350,-1,38,1350,1351,-1,1339,1352,1222,-1,1222,1352,1353,-1,1222,1353,1354,-1,1354,1353,1355,-1,1354,1355,1313,-1,1313,1355,1356,-1,1313,1356,1342,-1,1357,1345,1358,-1,1358,1345,1359,-1,1358,1359,1360,-1,1360,1361,1358,-1,1358,1361,1362,-1,1358,1362,1363,-1,1351,1364,38,-1,38,1364,1365,-1,38,1365,1366,-1,1367,38,1368,-1,1368,38,1369,-1,1321,1322,1370,-1,1370,1322,1371,-1,1370,1371,1372,-1,1373,1374,47,-1,47,1374,1375,-1,47,1375,1322,-1,1357,1376,1345,-1,1345,1376,1377,-1,1345,1377,1227,-1,1227,1377,1378,-1,1227,1378,1229,-1,1229,1378,1379,-1,1229,1379,1380,-1,1367,1381,38,-1,38,1381,1382,-1,38,1382,47,-1,47,1382,1383,-1,47,1383,1373,-1,1384,1385,1380,-1,1380,1385,1386,-1,1380,1386,1229,-1,1363,1362,1387,-1,1387,1362,1388,-1,1387,1388,1219,-1,1389,1390,1391,-1,1371,1392,1372,-1,1372,1392,1393,-1,1372,1393,1389,-1,1389,1393,1394,-1,1389,1394,1390,-1,1388,1395,1219,-1,1219,1395,1396,-1,1219,1396,1218,-1,1218,1396,1397,-1,1218,1397,1398,-1,1398,1397,1389,-1,1398,1389,1399,-1,1399,1389,1391,-1,1400,1401,38,-1,38,1401,1402,-1,38,1402,1369,-1,1403,1404,1405,-1,1406,1407,1408,-1,1366,1409,38,-1,38,1409,1405,-1,38,1405,1400,-1,1400,1405,1404,-1,1400,1404,1410,-1,1406,1408,1405,-1,1405,1408,1411,-1,1405,1411,1403,-1,1412,1413,1414,-1,1410,1415,1400,-1,1400,1415,1412,-1,1400,1412,1416,-1,1416,1412,1414,-1,1417,1319,1418,-1,1418,1319,1272,-1,1418,1272,1419,-1,1419,1272,1271,-1,1420,1278,49,-1,1204,1205,677,-1,659,1206,1208,-1,718,1197,104,-1,104,1197,1198,-1,104,1198,18,-1,18,1198,1199,-1,1199,1200,18,-1,18,1200,1201,-1,18,1201,1202,-1,1204,677,1203,-1,1202,1203,18,-1,18,1203,677,-1,18,677,49,-1,49,677,659,-1,49,659,1420,-1,1420,659,1208,-1,1421,1273,1422,-1,1422,1273,1274,-1,1422,1274,1423,-1,1423,1274,1270,-1,1423,1270,1424,-1,1424,1270,1269,-1,1424,1269,1425,-1,1425,1269,1280,-1,1425,1280,1426,-1,1426,1280,1279,-1,1426,1279,1427,-1,1427,1279,1277,-1,1427,1277,1428,-1,1428,1277,1276,-1,1428,1276,1429,-1,1429,1276,1268,-1,1429,1268,1430,-1,1430,1268,1267,-1,1430,1267,1431,-1,1431,1267,1265,-1,1431,1265,1432,-1,1432,1265,1264,-1,1432,1264,1433,-1,1433,1264,1275,-1,1434,1433,1258,-1,1258,1433,1275,-1,1258,1275,1259,-1,1421,1435,1273,-1,1273,1435,1419,-1,1273,1419,1271,-1,1346,0,106,-1,1436,1256,653,-1,653,1256,1255,-1,1237,1235,1437,-1,1255,1253,653,-1,653,1253,1251,-1,653,1251,1249,-1,654,1241,1239,-1,1239,1237,654,-1,654,1237,1437,-1,654,1437,655,-1,655,1437,1346,-1,655,1346,656,-1,656,1346,106,-1,656,106,105,-1,1257,1438,1231,-1,1231,1438,1437,-1,1231,1437,1233,-1,1233,1437,1235,-1,1249,1247,653,-1,653,1247,1245,-1,653,1245,654,-1,654,1245,1243,-1,654,1243,1241,-1,5,4,1315,-1,1422,1423,1439,-1,1424,1425,112,-1,1440,1435,1439,-1,1439,1435,1421,-1,1439,1421,1422,-1,51,5,108,-1,108,5,1315,-1,108,1315,109,-1,109,1315,1439,-1,109,1439,112,-1,112,1439,1423,-1,112,1423,1424,-1,1429,1430,115,-1,115,1430,1431,-1,1434,1441,1433,-1,1433,1441,115,-1,1433,115,1432,-1,1432,115,1431,-1,1425,1426,112,-1,112,1426,1427,-1,112,1427,115,-1,115,1427,1428,-1,115,1428,1429,-1,1260,1262,1441,-1,1441,1262,1442,-1,1443,1444,1436,-1,1436,1444,1210,-1,1436,1210,1212,-1,1445,115,1446,-1,1446,115,1441,-1,1445,1447,115,-1,115,1447,1448,-1,115,1448,1449,-1,1442,1450,1441,-1,1441,1450,1451,-1,1441,1451,1452,-1,1453,1454,653,-1,1455,1456,653,-1,653,1456,1457,-1,653,1457,1436,-1,1436,1457,1458,-1,1436,1458,1459,-1,1452,1460,1441,-1,1441,1460,1461,-1,1441,1461,1446,-1,1459,1462,1436,-1,1436,1462,1463,-1,1436,1463,1443,-1,1454,1464,653,-1,653,1464,1465,-1,653,1465,1455,-1,653,365,1453,-1,1453,365,337,-1,1453,337,301,-1,301,282,1453,-1,1453,282,236,-1,1453,236,1466,-1,236,219,1466,-1,1466,219,192,-1,1466,192,157,-1,1449,1467,115,-1,115,1467,1466,-1,115,1466,127,-1,127,1466,157,-1,1468,1469,1440,-1,1440,1469,1417,-1,1440,1417,1418,-1,1438,1226,1228,-1,1228,1470,1438,-1,1438,1470,1471,-1,1438,1471,1472,-1,1473,649,1474,-1,1474,649,1475,-1,1476,1477,1478,-1,1440,1439,1479,-1,1480,1481,1440,-1,1440,1481,1482,-1,1440,1482,1468,-1,1483,1484,1438,-1,1438,1484,1485,-1,1438,1485,1437,-1,1486,1487,651,-1,651,1487,1488,-1,651,1488,1489,-1,1476,1478,1479,-1,1479,1478,1490,-1,1479,1490,1440,-1,1440,1490,1491,-1,1440,1491,1480,-1,1492,1493,1438,-1,1494,1495,1496,-1,1497,1498,1499,-1,1500,1501,1502,-1,1502,1501,1503,-1,645,646,1504,-1,1505,1506,644,-1,644,1506,1507,-1,1508,1509,651,-1,651,1509,1510,-1,651,1510,1486,-1,1483,1438,1511,-1,1511,1438,1493,-1,1511,1493,1512,-1,1489,1513,651,-1,651,1513,1514,-1,651,1514,650,-1,650,1514,1515,-1,650,1515,649,-1,649,1515,1516,-1,649,1516,1475,-1,1477,1517,1478,-1,1478,1517,1496,-1,1478,1496,1518,-1,1518,1496,1495,-1,1519,1520,107,-1,107,1520,1500,-1,107,1500,1521,-1,1521,1500,1502,-1,1508,1522,1509,-1,1509,1522,1523,-1,1509,1523,1524,-1,1524,1523,1525,-1,1512,1526,1511,-1,1511,1526,1527,-1,1511,1527,1528,-1,1501,1529,1503,-1,1503,1529,1530,-1,1503,1530,1497,-1,1497,1530,1531,-1,1497,1531,1498,-1,1507,1532,644,-1,644,1532,1533,-1,644,1533,643,-1,643,1533,1534,-1,643,1534,107,-1,107,1534,1535,-1,107,1535,1519,-1,1472,1536,1438,-1,1438,1536,1537,-1,1438,1537,1492,-1,1217,1216,1538,-1,1538,1216,1539,-1,645,1504,644,-1,644,1504,1540,-1,644,1540,1505,-1,1539,1541,1538,-1,1538,1541,1542,-1,1538,1542,1525,-1,1525,1542,1543,-1,1525,1543,1524,-1,1538,1544,1217,-1,1217,1544,1545,-1,1217,1545,1546,-1,1546,1545,1547,-1,1546,1547,1528,-1,1528,1547,1548,-1,1528,1548,1511,-1,1494,1496,1549,-1,1549,1496,1550,-1,1549,1550,1220,-1,1473,1551,649,-1,649,1551,1552,-1,649,1552,648,-1,1499,1553,1497,-1,1497,1553,1554,-1,1497,1554,1555,-1,1555,1554,1221,-1,1555,1221,1556,-1,1556,1221,1220,-1,1556,1220,1557,-1,1557,1220,1550,-1,648,1552,647,-1,647,1552,1558,-1,647,1558,1559,-1,1560,1561,646,-1,646,1561,1562,-1,646,1562,1563,-1,1563,1564,646,-1,646,1564,1565,-1,646,1565,1504,-1,1559,1566,647,-1,647,1566,1567,-1,647,1567,1568,-1,1568,1569,647,-1,647,1569,1570,-1,647,1570,646,-1,646,1570,1571,-1,646,1571,1560,-1,1493,1492,1377,-1,1377,1492,1378,-1,1331,1318,1490,-1,1490,1318,1491,-1,1316,1325,1529,-1,1529,1325,1530,-1,1534,1533,1348,-1,1348,1533,1349,-1,1504,1565,1409,-1,1409,1565,1405,-1,1510,1509,1392,-1,1392,1509,1393,-1,1401,1400,1552,-1,1552,1400,1558,-1,1515,1514,1382,-1,1382,1514,1383,-1,1323,102,101,-1,1521,1323,107,-1,107,1323,101,-1,107,101,50,-1,1355,1353,1550,-1,1550,1353,1557,-1,50,51,107,-1,107,51,108,-1,1395,1388,1545,-1,1545,1388,1547,-1,1321,1508,47,-1,47,1508,651,-1,47,651,20,-1,20,651,22,-1,656,105,652,-1,652,105,22,-1,652,22,651,-1,1410,1404,1570,-1,1570,1404,1571,-1,1293,1294,1457,-1,1457,1294,1458,-1,1446,1461,1292,-1,1292,1461,1282,-1,1453,1466,1308,-1,1308,1466,1296,-1,1355,1550,1356,-1,1356,1550,1496,-1,1356,1496,1342,-1,1342,1496,1517,-1,1342,1517,1343,-1,1343,1517,1477,-1,1343,1477,1344,-1,1344,1477,1476,-1,1344,1476,1314,-1,1314,1476,1479,-1,1314,1479,1315,-1,1315,1479,1439,-1,1323,1521,1324,-1,1324,1521,1502,-1,1324,1502,1326,-1,1326,1502,1503,-1,1326,1503,1328,-1,1328,1503,1497,-1,1328,1497,1339,-1,1339,1497,1555,-1,1339,1555,1352,-1,1352,1555,1556,-1,1352,1556,1353,-1,1353,1556,1557,-1,1316,1529,1310,-1,1310,1529,1501,-1,1310,1501,1311,-1,1311,1501,1500,-1,1311,1500,1333,-1,1333,1500,1520,-1,1333,1520,1334,-1,1334,1520,1519,-1,1334,1519,1335,-1,1335,1519,1535,-1,1335,1535,1348,-1,1348,1535,1534,-1,1349,1533,1350,-1,1350,1533,1532,-1,1350,1532,1351,-1,1351,1532,1507,-1,1351,1507,1364,-1,1364,1507,1506,-1,1364,1506,1365,-1,1365,1506,1505,-1,1365,1505,1366,-1,1366,1505,1540,-1,1366,1540,1409,-1,1409,1540,1504,-1,1401,1552,1402,-1,1402,1552,1551,-1,1402,1551,1369,-1,1369,1551,1473,-1,1369,1473,1368,-1,1368,1473,1474,-1,1368,1474,1367,-1,1367,1474,1475,-1,1367,1475,1381,-1,1381,1475,1516,-1,1381,1516,1382,-1,1382,1516,1515,-1,1383,1514,1373,-1,1373,1514,1513,-1,1373,1513,1374,-1,1374,1513,1489,-1,1374,1489,1375,-1,1375,1489,1488,-1,1375,1488,1322,-1,1322,1488,1487,-1,1322,1487,1371,-1,1371,1487,1486,-1,1371,1486,1392,-1,1392,1486,1510,-1,1395,1545,1396,-1,1396,1545,1544,-1,1396,1544,1397,-1,1397,1544,1538,-1,1397,1538,1389,-1,1389,1538,1525,-1,1389,1525,1372,-1,1372,1525,1523,-1,1372,1523,1370,-1,1370,1523,1522,-1,1370,1522,1321,-1,1321,1522,1508,-1,1346,1437,1345,-1,1345,1437,1485,-1,1345,1485,1359,-1,1359,1485,1484,-1,1359,1484,1360,-1,1360,1484,1483,-1,1360,1483,1361,-1,1361,1483,1511,-1,1361,1511,1362,-1,1362,1511,1548,-1,1362,1548,1388,-1,1388,1548,1547,-1,1558,1400,1416,-1,1558,1416,1559,-1,1559,1416,1414,-1,1559,1414,1566,-1,1566,1414,1413,-1,1566,1413,1567,-1,1567,1413,1412,-1,1567,1412,1568,-1,1568,1412,1415,-1,1568,1415,1569,-1,1569,1415,1410,-1,1569,1410,1570,-1,1571,1404,1403,-1,1571,1403,1560,-1,1560,1403,1411,-1,1560,1411,1561,-1,1561,1411,1408,-1,1561,1408,1562,-1,1562,1408,1407,-1,1562,1407,1563,-1,1563,1407,1406,-1,1563,1406,1564,-1,1564,1406,1405,-1,1564,1405,1565,-1,1331,1490,1332,-1,1332,1490,1478,-1,1332,1478,1320,-1,1320,1478,1518,-1,1320,1518,1312,-1,1312,1518,1495,-1,1312,1495,1313,-1,1313,1495,1494,-1,1313,1494,1354,-1,1354,1494,1549,-1,1354,1549,1222,-1,1222,1549,1220,-1,1530,1325,1327,-1,1530,1327,1531,-1,1531,1327,1329,-1,1531,1329,1498,-1,1498,1329,1330,-1,1498,1330,1499,-1,1499,1330,1341,-1,1499,1341,1553,-1,1553,1341,1340,-1,1553,1340,1554,-1,1554,1340,1223,-1,1554,1223,1221,-1,1216,1218,1398,-1,1216,1398,1539,-1,1539,1398,1399,-1,1539,1399,1541,-1,1541,1399,1391,-1,1541,1391,1542,-1,1542,1391,1390,-1,1542,1390,1543,-1,1543,1390,1394,-1,1543,1394,1524,-1,1524,1394,1393,-1,1524,1393,1509,-1,1219,1217,1387,-1,1387,1217,1546,-1,1387,1546,1363,-1,1363,1546,1528,-1,1363,1528,1358,-1,1358,1528,1527,-1,1358,1527,1357,-1,1357,1527,1526,-1,1357,1526,1376,-1,1376,1526,1512,-1,1376,1512,1377,-1,1377,1512,1493,-1,1453,1308,1454,-1,1454,1308,1309,-1,1454,1309,1464,-1,1464,1309,1286,-1,1464,1286,1465,-1,1465,1286,1285,-1,1465,1285,1455,-1,1455,1285,1284,-1,1455,1284,1456,-1,1456,1284,1283,-1,1456,1283,1457,-1,1457,1283,1293,-1,1446,1292,1445,-1,1445,1292,1572,-1,1445,1572,1447,-1,1447,1572,1573,-1,1447,1573,1448,-1,1448,1573,1574,-1,1448,1574,1449,-1,1449,1574,1575,-1,1449,1575,1467,-1,1467,1575,1576,-1,1467,1576,1466,-1,1466,1576,1296,-1,1491,1318,1317,-1,1491,1317,1480,-1,1480,1317,1338,-1,1480,1338,1481,-1,1481,1338,1337,-1,1481,1337,1482,-1,1482,1337,1336,-1,1482,1336,1468,-1,1468,1336,1347,-1,1468,1347,1469,-1,1469,1347,1319,-1,1469,1319,1417,-1,1282,1461,1460,-1,1282,1460,1577,-1,1577,1460,1452,-1,1577,1452,1578,-1,1578,1452,1451,-1,1578,1451,1579,-1,1579,1451,1450,-1,1579,1450,1580,-1,1580,1450,1442,-1,1580,1442,1581,-1,1581,1442,1262,-1,1581,1262,1263,-1,1211,1210,1444,-1,1211,1444,1307,-1,1307,1444,1443,-1,1307,1443,1298,-1,1298,1443,1463,-1,1298,1463,1299,-1,1299,1463,1462,-1,1299,1462,1300,-1,1300,1462,1459,-1,1300,1459,1295,-1,1295,1459,1458,-1,1295,1458,1294,-1,1228,1229,1386,-1,1228,1386,1470,-1,1470,1386,1385,-1,1470,1385,1471,-1,1471,1385,1384,-1,1471,1384,1472,-1,1472,1384,1380,-1,1472,1380,1536,-1,1536,1380,1379,-1,1536,1379,1537,-1,1537,1379,1378,-1,1537,1378,1492,-1,1260,1441,1258,-1,1258,1441,1434,-1,1419,1435,1418,-1,1418,1435,1440,-1,1226,1438,1224,-1,1224,1438,1257,-1,1214,1256,1212,-1,1212,1256,1436,-1,1207,1206,684,-1,684,1206,659,-1,1194,667,1195,-1,1195,667,677,-1,1195,677,1196,-1,1196,677,1205,-1,
        ]
    }
}
Shape{
    appearance Appearance {
        material  Material 	{
            diffuseColor 0.6470588235294118 0.6196078431372549 0.5882352941176471
            specularColor 0.45098039215686275 0.43529411764705883 0.4117647058823529
            ambientIntensity 0.6242
            transparency 0.0
            shininess 0.5
        }
    }
    geometry IndexedFaceSet {
        ccw TRUE
        solid FALSE
        coord DEF co Coordinate {
            point [
                -3.1253 0.3694 1.7956, -3.1253 0.418 1.7956, -3.1739 0.3694 1.7956, -3.1739 0.418 1.7956, -3.0512 0.4724 1.5752, -3.0512 0.315 1.5752, -3.0512 0.4724 0.5906, -3.0512 0.315 0.5906, -3.248 0.4724 0.5906, -3.248 0.315 0.5906, -3.248 0.4724 1.5752, -3.248 0.315 1.5752, -3.2283 0.2953 0.5906, -3.0709 0.2953 0.5906, -3.2283 0.2953 1.5752, -3.0709 0.2953 1.5752, -3.2283 0.4921 1.5752, -3.0709 0.4921 1.5752, -3.2283 0.4921 0.5906, -3.0709 0.4921 0.5906, -3.2283 0.4921 0.0, -3.0709 0.4921 0.0, -3.2283 0.4921 -0.9607, -3.0709 0.4921 -0.9607, -3.2283 0.2953 -0.9607, -3.0709 0.2953 -0.9607, -3.2283 0.2953 0.0, -3.0709 0.2953 0.0, -3.0512 0.4724 0.0, -3.0512 0.315 0.0, -3.0512 0.4724 -0.9607, -3.0512 0.315 -0.9607, -3.248 0.4724 -0.9607, -3.248 0.315 -0.9607, -3.248 0.4724 0.0, -3.248 0.315 0.0, -3.1253 0.418 -1.1811, -3.1253 0.3694 -1.1811, -3.1739 0.418 -1.1811, -3.1739 0.3694 -1.1811, -3.1253 -0.418 1.7956, -3.1253 -0.3694 1.7956, -3.1739 -0.418 1.7956, -3.1739 -0.3694 1.7956, -3.248 -0.4724 1.5752, -3.248 -0.315 1.5752, -3.248 -0.4724 0.5906, -3.248 -0.315 0.5906, -3.0512 -0.4724 0.5906, -3.0512 -0.315 0.5906, -3.0512 -0.4724 1.5752, -3.0512 -0.315 1.5752, -3.2283 -0.2953 1.5752, -3.0709 -0.2953 1.5752, -3.2283 -0.2953 0.5906, -3.0709 -0.2953 0.5906, -3.2283 -0.4921 0.5906, -3.0709 -0.4921 0.5906, -3.2283 -0.4921 1.5752, -3.0709 -0.4921 1.5752, -3.0709 -0.4921 0.0, -3.2283 -0.4921 0.0, -3.0709 -0.4921 -0.9607, -3.2283 -0.4921 -0.9607, -3.2283 -0.2953 0.0, -3.0709 -0.2953 0.0, -3.2283 -0.2953 -0.9607, -3.0709 -0.2953 -0.9607, -3.0512 -0.4724 -0.9607, -3.0512 -0.315 -0.9607, -3.0512 -0.4724 0.0, -3.0512 -0.315 0.0, -3.248 -0.315 -0.9607, -3.248 -0.4724 -0.9607, -3.248 -0.315 0.0, -3.248 -0.4724 0.0, -3.1253 -0.3694 -1.1811, -3.1253 -0.418 -1.1811, -3.1739 -0.3694 -1.1811, -3.1739 -0.418 -1.1811, -3.0702 0.4921 -0.9607, -3.1253 0.437 -1.1665, -3.1739 0.437 -1.1665, -3.229 0.4921 -0.9607, -3.0512 0.3143 -0.9607, -3.1063 0.3694 -1.1665, -3.1063 0.418 -1.1665, -3.0512 0.4731 -0.9607, -3.248 0.4731 -0.9607, -3.1929 0.418 -1.1665, -3.1929 0.3694 -1.1665, -3.248 0.3143 -0.9607, -3.229 0.2953 -0.9607, -3.1739 0.3504 -1.1665, -3.1253 0.3504 -1.1665, -3.0702 0.2953 -0.9607, -3.0702 -0.2953 -0.9607, -3.1253 -0.3504 -1.1665, -3.1739 -0.3504 -1.1665, -3.229 -0.2953 -0.9607, -3.0512 -0.4731 -0.9607, -3.1063 -0.418 -1.1665, -3.1063 -0.3694 -1.1665, -3.0512 -0.3143 -0.9607, -3.248 -0.3143 -0.9607, -3.1929 -0.3694 -1.1665, -3.1929 -0.418 -1.1665, -3.248 -0.4731 -0.9607, -3.229 -0.4921 -0.9607, -3.1739 -0.437 -1.1665, -3.1253 -0.437 -1.1665, -3.0702 -0.4921 -0.9607, -3.0702 -0.4921 1.5752, -3.1253 -0.437 1.781, -3.1739 -0.437 1.781, -3.229 -0.4921 1.5752, -3.0512 -0.3143 1.5752, -3.1063 -0.3694 1.781, -3.1063 -0.418 1.781, -3.0512 -0.4731 1.5752, -3.248 -0.4731 1.5752, -3.1929 -0.418 1.781, -3.1929 -0.3694 1.781, -3.248 -0.3143 1.5752, -3.229 -0.2953 1.5752, -3.1739 -0.3504 1.781, -3.1253 -0.3504 1.781, -3.0702 -0.2953 1.5752, -3.0702 0.2953 1.5752, -3.1253 0.3504 1.781, -3.1739 0.3504 1.781, -3.229 0.2953 1.5752, -3.0512 0.4731 1.5752, -3.1063 0.418 1.781, -3.1063 0.3694 1.781, -3.0512 0.3143 1.5752, -3.248 0.3143 1.5752, -3.1929 0.3694 1.781, -3.1929 0.418 1.781, -3.248 0.4731 1.5752, -3.229 0.4921 1.5752, -3.1739 0.437 1.781, -3.1253 0.437 1.781, -3.0702 0.4921 1.5752, -3.2334 -0.296 1.5757, -3.2334 -0.2959 0.5906, -3.2339 -0.2961 1.5757, -3.2382 -0.2979 0.5906, -3.2382 -0.2979 1.5761, -3.2384 -0.298 1.5761, -3.2423 -0.301 0.5906, -3.2423 -0.301 1.5762, -3.2453 -0.3049 1.5761, -3.2454 -0.3051 0.5906, -3.2454 -0.3051 1.5761, -3.2472 -0.3094 1.5757, -3.2474 -0.3099 0.5906, -3.2473 -0.3099 1.5757, -3.0519 -0.3099 1.5757, -3.0519 -0.3099 0.5906, -3.052 -0.3094 1.5757, -3.0538 -0.3051 0.5906, -3.0538 -0.3051 1.5761, -3.0539 -0.3049 1.5761, -3.0569 -0.301 0.5906, -3.0569 -0.301 1.5762, -3.0608 -0.298 1.5761, -3.061 -0.2979 0.5906, -3.061 -0.2979 1.5761, -3.0653 -0.2961 1.5757, -3.0658 -0.2959 0.5906, -3.0658 -0.296 1.5757, -3.192 -0.3647 1.782, -3.1919 -0.3646 1.782, -3.1899 -0.3603 1.7826, -3.1899 -0.3602 1.7826, -3.1869 -0.3564 1.7829, -3.1831 -0.3534 1.7826, -3.183 -0.3534 1.7826, -3.1787 -0.3514 1.782, -3.1786 -0.3513 1.782, -3.1253 -0.3652 1.7951, -3.1253 -0.3519 1.7849, -3.1739 -0.3519 1.7849, -3.1253 -0.352 1.785, -3.1739 -0.352 1.785, -3.1253 -0.3543 1.7885, -3.1739 -0.3543 1.7885, -3.1253 -0.3544 1.7885, -3.1739 -0.3544 1.7885, -3.1253 -0.3574 1.7914, -3.1739 -0.3574 1.7914, -3.1253 -0.3575 1.7915, -3.1739 -0.3575 1.7915, -3.1253 -0.3611 1.7937, -3.1739 -0.3611 1.7937, -3.1253 -0.3611 1.7937, -3.1739 -0.3611 1.7937, -3.1253 -0.3651 1.7951, -3.1739 -0.3651 1.7951, -3.1739 -0.3652 1.7951, -3.1206 -0.3513 1.782, -3.1205 -0.3514 1.782, -3.1162 -0.3534 1.7826, -3.1161 -0.3534 1.7826, -3.1123 -0.3564 1.7829, -3.1093 -0.3602 1.7826, -3.1093 -0.3603 1.7826, -3.1073 -0.3646 1.782, -3.1072 -0.3647 1.782, -3.2473 -0.4775 1.5757, -3.2474 -0.4775 0.5906, -3.2472 -0.478 1.5757, -3.2454 -0.4823 0.5906, -3.2454 -0.4823 1.5761, -3.2453 -0.4825 1.5761, -3.2423 -0.4864 0.5906, -3.2423 -0.4864 1.5762, -3.2384 -0.4894 1.5761, -3.2382 -0.4895 0.5906, -3.2382 -0.4895 1.5761, -3.2339 -0.4913 1.5757, -3.2334 -0.4915 0.5906, -3.2334 -0.4914 1.5757, -3.1889 -0.3694 1.7885, -3.1859 -0.3694 1.7914, -3.1855 -0.3663 1.7914, -3.182 -0.3673 1.7937, -3.178 -0.3683 1.7951, -3.1776 -0.3673 1.7951, -3.176 -0.3657 1.7951, -3.1769 -0.3664 1.7951, -3.175 -0.3653 1.7951, -3.1781 -0.3694 1.7951, -3.1908 -0.3649 1.7849, -3.189 -0.3607 1.7849, -3.1863 -0.357 1.7849, -3.1826 -0.3543 1.7849, -3.1784 -0.3525 1.7849, -3.1859 -0.3694 1.7915, -3.1822 -0.3694 1.7937, -3.1822 -0.3694 1.7937, -3.1782 -0.3694 1.7951, -3.1811 -0.3653 1.7937, -3.1798 -0.3635 1.7937, -3.1781 -0.3622 1.7937, -3.176 -0.3614 1.7937, -3.1843 -0.3634 1.7914, -3.1824 -0.3609 1.7914, -3.1799 -0.359 1.7914, -3.177 -0.3578 1.7914, -3.1913 -0.3694 1.785, -3.189 -0.3694 1.7885, -3.1885 -0.3655 1.7885, -3.187 -0.3619 1.7885, -3.1846 -0.3587 1.7885, -3.1814 -0.3563 1.7885, -3.1778 -0.3548 1.7885, -3.1914 -0.3694 1.7849, -3.1222 -0.3578 1.7914, -3.1232 -0.3614 1.7937, -3.1242 -0.3653 1.7951, -3.1232 -0.3657 1.7951, -3.1216 -0.3673 1.7951, -3.1223 -0.3664 1.7951, -3.1212 -0.3683 1.7951, -3.1208 -0.3525 1.7849, -3.1166 -0.3543 1.7849, -3.113 -0.357 1.7849, -3.1102 -0.3607 1.7849, -3.1084 -0.3649 1.7849, -3.1078 -0.3694 1.7849, -3.1211 -0.3694 1.7951, -3.1212 -0.3622 1.7937, -3.1194 -0.3635 1.7937, -3.1181 -0.3653 1.7937, -3.1173 -0.3673 1.7937, -3.1211 -0.3694 1.7951, -3.117 -0.3694 1.7937, -3.117 -0.3694 1.7937, -3.1134 -0.3694 1.7915, -3.1193 -0.359 1.7914, -3.1168 -0.3609 1.7914, -3.1149 -0.3634 1.7914, -3.1137 -0.3663 1.7914, -3.1214 -0.3548 1.7885, -3.1178 -0.3563 1.7885, -3.1146 -0.3587 1.7885, -3.1122 -0.3619 1.7885, -3.1107 -0.3655 1.7885, -3.1133 -0.3694 1.7914, -3.1103 -0.3694 1.7885, -3.1102 -0.3694 1.7885, -3.1079 -0.3694 1.785, -3.0658 -0.4914 1.5757, -3.0658 -0.4915 0.5906, -3.0653 -0.4913 1.5757, -3.061 -0.4895 0.5906, -3.061 -0.4895 1.5761, -3.0608 -0.4894 1.5761, -3.0569 -0.4864 0.5906, -3.0569 -0.4864 1.5762, -3.0539 -0.4825 1.5761, -3.0538 -0.4823 0.5906, -3.0538 -0.4823 1.5761, -3.052 -0.478 1.5757, -3.0519 -0.4775 0.5906, -3.0519 -0.4775 1.5757, -3.178 -0.4362 1.7819, -3.1786 -0.4361 1.782, -3.1819 -0.4346 1.7825, -3.183 -0.434 1.7826, -3.1869 -0.431 1.7829, -3.1882 -0.4294 1.7828, -3.1899 -0.4271 1.7826, -3.192 -0.4227 1.782, -3.1921 -0.4221 1.7819, -3.1914 -0.418 1.7849, -3.1913 -0.418 1.785, -3.189 -0.418 1.7885, -3.1889 -0.418 1.7885, -3.1859 -0.418 1.7914, -3.1859 -0.418 1.7915, -3.1822 -0.418 1.7937, -3.1822 -0.418 1.7937, -3.1782 -0.418 1.7951, -3.1781 -0.418 1.7951, -3.1078 -0.418 1.7849, -3.1079 -0.418 1.785, -3.1102 -0.418 1.7885, -3.1103 -0.418 1.7885, -3.1133 -0.418 1.7914, -3.1134 -0.418 1.7915, -3.117 -0.418 1.7937, -3.117 -0.418 1.7937, -3.1211 -0.418 1.7951, -3.1211 -0.418 1.7951, -3.1072 -0.4227 1.782, -3.1073 -0.4228 1.782, -3.1093 -0.4271 1.7826, -3.1093 -0.4272 1.7826, -3.1123 -0.431 1.7829, -3.1161 -0.434 1.7826, -3.1162 -0.434 1.7826, -3.1205 -0.436 1.782, -3.1206 -0.4361 1.782, -3.1739 -0.4354 1.785, -3.1739 -0.4331 1.7885, -3.1772 -0.4327 1.7885, -3.1739 -0.433 1.7885, -3.1739 -0.43 1.7914, -3.1766 -0.4297 1.7914, -3.1757 -0.4261 1.7937, -3.1748 -0.4221 1.7951, -3.1757 -0.4218 1.7951, -3.1777 -0.4198 1.7951, -3.1772 -0.4206 1.7951, -3.1781 -0.4189 1.7951, -3.1739 -0.4222 1.7951, -3.1778 -0.435 1.7849, -3.1815 -0.4338 1.7849, -3.1848 -0.4317 1.7849, -3.1876 -0.4289 1.7849, -3.1897 -0.4256 1.7849, -3.191 -0.4219 1.7849, -3.1739 -0.4299 1.7915, -3.1739 -0.4263 1.7937, -3.1739 -0.4263 1.7937, -3.1739 -0.4223 1.7951, -3.1791 -0.4245 1.7937, -3.1804 -0.4232 1.7937, -3.1814 -0.4216 1.7937, -3.182 -0.4198 1.7937, -3.1775 -0.4255 1.7937, -3.1765 -0.4213 1.7951, -3.1791 -0.4288 1.7914, -3.1814 -0.4274 1.7914, -3.1833 -0.4255 1.7914, -3.1847 -0.4232 1.7914, -3.1856 -0.4206 1.7914, -3.1804 -0.4316 1.7885, -3.1833 -0.4298 1.7885, -3.1857 -0.4274 1.7885, -3.1875 -0.4245 1.7885, -3.1886 -0.4213 1.7885, -3.1739 -0.4355 1.7849, -3.1137 -0.4211 1.7914, -3.1173 -0.4201 1.7937, -3.1212 -0.4191 1.7951, -3.1216 -0.4201 1.7951, -3.1232 -0.4217 1.7951, -3.1223 -0.421 1.7951, -3.1242 -0.4221 1.7951, -3.1084 -0.4225 1.7849, -3.1102 -0.4267 1.7849, -3.113 -0.4304 1.7849, -3.1166 -0.4331 1.7849, -3.1208 -0.4349 1.7849, -3.1253 -0.4355 1.7849, -3.1253 -0.4222 1.7951, -3.1181 -0.4221 1.7937, -3.1194 -0.4239 1.7937, -3.1212 -0.4252 1.7937, -3.1232 -0.426 1.7937, -3.1253 -0.4223 1.7951, -3.1253 -0.4263 1.7937, -3.1253 -0.4263 1.7937, -3.1253 -0.4299 1.7915, -3.1149 -0.424 1.7914, -3.1168 -0.4265 1.7914, -3.1193 -0.4284 1.7914, -3.1222 -0.4296 1.7914, -3.1107 -0.4219 1.7885, -3.1122 -0.4255 1.7885, -3.1146 -0.4287 1.7885, -3.1178 -0.4311 1.7885, -3.1214 -0.4326 1.7885, -3.1253 -0.43 1.7914, -3.1253 -0.433 1.7885, -3.1253 -0.4331 1.7885, -3.1253 -0.4354 1.785, -3.2334 0.4914 1.5757, -3.2334 0.4915 0.5906, -3.2339 0.4913 1.5757, -3.2382 0.4895 0.5906, -3.2382 0.4895 1.5761, -3.2384 0.4894 1.5761, -3.2423 0.4864 0.5906, -3.2423 0.4864 1.5762, -3.2453 0.4825 1.5761, -3.2454 0.4823 0.5906, -3.2454 0.4823 1.5761, -3.2472 0.478 1.5757, -3.2474 0.4775 0.5906, -3.2473 0.4775 1.5757, -3.0519 0.4775 1.5757, -3.0519 0.4775 0.5906, -3.052 0.478 1.5757, -3.0538 0.4823 0.5906, -3.0538 0.4823 1.5761, -3.0539 0.4825 1.5761, -3.0569 0.4864 0.5906, -3.0569 0.4864 1.5762, -3.0608 0.4894 1.5761, -3.061 0.4895 0.5906, -3.061 0.4895 1.5761, -3.0653 0.4913 1.5757, -3.0658 0.4915 0.5906, -3.0658 0.4914 1.5757, -3.1921 0.4221 1.7819, -3.192 0.4227 1.782, -3.1905 0.426 1.7825, -3.1899 0.4271 1.7826, -3.1869 0.431 1.7829, -3.1853 0.4323 1.7828, -3.183 0.434 1.7826, -3.1786 0.4361 1.782, -3.178 0.4362 1.7819, -3.1253 0.4355 1.7849, -3.1739 0.4355 1.7849, -3.1253 0.4354 1.785, -3.1739 0.4354 1.785, -3.1253 0.4331 1.7885, -3.1739 0.4331 1.7885, -3.1253 0.433 1.7885, -3.1739 0.433 1.7885, -3.1253 0.43 1.7914, -3.1739 0.43 1.7914, -3.1253 0.4299 1.7915, -3.1739 0.4299 1.7915, -3.1253 0.4263 1.7937, -3.1739 0.4263 1.7937, -3.1253 0.4263 1.7937, -3.1739 0.4263 1.7937, -3.1253 0.4223 1.7951, -3.1739 0.4223 1.7951, -3.1253 0.4222 1.7951, -3.1739 0.4222 1.7951, -3.1206 0.4361 1.782, -3.1205 0.436 1.782, -3.1162 0.434 1.7826, -3.1161 0.434 1.7826, -3.1123 0.431 1.7829, -3.1093 0.4272 1.7826, -3.1093 0.4271 1.7826, -3.1073 0.4228 1.782, -3.1072 0.4227 1.782, -3.2473 0.3099 1.5757, -3.2474 0.3099 0.5906, -3.2472 0.3094 1.5757, -3.2454 0.3051 0.5906, -3.2454 0.3051 1.5761, -3.2453 0.3049 1.5761, -3.2423 0.301 0.5906, -3.2423 0.301 1.5762, -3.2384 0.298 1.5761, -3.2382 0.2979 0.5906, -3.2382 0.2979 1.5761, -3.2339 0.2961 1.5757, -3.2334 0.2959 0.5906, -3.2334 0.296 1.5757, -3.1913 0.418 1.785, -3.189 0.418 1.7885, -3.1886 0.4213 1.7885, -3.1889 0.418 1.7885, -3.1859 0.418 1.7914, -3.1856 0.4206 1.7914, -3.182 0.4198 1.7937, -3.1781 0.4189 1.7951, -3.1777 0.4198 1.7951, -3.1757 0.4218 1.7951, -3.1765 0.4213 1.7951, -3.1748 0.4221 1.7951, -3.1781 0.418 1.7951, -3.191 0.4219 1.7849, -3.1897 0.4256 1.7849, -3.1876 0.4289 1.7849, -3.1848 0.4317 1.7849, -3.1815 0.4338 1.7849, -3.1778 0.435 1.7849, -3.1859 0.418 1.7915, -3.1822 0.418 1.7937, -3.1822 0.418 1.7937, -3.1782 0.418 1.7951, -3.1804 0.4232 1.7937, -3.1791 0.4245 1.7937, -3.1775 0.4255 1.7937, -3.1757 0.4261 1.7937, -3.1814 0.4216 1.7937, -3.1772 0.4206 1.7951, -3.1847 0.4232 1.7914, -3.1833 0.4255 1.7914, -3.1814 0.4274 1.7914, -3.1791 0.4288 1.7914, -3.1766 0.4297 1.7914, -3.1875 0.4245 1.7885, -3.1857 0.4274 1.7885, -3.1833 0.4298 1.7885, -3.1804 0.4316 1.7885, -3.1772 0.4327 1.7885, -3.1914 0.418 1.7849, -3.1222 0.4296 1.7914, -3.1232 0.426 1.7937, -3.1242 0.4221 1.7951, -3.1232 0.4217 1.7951, -3.1216 0.4201 1.7951, -3.1223 0.421 1.7951, -3.1212 0.4191 1.7951, -3.1208 0.4349 1.7849, -3.1166 0.4331 1.7849, -3.113 0.4304 1.7849, -3.1102 0.4267 1.7849, -3.1084 0.4225 1.7849, -3.1078 0.418 1.7849, -3.1211 0.418 1.7951, -3.1212 0.4252 1.7937, -3.1194 0.4239 1.7937, -3.1181 0.4221 1.7937, -3.1173 0.4201 1.7937, -3.1211 0.418 1.7951, -3.117 0.418 1.7937, -3.117 0.418 1.7937, -3.1134 0.418 1.7915, -3.1193 0.4284 1.7914, -3.1168 0.4265 1.7914, -3.1149 0.424 1.7914, -3.1137 0.4211 1.7914, -3.1214 0.4326 1.7885, -3.1178 0.4311 1.7885, -3.1146 0.4287 1.7885, -3.1122 0.4255 1.7885, -3.1107 0.4219 1.7885, -3.1133 0.418 1.7914, -3.1103 0.418 1.7885, -3.1102 0.418 1.7885, -3.1079 0.418 1.785, -3.0658 0.296 1.5757, -3.0658 0.2959 0.5906, -3.0653 0.2961 1.5757, -3.061 0.2979 0.5906, -3.061 0.2979 1.5761, -3.0608 0.298 1.5761, -3.0569 0.301 0.5906, -3.0569 0.301 1.5762, -3.0539 0.3049 1.5761, -3.0538 0.3051 0.5906, -3.0538 0.3051 1.5761, -3.052 0.3094 1.5757, -3.0519 0.3099 0.5906, -3.0519 0.3099 1.5757, -3.1786 0.3513 1.782, -3.1787 0.3514 1.782, -3.183 0.3534 1.7826, -3.1831 0.3534 1.7826, -3.1869 0.3564 1.7829, -3.1899 0.3602 1.7826, -3.1899 0.3603 1.7826, -3.1919 0.3646 1.782, -3.192 0.3647 1.782, -3.1914 0.3694 1.7849, -3.1913 0.3694 1.785, -3.189 0.3694 1.7885, -3.1889 0.3694 1.7885, -3.1859 0.3694 1.7914, -3.1859 0.3694 1.7915, -3.1822 0.3694 1.7937, -3.1822 0.3694 1.7937, -3.1782 0.3694 1.7951, -3.1781 0.3694 1.7951, -3.1078 0.3694 1.7849, -3.1079 0.3694 1.785, -3.1102 0.3694 1.7885, -3.1103 0.3694 1.7885, -3.1133 0.3694 1.7914, -3.1134 0.3694 1.7915, -3.117 0.3694 1.7937, -3.117 0.3694 1.7937, -3.1211 0.3694 1.7951, -3.1211 0.3694 1.7951, -3.1072 0.3647 1.782, -3.1073 0.3646 1.782, -3.1093 0.3603 1.7826, -3.1093 0.3602 1.7826, -3.1123 0.3564 1.7829, -3.1161 0.3534 1.7826, -3.1162 0.3534 1.7826, -3.1205 0.3514 1.782, -3.1206 0.3513 1.782, -3.1739 0.3544 1.7885, -3.1739 0.3574 1.7914, -3.177 0.3578 1.7914, -3.176 0.3614 1.7937, -3.175 0.3653 1.7951, -3.176 0.3657 1.7951, -3.1776 0.3673 1.7951, -3.1769 0.3664 1.7951, -3.178 0.3683 1.7951, -3.1739 0.3652 1.7951, -3.1784 0.3525 1.7849, -3.1826 0.3543 1.7849, -3.1863 0.357 1.7849, -3.189 0.3607 1.7849, -3.1908 0.3649 1.7849, -3.1739 0.3575 1.7915, -3.1739 0.3611 1.7937, -3.1739 0.3611 1.7937, -3.1739 0.3651 1.7951, -3.1781 0.3622 1.7937, -3.1798 0.3635 1.7937, -3.1811 0.3653 1.7937, -3.182 0.3673 1.7937, -3.1799 0.359 1.7914, -3.1824 0.3609 1.7914, -3.1843 0.3634 1.7914, -3.1855 0.3663 1.7914, -3.1739 0.352 1.785, -3.1739 0.3543 1.7885, -3.1778 0.3548 1.7885, -3.1814 0.3563 1.7885, -3.1846 0.3587 1.7885, -3.187 0.3619 1.7885, -3.1885 0.3655 1.7885, -3.1739 0.3519 1.7849, -3.1137 0.3663 1.7914, -3.1173 0.3673 1.7937, -3.1212 0.3683 1.7951, -3.1216 0.3673 1.7951, -3.1232 0.3657 1.7951, -3.1223 0.3664 1.7951, -3.1242 0.3653 1.7951, -3.1084 0.3649 1.7849, -3.1102 0.3607 1.7849, -3.113 0.357 1.7849, -3.1166 0.3543 1.7849, -3.1208 0.3525 1.7849, -3.1253 0.3519 1.7849, -3.1253 0.3652 1.7951, -3.1181 0.3653 1.7937, -3.1194 0.3635 1.7937, -3.1212 0.3622 1.7937, -3.1232 0.3614 1.7937, -3.1253 0.3651 1.7951, -3.1253 0.3611 1.7937, -3.1253 0.3611 1.7937, -3.1253 0.3575 1.7915, -3.1149 0.3634 1.7914, -3.1168 0.3609 1.7914, -3.1193 0.359 1.7914, -3.1222 0.3578 1.7914, -3.1107 0.3655 1.7885, -3.1122 0.3619 1.7885, -3.1146 0.3587 1.7885, -3.1178 0.3563 1.7885, -3.1214 0.3548 1.7885, -3.1253 0.3574 1.7914, -3.1253 0.3544 1.7885, -3.1253 0.3543 1.7885, -3.1253 0.352 1.785, -3.2334 0.296 -0.9612, -3.2334 0.2959 0.0, -3.2339 0.2961 -0.9613, -3.2382 0.2979 0.0, -3.2382 0.2979 -0.9616, -3.2384 0.298 -0.9616, -3.2423 0.301 0.0, -3.2423 0.301 -0.9617, -3.2453 0.3049 -0.9616, -3.2454 0.3051 0.0, -3.2454 0.3051 -0.9616, -3.2472 0.3094 -0.9613, -3.2474 0.3099 0.0, -3.2473 0.3099 -0.9612, -3.0519 0.3099 -0.9612, -3.0519 0.3099 0.0, -3.052 0.3094 -0.9613, -3.0538 0.3051 0.0, -3.0538 0.3051 -0.9616, -3.0539 0.3049 -0.9616, -3.0569 0.301 0.0, -3.0569 0.301 -0.9617, -3.0608 0.298 -0.9616, -3.061 0.2979 0.0, -3.061 0.2979 -0.9616, -3.0653 0.2961 -0.9613, -3.0658 0.2959 0.0, -3.0658 0.296 -0.9612, -3.1921 0.3653 -1.1674, -3.192 0.3647 -1.1675, -3.1905 0.3614 -1.168, -3.1899 0.3603 -1.1682, -3.1869 0.3564 -1.1684, -3.1853 0.3551 -1.1683, -3.183 0.3534 -1.1682, -3.1786 0.3513 -1.1675, -3.178 0.3512 -1.1674, -3.1739 0.3651 -1.1806, -3.1253 0.3651 -1.1806, -3.1739 0.3644 -1.1804, -3.1253 0.3644 -1.1804, -3.1739 0.3611 -1.1792, -3.1253 0.3611 -1.1792, -3.1739 0.3597 -1.1784, -3.1253 0.3597 -1.1784, -3.1739 0.3574 -1.177, -3.1253 0.3574 -1.177, -3.1739 0.3556 -1.1753, -3.1253 0.3556 -1.1753, -3.1739 0.3543 -1.174, -3.1253 0.3543 -1.174, -3.1739 0.3525 -1.1712, -3.1253 0.3525 -1.1712, -3.1739 0.3519 -1.1704, -3.1253 0.3519 -1.1704, -3.1206 0.3513 -1.1675, -3.1205 0.3514 -1.1675, -3.1162 0.3534 -1.1682, -3.1161 0.3534 -1.1682, -3.1123 0.3564 -1.1684, -3.1093 0.3602 -1.1682, -3.1093 0.3603 -1.1682, -3.1073 0.3646 -1.1675, -3.1072 0.3647 -1.1675, -3.2473 0.4775 -0.9612, -3.2474 0.4775 0.0, -3.2472 0.478 -0.9613, -3.2454 0.4823 0.0, -3.2454 0.4823 -0.9616, -3.2453 0.4825 -0.9616, -3.2423 0.4864 0.0, -3.2423 0.4864 -0.9617, -3.2384 0.4894 -0.9616, -3.2382 0.4895 0.0, -3.2382 0.4895 -0.9616, -3.2339 0.4913 -0.9613, -3.2334 0.4915 0.0, -3.2334 0.4914 -0.9612, -3.1781 0.3694 -1.1806, -3.1781 0.3685 -1.1806, -3.1897 0.3618 -1.1704, -3.191 0.3655 -1.1704, -3.1778 0.3524 -1.1704, -3.1772 0.3547 -1.174, -3.1914 0.3694 -1.1704, -3.1913 0.3694 -1.1705, -3.1886 0.3661 -1.174, -3.1766 0.3577 -1.177, -3.189 0.3694 -1.174, -3.1889 0.3694 -1.1741, -3.1856 0.3668 -1.177, -3.1859 0.3694 -1.177, -3.1859 0.3694 -1.177, -3.182 0.3676 -1.1792, -3.1748 0.3653 -1.1806, -3.1757 0.3613 -1.1792, -3.1815 0.3537 -1.1704, -3.1848 0.3557 -1.1704, -3.1804 0.3558 -1.174, -3.1833 0.3576 -1.174, -3.1791 0.3586 -1.177, -3.1814 0.36 -1.177, -3.1775 0.3619 -1.1792, -3.1791 0.3629 -1.1792, -3.1757 0.3656 -1.1806, -3.1765 0.3661 -1.1806, -3.1876 0.3585 -1.1704, -3.1857 0.36 -1.174, -3.1833 0.3619 -1.177, -3.1804 0.3642 -1.1792, -3.1772 0.3668 -1.1806, -3.1875 0.3629 -1.174, -3.1847 0.3642 -1.177, -3.1814 0.3658 -1.1792, -3.1777 0.3676 -1.1806, -3.1822 0.3694 -1.1792, -3.1822 0.3694 -1.1793, -3.1782 0.3694 -1.1806, -3.1223 0.3664 -1.1806, -3.1232 0.3657 -1.1806, -3.117 0.3694 -1.1793, -3.117 0.3694 -1.1792, -3.1173 0.3673 -1.1792, -3.1134 0.3694 -1.177, -3.1133 0.3694 -1.177, -3.1137 0.3663 -1.177, -3.1214 0.3548 -1.174, -3.1107 0.3655 -1.174, -3.1084 0.3649 -1.1704, -3.1102 0.3607 -1.1704, -3.1208 0.3525 -1.1704, -3.1078 0.3694 -1.1704, -3.1079 0.3694 -1.1705, -3.1102 0.3694 -1.174, -3.1103 0.3694 -1.1741, -3.1122 0.3619 -1.174, -3.113 0.357 -1.1704, -3.1149 0.3634 -1.177, -3.1146 0.3587 -1.174, -3.1166 0.3543 -1.1704, -3.1222 0.3578 -1.177, -3.1232 0.3614 -1.1792, -3.1212 0.3622 -1.1792, -3.1178 0.3563 -1.174, -3.1168 0.3609 -1.177, -3.1181 0.3653 -1.1792, -3.1212 0.3683 -1.1806, -3.1242 0.3653 -1.1806, -3.1211 0.3694 -1.1806, -3.1211 0.3694 -1.1806, -3.1193 0.359 -1.177, -3.1194 0.3635 -1.1792, -3.1216 0.3673 -1.1806, -3.0658 0.4914 -0.9612, -3.0658 0.4915 0.0, -3.0653 0.4913 -0.9613, -3.061 0.4895 0.0, -3.061 0.4895 -0.9616, -3.0608 0.4894 -0.9616, -3.0569 0.4864 0.0, -3.0569 0.4864 -0.9617, -3.0539 0.4825 -0.9616, -3.0538 0.4823 0.0, -3.0538 0.4823 -0.9616, -3.052 0.478 -0.9613, -3.0519 0.4775 0.0, -3.0519 0.4775 -0.9612, -3.178 0.4362 -1.1674, -3.1786 0.4361 -1.1675, -3.1819 0.4346 -1.168, -3.183 0.434 -1.1682, -3.1869 0.431 -1.1684, -3.1882 0.4294 -1.1683, -3.1899 0.4271 -1.1682, -3.192 0.4227 -1.1675, -3.1921 0.4221 -1.1674, -3.1914 0.418 -1.1704, -3.1913 0.418 -1.1705, -3.189 0.418 -1.174, -3.1889 0.418 -1.1741, -3.1859 0.418 -1.177, -3.1859 0.418 -1.177, -3.1822 0.418 -1.1792, -3.1822 0.418 -1.1793, -3.1782 0.418 -1.1806, -3.1781 0.418 -1.1806, -3.1078 0.418 -1.1704, -3.1079 0.418 -1.1705, -3.1102 0.418 -1.174, -3.1103 0.418 -1.1741, -3.1133 0.418 -1.177, -3.1134 0.418 -1.177, -3.117 0.418 -1.1792, -3.117 0.418 -1.1793, -3.1211 0.418 -1.1806, -3.1211 0.418 -1.1806, -3.1072 0.4227 -1.1675, -3.1073 0.4228 -1.1675, -3.1093 0.4271 -1.1682, -3.1093 0.4272 -1.1682, -3.1123 0.431 -1.1684, -3.1161 0.434 -1.1682, -3.1162 0.434 -1.1682, -3.1205 0.436 -1.1675, -3.1206 0.4361 -1.1675, -3.1772 0.4206 -1.1806, -3.1765 0.4213 -1.1806, -3.182 0.4198 -1.1792, -3.1856 0.4206 -1.177, -3.1886 0.4213 -1.174, -3.191 0.4219 -1.1704, -3.1897 0.4256 -1.1704, -3.1778 0.435 -1.1704, -3.1739 0.4355 -1.1704, -3.1815 0.4338 -1.1704, -3.1875 0.4245 -1.174, -3.1876 0.4289 -1.1704, -3.1772 0.4327 -1.174, -3.1766 0.4297 -1.177, -3.1791 0.4288 -1.177, -3.1739 0.4349 -1.1712, -3.1739 0.4331 -1.174, -3.1739 0.4318 -1.1753, -3.1847 0.4232 -1.177, -3.1857 0.4274 -1.174, -3.1848 0.4317 -1.1704, -3.1775 0.4255 -1.1792, -3.1791 0.4245 -1.1792, -3.1833 0.4298 -1.174, -3.1833 0.4255 -1.177, -3.1814 0.4216 -1.1792, -3.1781 0.4189 -1.1806, -3.1757 0.4218 -1.1806, -3.1757 0.4261 -1.1792, -3.1748 0.4221 -1.1806, -3.1739 0.4223 -1.1806, -3.1739 0.43 -1.177, -3.1739 0.4277 -1.1784, -3.1739 0.4263 -1.1792, -3.1739 0.423 -1.1804, -3.1804 0.4316 -1.174, -3.1814 0.4274 -1.177, -3.1804 0.4232 -1.1792, -3.1777 0.4198 -1.1806, -3.1212 0.4191 -1.1806, -3.1208 0.4349 -1.1704, -3.1166 0.4331 -1.1704, -3.1084 0.4225 -1.1704, -3.1253 0.4355 -1.1704, -3.1253 0.4349 -1.1712, -3.1214 0.4326 -1.174, -3.1253 0.4331 -1.174, -3.1107 0.4219 -1.174, -3.1253 0.4318 -1.1753, -3.1222 0.4296 -1.177, -3.1253 0.43 -1.177, -3.1137 0.4211 -1.177, -3.1173 0.4201 -1.1792, -3.1253 0.4223 -1.1806, -3.1242 0.4221 -1.1806, -3.1253 0.423 -1.1804, -3.1232 0.426 -1.1792, -3.1253 0.4263 -1.1792, -3.1253 0.4277 -1.1784, -3.1178 0.4311 -1.174, -3.1193 0.4284 -1.177, -3.1212 0.4252 -1.1792, -3.1232 0.4217 -1.1806, -3.113 0.4304 -1.1704, -3.1146 0.4287 -1.174, -3.1168 0.4265 -1.177, -3.1194 0.4239 -1.1792, -3.1223 0.421 -1.1806, -3.1102 0.4267 -1.1704, -3.1122 0.4255 -1.174, -3.1149 0.424 -1.177, -3.1181 0.4221 -1.1792, -3.1216 0.4201 -1.1806, -3.2334 -0.4914 -0.9612, -3.2334 -0.4915 0.0, -3.2339 -0.4913 -0.9613, -3.2382 -0.4895 0.0, -3.2382 -0.4895 -0.9616, -3.2384 -0.4894 -0.9616, -3.2423 -0.4864 0.0, -3.2423 -0.4864 -0.9617, -3.2453 -0.4825 -0.9616, -3.2454 -0.4823 0.0, -3.2454 -0.4823 -0.9616, -3.2472 -0.478 -0.9613, -3.2474 -0.4775 0.0, -3.2473 -0.4775 -0.9612, -3.0519 -0.4775 -0.9612, -3.0519 -0.4775 0.0, -3.052 -0.478 -0.9613, -3.0538 -0.4823 0.0, -3.0538 -0.4823 -0.9616, -3.0539 -0.4825 -0.9616, -3.0569 -0.4864 0.0, -3.0569 -0.4864 -0.9617, -3.0608 -0.4894 -0.9616, -3.061 -0.4895 0.0, -3.061 -0.4895 -0.9616, -3.0653 -0.4913 -0.9613, -3.0658 -0.4915 0.0, -3.0658 -0.4914 -0.9612, -3.1921 -0.4221 -1.1674, -3.192 -0.4227 -1.1675, -3.1905 -0.426 -1.168, -3.1899 -0.4271 -1.1682, -3.1869 -0.431 -1.1684, -3.1853 -0.4323 -1.1683, -3.183 -0.434 -1.1682, -3.1786 -0.4361 -1.1675, -3.178 -0.4362 -1.1674, -3.1253 -0.4355 -1.1704, -3.1739 -0.4355 -1.1704, -3.1253 -0.4349 -1.1712, -3.1739 -0.4349 -1.1712, -3.1253 -0.4331 -1.174, -3.1739 -0.4331 -1.174, -3.1253 -0.4318 -1.1753, -3.1739 -0.4318 -1.1753, -3.1253 -0.43 -1.177, -3.1739 -0.43 -1.177, -3.1253 -0.4277 -1.1784, -3.1739 -0.4277 -1.1784, -3.1253 -0.4263 -1.1792, -3.1739 -0.4263 -1.1792, -3.1253 -0.423 -1.1804, -3.1739 -0.423 -1.1804, -3.1253 -0.4223 -1.1806, -3.1739 -0.4223 -1.1806, -3.1206 -0.4361 -1.1675, -3.1205 -0.436 -1.1675, -3.1162 -0.434 -1.1682, -3.1161 -0.434 -1.1682, -3.1123 -0.431 -1.1684, -3.1093 -0.4272 -1.1682, -3.1093 -0.4271 -1.1682, -3.1073 -0.4228 -1.1675, -3.1072 -0.4227 -1.1675, -3.2473 -0.3099 -0.9612, -3.2474 -0.3099 0.0, -3.2472 -0.3094 -0.9613, -3.2454 -0.3051 0.0, -3.2454 -0.3051 -0.9616, -3.2453 -0.3049 -0.9616, -3.2423 -0.301 0.0, -3.2423 -0.301 -0.9617, -3.2384 -0.298 -0.9616, -3.2382 -0.2979 0.0, -3.2382 -0.2979 -0.9616, -3.2339 -0.2961 -0.9613, -3.2334 -0.2959 0.0, -3.2334 -0.296 -0.9612, -3.1781 -0.418 -1.1806, -3.1781 -0.4189 -1.1806, -3.1897 -0.4256 -1.1704, -3.191 -0.4219 -1.1704, -3.1778 -0.435 -1.1704, -3.1772 -0.4327 -1.174, -3.1914 -0.418 -1.1704, -3.1913 -0.418 -1.1705, -3.1886 -0.4213 -1.174, -3.1766 -0.4297 -1.177, -3.189 -0.418 -1.174, -3.1889 -0.418 -1.1741, -3.1856 -0.4206 -1.177, -3.1859 -0.418 -1.177, -3.1859 -0.418 -1.177, -3.182 -0.4198 -1.1792, -3.1748 -0.4221 -1.1806, -3.1757 -0.4261 -1.1792, -3.1815 -0.4338 -1.1704, -3.1848 -0.4317 -1.1704, -3.1804 -0.4316 -1.174, -3.1833 -0.4298 -1.174, -3.1791 -0.4288 -1.177, -3.1814 -0.4274 -1.177, -3.1775 -0.4255 -1.1792, -3.1791 -0.4245 -1.1792, -3.1757 -0.4218 -1.1806, -3.1765 -0.4213 -1.1806, -3.1876 -0.4289 -1.1704, -3.1857 -0.4274 -1.174, -3.1833 -0.4255 -1.177, -3.1804 -0.4232 -1.1792, -3.1772 -0.4206 -1.1806, -3.1875 -0.4245 -1.174, -3.1847 -0.4232 -1.177, -3.1814 -0.4216 -1.1792, -3.1777 -0.4198 -1.1806, -3.1822 -0.418 -1.1792, -3.1822 -0.418 -1.1793, -3.1782 -0.418 -1.1806, -3.1223 -0.421 -1.1806, -3.1232 -0.4217 -1.1806, -3.117 -0.418 -1.1793, -3.117 -0.418 -1.1792, -3.1173 -0.4201 -1.1792, -3.1134 -0.418 -1.177, -3.1133 -0.418 -1.177, -3.1137 -0.4211 -1.177, -3.1214 -0.4326 -1.174, -3.1107 -0.4219 -1.174, -3.1084 -0.4225 -1.1704, -3.1102 -0.4267 -1.1704, -3.1208 -0.4349 -1.1704, -3.1078 -0.418 -1.1704, -3.1079 -0.418 -1.1705, -3.1102 -0.418 -1.174, -3.1103 -0.418 -1.1741, -3.1122 -0.4255 -1.174, -3.113 -0.4304 -1.1704, -3.1149 -0.424 -1.177, -3.1146 -0.4287 -1.174, -3.1166 -0.4331 -1.1704, -3.1222 -0.4296 -1.177, -3.1232 -0.426 -1.1792, -3.1212 -0.4252 -1.1792, -3.1178 -0.4311 -1.174, -3.1168 -0.4265 -1.177, -3.1181 -0.4221 -1.1792, -3.1212 -0.4191 -1.1806, -3.1242 -0.4221 -1.1806, -3.1211 -0.418 -1.1806, -3.1211 -0.418 -1.1806, -3.1193 -0.4284 -1.177, -3.1194 -0.4239 -1.1792, -3.1216 -0.4201 -1.1806, -3.0658 -0.296 -0.9612, -3.0658 -0.2959 0.0, -3.0653 -0.2961 -0.9613, -3.061 -0.2979 0.0, -3.061 -0.2979 -0.9616, -3.0608 -0.298 -0.9616, -3.0569 -0.301 0.0, -3.0569 -0.301 -0.9617, -3.0539 -0.3049 -0.9616, -3.0538 -0.3051 0.0, -3.0538 -0.3051 -0.9616, -3.052 -0.3094 -0.9613, -3.0519 -0.3099 0.0, -3.0519 -0.3099 -0.9612, -3.178 -0.3512 -1.1674, -3.1786 -0.3513 -1.1675, -3.1819 -0.3528 -1.168, -3.183 -0.3534 -1.1682, -3.1869 -0.3564 -1.1684, -3.1882 -0.358 -1.1683, -3.1899 -0.3603 -1.1682, -3.192 -0.3647 -1.1675, -3.1921 -0.3653 -1.1674, -3.1914 -0.3694 -1.1704, -3.1913 -0.3694 -1.1705, -3.189 -0.3694 -1.174, -3.1889 -0.3694 -1.1741, -3.1859 -0.3694 -1.177, -3.1859 -0.3694 -1.177, -3.1822 -0.3694 -1.1792, -3.1822 -0.3694 -1.1793, -3.1782 -0.3694 -1.1806, -3.1781 -0.3694 -1.1806, -3.1078 -0.3694 -1.1704, -3.1079 -0.3694 -1.1705, -3.1102 -0.3694 -1.174, -3.1103 -0.3694 -1.1741, -3.1133 -0.3694 -1.177, -3.1134 -0.3694 -1.177, -3.117 -0.3694 -1.1792, -3.117 -0.3694 -1.1793, -3.1211 -0.3694 -1.1806, -3.1211 -0.3694 -1.1806, -3.1072 -0.3647 -1.1675, -3.1073 -0.3646 -1.1675, -3.1093 -0.3603 -1.1682, -3.1093 -0.3602 -1.1682, -3.1123 -0.3564 -1.1684, -3.1161 -0.3534 -1.1682, -3.1162 -0.3534 -1.1682, -3.1205 -0.3514 -1.1675, -3.1206 -0.3513 -1.1675, -3.1772 -0.3668 -1.1806, -3.1765 -0.3661 -1.1806, -3.182 -0.3676 -1.1792, -3.1856 -0.3668 -1.177, -3.1886 -0.3661 -1.174, -3.191 -0.3655 -1.1704, -3.1897 -0.3618 -1.1704, -3.1778 -0.3524 -1.1704, -3.1739 -0.3519 -1.1704, -3.1815 -0.3537 -1.1704, -3.1875 -0.3629 -1.174, -3.1876 -0.3585 -1.1704, -3.1772 -0.3547 -1.174, -3.1766 -0.3577 -1.177, -3.1791 -0.3586 -1.177, -3.1739 -0.3525 -1.1712, -3.1739 -0.3543 -1.174, -3.1739 -0.3556 -1.1753, -3.1847 -0.3642 -1.177, -3.1857 -0.36 -1.174, -3.1848 -0.3557 -1.1704, -3.1775 -0.3619 -1.1792, -3.1791 -0.3629 -1.1792, -3.1833 -0.3576 -1.174, -3.1833 -0.3619 -1.177, -3.1814 -0.3658 -1.1792, -3.1781 -0.3685 -1.1806, -3.1757 -0.3656 -1.1806, -3.1757 -0.3613 -1.1792, -3.1748 -0.3653 -1.1806, -3.1739 -0.3651 -1.1806, -3.1739 -0.3574 -1.177, -3.1739 -0.3597 -1.1784, -3.1739 -0.3611 -1.1792, -3.1739 -0.3644 -1.1804, -3.1804 -0.3558 -1.174, -3.1814 -0.36 -1.177, -3.1804 -0.3642 -1.1792, -3.1777 -0.3676 -1.1806, -3.1212 -0.3683 -1.1806, -3.1208 -0.3525 -1.1704, -3.1166 -0.3543 -1.1704, -3.1084 -0.3649 -1.1704, -3.1253 -0.3519 -1.1704, -3.1253 -0.3525 -1.1712, -3.1214 -0.3548 -1.174, -3.1253 -0.3543 -1.174, -3.1107 -0.3655 -1.174, -3.1253 -0.3556 -1.1753, -3.1222 -0.3578 -1.177, -3.1253 -0.3574 -1.177, -3.1137 -0.3663 -1.177, -3.1173 -0.3673 -1.1792, -3.1253 -0.3651 -1.1806, -3.1242 -0.3653 -1.1806, -3.1253 -0.3644 -1.1804, -3.1232 -0.3614 -1.1792, -3.1253 -0.3611 -1.1792, -3.1253 -0.3597 -1.1784, -3.1178 -0.3563 -1.174, -3.1193 -0.359 -1.177, -3.1212 -0.3622 -1.1792, -3.1232 -0.3657 -1.1806, -3.113 -0.357 -1.1704, -3.1146 -0.3587 -1.174, -3.1168 -0.3609 -1.177, -3.1194 -0.3635 -1.1792, -3.1223 -0.3664 -1.1806, -3.1102 -0.3607 -1.1704, -3.1122 -0.3619 -1.174, -3.1149 -0.3634 -1.177, -3.1181 -0.3653 -1.1792, -3.1216 -0.3673 -1.1806
            ]
        }
        coordIndex [
            0,1,2,-1,2,1,3,-1,4,5,6,-1,6,5,7,-1,8,9,10,-1,10,9,11,-1,12,13,14,-1,14,13,15,-1,16,17,18,-1,18,17,19,-1,20,21,22,-1,22,21,23,-1,24,25,26,-1,26,25,27,-1,28,29,30,-1,30,29,31,-1,32,33,34,-1,34,33,35,-1,36,37,38,-1,38,37,39,-1,40,41,42,-1,42,41,43,-1,44,45,46,-1,46,45,47,-1,48,49,50,-1,50,49,51,-1,52,53,54,-1,54,53,55,-1,56,57,58,-1,58,57,59,-1,60,61,62,-1,62,61,63,-1,64,65,66,-1,66,65,67,-1,68,69,70,-1,70,69,71,-1,72,73,74,-1,74,73,75,-1,76,77,78,-1,78,77,79,-1,23,80,81,-1,23,81,22,-1,22,81,82,-1,22,82,83,-1,31,84,85,-1,31,85,30,-1,30,85,86,-1,30,86,87,-1,32,88,89,-1,32,89,33,-1,33,89,90,-1,33,90,91,-1,24,92,93,-1,24,93,25,-1,25,93,94,-1,25,94,95,-1,67,96,97,-1,67,97,66,-1,66,97,98,-1,66,98,99,-1,68,100,101,-1,68,101,69,-1,69,101,102,-1,69,102,103,-1,72,104,105,-1,72,105,73,-1,73,105,106,-1,73,106,107,-1,63,108,109,-1,63,109,62,-1,62,109,110,-1,62,110,111,-1,59,112,113,-1,59,113,58,-1,58,113,114,-1,58,114,115,-1,51,116,117,-1,51,117,50,-1,50,117,118,-1,50,118,119,-1,120,121,44,-1,44,121,122,-1,44,122,45,-1,45,122,123,-1,52,124,125,-1,52,125,53,-1,53,125,126,-1,53,126,127,-1,15,128,129,-1,15,129,14,-1,14,129,130,-1,14,130,131,-1,4,132,133,-1,4,133,5,-1,5,133,134,-1,5,134,135,-1,11,136,137,-1,11,137,10,-1,10,137,138,-1,10,138,139,-1,16,140,141,-1,16,141,17,-1,17,141,142,-1,17,142,143,-1,124,52,54,-1,124,54,144,-1,144,54,145,-1,144,145,146,-1,146,145,147,-1,146,147,148,-1,148,147,149,-1,149,147,150,-1,149,150,151,-1,151,150,152,-1,152,150,153,-1,152,153,154,-1,154,153,155,-1,155,153,156,-1,155,156,157,-1,47,45,156,-1,156,45,123,-1,156,123,157,-1,116,51,49,-1,116,49,158,-1,158,49,159,-1,158,159,160,-1,160,159,161,-1,160,161,162,-1,162,161,163,-1,163,161,164,-1,163,164,165,-1,165,164,166,-1,166,164,167,-1,166,167,168,-1,168,167,169,-1,169,167,170,-1,169,170,171,-1,55,53,170,-1,170,53,127,-1,170,127,171,-1,152,154,172,-1,172,154,155,-1,172,155,122,-1,122,155,157,-1,122,157,123,-1,172,173,152,-1,152,173,174,-1,152,174,151,-1,151,174,175,-1,175,176,151,-1,151,176,177,-1,151,177,149,-1,149,177,178,-1,149,178,148,-1,148,178,179,-1,148,179,146,-1,146,179,180,-1,146,180,144,-1,144,180,125,-1,144,125,124,-1,43,41,181,-1,126,125,182,-1,182,125,183,-1,182,183,184,-1,184,183,185,-1,184,185,186,-1,186,185,187,-1,186,187,188,-1,188,187,189,-1,188,189,190,-1,190,189,191,-1,190,191,192,-1,192,191,193,-1,192,193,194,-1,194,193,195,-1,194,195,196,-1,196,195,197,-1,196,197,198,-1,198,197,199,-1,198,199,181,-1,181,199,200,-1,181,200,43,-1,166,168,201,-1,201,168,169,-1,201,169,126,-1,126,169,171,-1,126,171,127,-1,201,202,166,-1,166,202,203,-1,166,203,165,-1,165,203,204,-1,204,205,165,-1,165,205,206,-1,165,206,163,-1,163,206,207,-1,163,207,162,-1,162,207,208,-1,162,208,160,-1,160,208,209,-1,160,209,158,-1,158,209,117,-1,158,117,116,-1,120,44,46,-1,120,46,210,-1,210,46,211,-1,210,211,212,-1,212,211,213,-1,212,213,214,-1,214,213,215,-1,215,213,216,-1,215,216,217,-1,217,216,218,-1,218,216,219,-1,218,219,220,-1,220,219,221,-1,221,219,222,-1,221,222,223,-1,56,58,222,-1,222,58,115,-1,222,115,223,-1,224,225,226,-1,227,228,229,-1,43,230,231,-1,232,230,43,-1,229,228,43,-1,233,43,228,-1,234,173,172,-1,173,234,174,-1,174,234,235,-1,174,235,175,-1,175,235,236,-1,175,236,176,-1,176,236,237,-1,176,237,177,-1,177,237,178,-1,178,237,238,-1,178,238,179,-1,179,238,180,-1,180,238,183,-1,180,183,125,-1,200,232,43,-1,239,240,227,-1,227,240,241,-1,227,241,228,-1,228,241,242,-1,228,242,233,-1,243,231,244,-1,244,231,230,-1,244,230,245,-1,245,230,232,-1,245,232,246,-1,200,199,232,-1,232,199,197,-1,232,197,246,-1,246,197,195,-1,246,195,193,-1,226,243,247,-1,247,243,244,-1,247,244,248,-1,248,244,245,-1,248,245,249,-1,249,245,246,-1,249,246,250,-1,250,246,193,-1,251,252,253,-1,253,252,224,-1,224,226,253,-1,253,226,247,-1,253,247,254,-1,254,247,248,-1,254,248,255,-1,255,248,249,-1,255,249,256,-1,256,249,250,-1,256,250,257,-1,225,239,226,-1,226,239,227,-1,226,227,243,-1,243,227,229,-1,243,229,231,-1,231,229,43,-1,251,234,258,-1,258,234,172,-1,258,172,122,-1,193,191,250,-1,250,191,189,-1,250,189,257,-1,257,189,187,-1,257,187,185,-1,251,253,234,-1,234,253,254,-1,234,254,235,-1,235,254,255,-1,235,255,236,-1,236,255,256,-1,236,256,237,-1,237,256,257,-1,237,257,238,-1,238,257,185,-1,238,185,183,-1,188,190,259,-1,260,261,262,-1,41,263,264,-1,265,263,41,-1,262,261,41,-1,181,41,261,-1,266,202,201,-1,202,266,203,-1,203,266,267,-1,203,267,204,-1,204,267,268,-1,204,268,205,-1,205,268,269,-1,205,269,206,-1,206,269,207,-1,207,269,270,-1,207,270,208,-1,208,270,209,-1,209,270,271,-1,209,271,117,-1,272,265,41,-1,192,194,260,-1,260,194,196,-1,260,196,261,-1,261,196,198,-1,261,198,181,-1,273,264,274,-1,274,264,263,-1,274,263,275,-1,275,263,265,-1,275,265,276,-1,272,277,265,-1,265,277,278,-1,265,278,276,-1,276,278,279,-1,276,279,280,-1,259,273,281,-1,281,273,274,-1,281,274,282,-1,282,274,275,-1,282,275,283,-1,283,275,276,-1,283,276,284,-1,284,276,280,-1,184,186,285,-1,285,186,188,-1,188,259,285,-1,285,259,281,-1,285,281,286,-1,286,281,282,-1,286,282,287,-1,287,282,283,-1,287,283,288,-1,288,283,284,-1,288,284,289,-1,190,192,259,-1,259,192,260,-1,259,260,273,-1,273,260,262,-1,273,262,264,-1,264,262,41,-1,184,266,182,-1,182,266,201,-1,182,201,126,-1,280,290,284,-1,284,290,291,-1,284,291,289,-1,289,291,292,-1,289,292,293,-1,184,285,266,-1,266,285,286,-1,266,286,267,-1,267,286,287,-1,267,287,268,-1,268,287,288,-1,268,288,269,-1,269,288,289,-1,269,289,270,-1,270,289,293,-1,270,293,271,-1,112,59,57,-1,112,57,294,-1,294,57,295,-1,294,295,296,-1,296,295,297,-1,296,297,298,-1,298,297,299,-1,299,297,300,-1,299,300,301,-1,301,300,302,-1,302,300,303,-1,302,303,304,-1,304,303,305,-1,305,303,306,-1,305,306,307,-1,48,50,306,-1,306,50,119,-1,306,119,307,-1,115,114,223,-1,223,114,308,-1,223,308,221,-1,221,308,309,-1,221,309,220,-1,220,309,310,-1,220,310,218,-1,310,311,218,-1,218,311,312,-1,218,312,217,-1,217,312,313,-1,217,313,215,-1,215,313,314,-1,215,314,214,-1,214,314,315,-1,121,120,316,-1,316,120,210,-1,316,210,315,-1,315,210,212,-1,315,212,214,-1,42,43,233,-1,122,121,258,-1,258,121,317,-1,258,317,251,-1,251,317,318,-1,251,318,252,-1,252,318,319,-1,252,319,224,-1,224,319,320,-1,224,320,225,-1,225,320,321,-1,225,321,239,-1,239,321,322,-1,239,322,240,-1,240,322,323,-1,240,323,241,-1,241,323,324,-1,241,324,242,-1,242,324,325,-1,242,325,233,-1,233,325,326,-1,233,326,42,-1,118,117,327,-1,327,117,271,-1,327,271,328,-1,328,271,293,-1,328,293,329,-1,329,293,292,-1,329,292,330,-1,330,292,291,-1,330,291,331,-1,331,291,290,-1,331,290,332,-1,332,290,280,-1,332,280,333,-1,333,280,279,-1,333,279,334,-1,334,279,278,-1,334,278,335,-1,335,278,277,-1,335,277,336,-1,277,272,336,-1,336,272,41,-1,336,41,40,-1,302,304,337,-1,337,304,305,-1,337,305,118,-1,118,305,307,-1,118,307,119,-1,337,338,302,-1,302,338,339,-1,302,339,301,-1,301,339,340,-1,340,341,301,-1,301,341,342,-1,301,342,299,-1,299,342,343,-1,299,343,298,-1,298,343,344,-1,298,344,296,-1,296,344,345,-1,296,345,294,-1,294,345,113,-1,294,113,112,-1,346,347,348,-1,349,350,351,-1,352,353,354,-1,42,355,356,-1,357,355,42,-1,354,353,42,-1,358,42,353,-1,308,359,309,-1,309,359,360,-1,312,311,360,-1,360,311,310,-1,360,310,309,-1,360,361,312,-1,312,361,362,-1,312,362,313,-1,313,362,363,-1,313,363,314,-1,314,363,315,-1,315,363,364,-1,315,364,316,-1,316,364,317,-1,316,317,121,-1,326,357,42,-1,365,366,352,-1,352,366,367,-1,352,367,353,-1,353,367,368,-1,353,368,358,-1,369,356,370,-1,370,356,355,-1,370,355,371,-1,371,355,357,-1,371,357,372,-1,350,365,351,-1,351,365,352,-1,351,352,373,-1,373,352,354,-1,373,354,374,-1,374,354,42,-1,326,325,357,-1,357,325,324,-1,357,324,372,-1,372,324,323,-1,372,323,322,-1,375,369,376,-1,376,369,370,-1,376,370,377,-1,377,370,371,-1,377,371,378,-1,378,371,372,-1,378,372,379,-1,379,372,322,-1,348,375,380,-1,380,375,376,-1,380,376,381,-1,381,376,377,-1,381,377,382,-1,382,377,378,-1,382,378,383,-1,383,378,379,-1,383,379,384,-1,347,349,348,-1,348,349,351,-1,348,351,375,-1,375,351,373,-1,375,373,369,-1,369,373,374,-1,369,374,356,-1,356,374,42,-1,308,114,359,-1,359,114,385,-1,359,385,346,-1,322,321,379,-1,379,321,320,-1,379,320,384,-1,384,320,319,-1,384,319,318,-1,346,348,359,-1,359,348,380,-1,359,380,360,-1,360,380,381,-1,360,381,361,-1,361,381,382,-1,361,382,362,-1,362,382,383,-1,362,383,363,-1,363,383,384,-1,363,384,364,-1,364,384,318,-1,364,318,317,-1,330,331,386,-1,387,388,389,-1,40,390,391,-1,392,390,40,-1,389,388,40,-1,336,40,388,-1,393,338,337,-1,338,393,339,-1,339,393,394,-1,339,394,340,-1,340,394,395,-1,340,395,341,-1,341,395,396,-1,341,396,342,-1,342,396,343,-1,343,396,397,-1,343,397,344,-1,344,397,345,-1,345,397,398,-1,345,398,113,-1,399,392,40,-1,332,333,387,-1,387,333,334,-1,387,334,388,-1,388,334,335,-1,388,335,336,-1,400,391,401,-1,401,391,390,-1,401,390,402,-1,402,390,392,-1,402,392,403,-1,399,404,392,-1,392,404,405,-1,392,405,403,-1,403,405,406,-1,403,406,407,-1,386,400,408,-1,408,400,401,-1,408,401,409,-1,409,401,402,-1,409,402,410,-1,410,402,403,-1,410,403,411,-1,411,403,407,-1,328,329,412,-1,412,329,330,-1,330,386,412,-1,412,386,408,-1,412,408,413,-1,413,408,409,-1,413,409,414,-1,414,409,410,-1,414,410,415,-1,415,410,411,-1,415,411,416,-1,331,332,386,-1,386,332,387,-1,386,387,400,-1,400,387,389,-1,400,389,391,-1,391,389,40,-1,328,393,327,-1,327,393,337,-1,327,337,118,-1,407,417,411,-1,411,417,418,-1,411,418,416,-1,416,418,419,-1,416,419,420,-1,328,412,393,-1,393,412,413,-1,393,413,394,-1,394,413,414,-1,394,414,395,-1,395,414,415,-1,395,415,396,-1,396,415,416,-1,396,416,397,-1,397,416,420,-1,397,420,398,-1,114,113,385,-1,385,113,398,-1,385,398,346,-1,346,398,420,-1,346,420,347,-1,347,420,419,-1,347,419,349,-1,349,419,418,-1,349,418,350,-1,350,418,417,-1,350,417,365,-1,365,417,407,-1,365,407,366,-1,366,407,406,-1,366,406,367,-1,367,406,405,-1,367,405,368,-1,368,405,404,-1,368,404,358,-1,404,399,358,-1,358,399,40,-1,358,40,42,-1,140,16,18,-1,140,18,421,-1,421,18,422,-1,421,422,423,-1,423,422,424,-1,423,424,425,-1,425,424,426,-1,426,424,427,-1,426,427,428,-1,428,427,429,-1,429,427,430,-1,429,430,431,-1,431,430,432,-1,432,430,433,-1,432,433,434,-1,8,10,433,-1,433,10,139,-1,433,139,434,-1,132,4,6,-1,132,6,435,-1,435,6,436,-1,435,436,437,-1,437,436,438,-1,437,438,439,-1,439,438,440,-1,440,438,441,-1,440,441,442,-1,442,441,443,-1,443,441,444,-1,443,444,445,-1,445,444,446,-1,446,444,447,-1,446,447,448,-1,19,17,447,-1,447,17,143,-1,447,143,448,-1,139,138,434,-1,434,138,449,-1,434,449,432,-1,432,449,450,-1,432,450,431,-1,431,450,451,-1,431,451,429,-1,451,452,429,-1,429,452,453,-1,429,453,428,-1,428,453,454,-1,428,454,426,-1,426,454,455,-1,426,455,425,-1,425,455,456,-1,141,140,457,-1,457,140,421,-1,457,421,456,-1,456,421,423,-1,456,423,425,-1,142,141,458,-1,458,141,459,-1,458,459,460,-1,460,459,461,-1,460,461,462,-1,462,461,463,-1,462,463,464,-1,464,463,465,-1,464,465,466,-1,466,465,467,-1,466,467,468,-1,468,467,469,-1,468,469,470,-1,470,469,471,-1,470,471,472,-1,472,471,473,-1,472,473,474,-1,474,473,475,-1,474,475,476,-1,475,477,476,-1,476,477,3,-1,476,3,1,-1,443,445,478,-1,478,445,446,-1,478,446,142,-1,142,446,448,-1,142,448,143,-1,478,479,443,-1,443,479,480,-1,443,480,442,-1,442,480,481,-1,481,482,442,-1,442,482,483,-1,442,483,440,-1,440,483,484,-1,440,484,439,-1,439,484,485,-1,439,485,437,-1,437,485,486,-1,437,486,435,-1,435,486,133,-1,435,133,132,-1,136,11,9,-1,136,9,487,-1,487,9,488,-1,487,488,489,-1,489,488,490,-1,489,490,491,-1,491,490,492,-1,492,490,493,-1,492,493,494,-1,494,493,495,-1,495,493,496,-1,495,496,497,-1,497,496,498,-1,498,496,499,-1,498,499,500,-1,12,14,499,-1,499,14,131,-1,499,131,500,-1,501,502,503,-1,504,505,506,-1,507,508,509,-1,3,510,511,-1,512,510,3,-1,509,508,3,-1,513,3,508,-1,449,514,450,-1,450,514,515,-1,453,452,515,-1,515,452,451,-1,515,451,450,-1,515,516,453,-1,453,516,517,-1,453,517,454,-1,454,517,518,-1,454,518,455,-1,455,518,456,-1,456,518,519,-1,456,519,457,-1,457,519,459,-1,457,459,141,-1,477,512,3,-1,520,521,507,-1,507,521,522,-1,507,522,508,-1,508,522,523,-1,508,523,513,-1,524,511,525,-1,525,511,510,-1,525,510,526,-1,526,510,512,-1,526,512,527,-1,505,520,506,-1,506,520,507,-1,506,507,528,-1,528,507,509,-1,528,509,529,-1,529,509,3,-1,477,475,512,-1,512,475,473,-1,512,473,527,-1,527,473,471,-1,527,471,469,-1,530,524,531,-1,531,524,525,-1,531,525,532,-1,532,525,526,-1,532,526,533,-1,533,526,527,-1,533,527,534,-1,534,527,469,-1,503,530,535,-1,535,530,531,-1,535,531,536,-1,536,531,532,-1,536,532,537,-1,537,532,533,-1,537,533,538,-1,538,533,534,-1,538,534,539,-1,502,504,503,-1,503,504,506,-1,503,506,530,-1,530,506,528,-1,530,528,524,-1,524,528,529,-1,524,529,511,-1,511,529,3,-1,449,138,514,-1,514,138,540,-1,514,540,501,-1,469,467,534,-1,534,467,465,-1,534,465,539,-1,539,465,463,-1,539,463,461,-1,501,503,514,-1,514,503,535,-1,514,535,515,-1,515,535,536,-1,515,536,516,-1,516,536,537,-1,516,537,517,-1,517,537,538,-1,517,538,518,-1,518,538,539,-1,518,539,519,-1,519,539,461,-1,519,461,459,-1,464,466,541,-1,542,543,544,-1,1,545,546,-1,547,545,1,-1,544,543,1,-1,476,1,543,-1,548,479,478,-1,479,548,480,-1,480,548,549,-1,480,549,481,-1,481,549,550,-1,481,550,482,-1,482,550,551,-1,482,551,483,-1,483,551,484,-1,484,551,552,-1,484,552,485,-1,485,552,486,-1,486,552,553,-1,486,553,133,-1,554,547,1,-1,468,470,542,-1,542,470,472,-1,542,472,543,-1,543,472,474,-1,543,474,476,-1,555,546,556,-1,556,546,545,-1,556,545,557,-1,557,545,547,-1,557,547,558,-1,554,559,547,-1,547,559,560,-1,547,560,558,-1,558,560,561,-1,558,561,562,-1,541,555,563,-1,563,555,556,-1,563,556,564,-1,564,556,557,-1,564,557,565,-1,565,557,558,-1,565,558,566,-1,566,558,562,-1,460,462,567,-1,567,462,464,-1,464,541,567,-1,567,541,563,-1,567,563,568,-1,568,563,564,-1,568,564,569,-1,569,564,565,-1,569,565,570,-1,570,565,566,-1,570,566,571,-1,466,468,541,-1,541,468,542,-1,541,542,555,-1,555,542,544,-1,555,544,546,-1,546,544,1,-1,460,548,458,-1,458,548,478,-1,458,478,142,-1,562,572,566,-1,566,572,573,-1,566,573,571,-1,571,573,574,-1,571,574,575,-1,460,567,548,-1,548,567,568,-1,548,568,549,-1,549,568,569,-1,549,569,550,-1,550,569,570,-1,550,570,551,-1,551,570,571,-1,551,571,552,-1,552,571,575,-1,552,575,553,-1,128,15,13,-1,128,13,576,-1,576,13,577,-1,576,577,578,-1,578,577,579,-1,578,579,580,-1,580,579,581,-1,581,579,582,-1,581,582,583,-1,583,582,584,-1,584,582,585,-1,584,585,586,-1,586,585,587,-1,587,585,588,-1,587,588,589,-1,7,5,588,-1,588,5,135,-1,588,135,589,-1,495,497,590,-1,590,497,498,-1,590,498,130,-1,130,498,500,-1,130,500,131,-1,590,591,495,-1,495,591,592,-1,495,592,494,-1,494,592,593,-1,593,594,494,-1,494,594,595,-1,494,595,492,-1,492,595,596,-1,492,596,491,-1,491,596,597,-1,491,597,489,-1,489,597,598,-1,489,598,487,-1,487,598,137,-1,487,137,136,-1,2,3,513,-1,138,137,540,-1,540,137,599,-1,540,599,501,-1,501,599,600,-1,501,600,502,-1,502,600,601,-1,502,601,504,-1,504,601,602,-1,504,602,505,-1,505,602,603,-1,505,603,520,-1,520,603,604,-1,520,604,521,-1,521,604,605,-1,521,605,522,-1,522,605,606,-1,522,606,523,-1,523,606,607,-1,523,607,513,-1,513,607,608,-1,513,608,2,-1,134,133,609,-1,609,133,553,-1,609,553,610,-1,610,553,575,-1,610,575,611,-1,611,575,574,-1,611,574,612,-1,612,574,573,-1,612,573,613,-1,613,573,572,-1,613,572,614,-1,614,572,562,-1,614,562,615,-1,615,562,561,-1,615,561,616,-1,616,561,560,-1,616,560,617,-1,617,560,559,-1,617,559,618,-1,559,554,618,-1,618,554,1,-1,618,1,0,-1,584,586,619,-1,619,586,587,-1,619,587,134,-1,134,587,589,-1,134,589,135,-1,619,620,584,-1,584,620,621,-1,584,621,583,-1,583,621,622,-1,622,623,583,-1,583,623,624,-1,583,624,581,-1,581,624,625,-1,581,625,580,-1,580,625,626,-1,580,626,578,-1,578,626,627,-1,578,627,576,-1,576,627,129,-1,576,129,128,-1,628,629,630,-1,631,632,633,-1,2,634,635,-1,636,634,2,-1,633,632,2,-1,637,2,632,-1,638,591,590,-1,591,638,592,-1,592,638,639,-1,592,639,593,-1,593,639,640,-1,593,640,594,-1,594,640,641,-1,594,641,595,-1,595,641,596,-1,596,641,642,-1,596,642,597,-1,597,642,598,-1,598,642,599,-1,598,599,137,-1,608,636,2,-1,643,644,631,-1,631,644,645,-1,631,645,632,-1,632,645,646,-1,632,646,637,-1,647,635,648,-1,648,635,634,-1,648,634,649,-1,649,634,636,-1,649,636,650,-1,608,607,636,-1,636,607,606,-1,636,606,650,-1,650,606,605,-1,650,605,604,-1,630,647,651,-1,651,647,648,-1,651,648,652,-1,652,648,649,-1,652,649,653,-1,653,649,650,-1,653,650,654,-1,654,650,604,-1,655,656,657,-1,657,656,628,-1,628,630,657,-1,657,630,651,-1,657,651,658,-1,658,651,652,-1,658,652,659,-1,659,652,653,-1,659,653,660,-1,660,653,654,-1,660,654,661,-1,629,643,630,-1,630,643,631,-1,630,631,647,-1,647,631,633,-1,647,633,635,-1,635,633,2,-1,655,638,662,-1,662,638,590,-1,662,590,130,-1,604,603,654,-1,654,603,602,-1,654,602,661,-1,661,602,601,-1,661,601,600,-1,655,657,638,-1,638,657,658,-1,638,658,639,-1,639,658,659,-1,639,659,640,-1,640,659,660,-1,640,660,641,-1,641,660,661,-1,641,661,642,-1,642,661,600,-1,642,600,599,-1,612,613,663,-1,664,665,666,-1,0,667,668,-1,669,667,0,-1,666,665,0,-1,618,0,665,-1,670,620,619,-1,620,670,621,-1,621,670,671,-1,621,671,622,-1,622,671,672,-1,622,672,623,-1,623,672,673,-1,623,673,624,-1,624,673,625,-1,625,673,674,-1,625,674,626,-1,626,674,627,-1,627,674,675,-1,627,675,129,-1,676,669,0,-1,614,615,664,-1,664,615,616,-1,664,616,665,-1,665,616,617,-1,665,617,618,-1,677,668,678,-1,678,668,667,-1,678,667,679,-1,679,667,669,-1,679,669,680,-1,676,681,669,-1,669,681,682,-1,669,682,680,-1,680,682,683,-1,680,683,684,-1,663,677,685,-1,685,677,678,-1,685,678,686,-1,686,678,679,-1,686,679,687,-1,687,679,680,-1,687,680,688,-1,688,680,684,-1,610,611,689,-1,689,611,612,-1,612,663,689,-1,689,663,685,-1,689,685,690,-1,690,685,686,-1,690,686,691,-1,691,686,687,-1,691,687,692,-1,692,687,688,-1,692,688,693,-1,613,614,663,-1,663,614,664,-1,663,664,677,-1,677,664,666,-1,677,666,668,-1,668,666,0,-1,610,670,609,-1,609,670,619,-1,609,619,134,-1,684,694,688,-1,688,694,695,-1,688,695,693,-1,693,695,696,-1,693,696,697,-1,610,689,670,-1,670,689,690,-1,670,690,671,-1,671,690,691,-1,671,691,672,-1,672,691,692,-1,672,692,673,-1,673,692,693,-1,673,693,674,-1,674,693,697,-1,674,697,675,-1,0,2,637,-1,130,129,662,-1,662,129,675,-1,662,675,655,-1,655,675,697,-1,655,697,656,-1,656,697,696,-1,656,696,628,-1,628,696,695,-1,628,695,629,-1,629,695,694,-1,629,694,643,-1,643,694,684,-1,643,684,644,-1,644,684,683,-1,644,683,645,-1,645,683,682,-1,645,682,646,-1,646,682,681,-1,646,681,637,-1,637,681,676,-1,637,676,0,-1,92,24,26,-1,92,26,698,-1,698,26,699,-1,698,699,700,-1,700,699,701,-1,700,701,702,-1,702,701,703,-1,703,701,704,-1,703,704,705,-1,705,704,706,-1,706,704,707,-1,706,707,708,-1,708,707,709,-1,709,707,710,-1,709,710,711,-1,35,33,710,-1,710,33,91,-1,710,91,711,-1,84,31,29,-1,84,29,712,-1,712,29,713,-1,712,713,714,-1,714,713,715,-1,714,715,716,-1,716,715,717,-1,717,715,718,-1,717,718,719,-1,719,718,720,-1,720,718,721,-1,720,721,722,-1,722,721,723,-1,723,721,724,-1,723,724,725,-1,27,25,724,-1,724,25,95,-1,724,95,725,-1,91,90,711,-1,711,90,726,-1,711,726,709,-1,709,726,727,-1,709,727,708,-1,708,727,728,-1,708,728,706,-1,728,729,706,-1,706,729,730,-1,706,730,705,-1,705,730,731,-1,705,731,703,-1,703,731,732,-1,703,732,702,-1,702,732,733,-1,93,92,734,-1,734,92,698,-1,734,698,733,-1,733,698,700,-1,733,700,702,-1,39,37,735,-1,735,37,736,-1,735,736,737,-1,737,736,738,-1,737,738,739,-1,739,738,740,-1,739,740,741,-1,741,740,742,-1,741,742,743,-1,743,742,744,-1,743,744,745,-1,745,744,746,-1,745,746,747,-1,747,746,748,-1,747,748,749,-1,749,748,750,-1,749,750,751,-1,751,750,752,-1,751,752,93,-1,93,752,94,-1,720,722,753,-1,753,722,723,-1,753,723,94,-1,94,723,725,-1,94,725,95,-1,753,754,720,-1,720,754,755,-1,720,755,719,-1,719,755,756,-1,756,757,719,-1,719,757,758,-1,719,758,717,-1,717,758,759,-1,717,759,716,-1,716,759,760,-1,716,760,714,-1,714,760,761,-1,714,761,712,-1,712,761,85,-1,712,85,84,-1,88,32,34,-1,88,34,762,-1,762,34,763,-1,762,763,764,-1,764,763,765,-1,764,765,766,-1,766,765,767,-1,767,765,768,-1,767,768,769,-1,769,768,770,-1,770,768,771,-1,770,771,772,-1,772,771,773,-1,773,771,774,-1,773,774,775,-1,20,22,774,-1,774,22,83,-1,774,83,775,-1,776,39,777,-1,729,728,778,-1,727,726,779,-1,779,726,90,-1,729,778,730,-1,93,734,751,-1,751,734,780,-1,751,780,749,-1,749,780,781,-1,749,781,747,-1,90,782,779,-1,779,782,783,-1,779,783,784,-1,747,781,745,-1,745,781,785,-1,745,785,743,-1,783,786,784,-1,784,786,787,-1,784,787,788,-1,787,789,788,-1,788,789,790,-1,788,790,791,-1,39,735,792,-1,792,735,737,-1,792,737,793,-1,793,737,739,-1,793,739,785,-1,785,739,741,-1,785,741,743,-1,794,795,796,-1,796,795,797,-1,796,797,798,-1,798,797,799,-1,798,799,800,-1,800,799,801,-1,800,801,802,-1,802,801,803,-1,802,803,39,-1,795,804,797,-1,797,804,805,-1,797,805,799,-1,799,805,806,-1,799,806,801,-1,801,806,807,-1,801,807,803,-1,803,807,808,-1,803,808,39,-1,734,733,780,-1,780,733,794,-1,780,794,781,-1,781,794,796,-1,781,796,785,-1,785,796,798,-1,785,798,793,-1,793,798,800,-1,793,800,792,-1,792,800,802,-1,792,802,39,-1,728,727,778,-1,778,727,779,-1,778,779,809,-1,809,779,784,-1,809,784,810,-1,810,784,788,-1,810,788,811,-1,811,788,791,-1,811,791,812,-1,812,791,777,-1,812,777,39,-1,790,813,791,-1,791,813,814,-1,791,814,777,-1,777,814,815,-1,777,815,776,-1,733,732,794,-1,794,732,731,-1,794,731,795,-1,795,731,730,-1,795,730,804,-1,804,730,778,-1,804,778,805,-1,805,778,809,-1,805,809,806,-1,806,809,810,-1,806,810,807,-1,807,810,811,-1,807,811,808,-1,808,811,812,-1,808,812,39,-1,816,817,37,-1,818,819,820,-1,821,822,823,-1,750,748,824,-1,825,826,827,-1,94,752,753,-1,753,752,828,-1,753,828,754,-1,754,828,755,-1,761,760,826,-1,826,760,759,-1,826,759,827,-1,827,759,758,-1,827,758,757,-1,85,761,829,-1,829,761,826,-1,829,826,830,-1,830,826,825,-1,830,825,831,-1,831,825,832,-1,822,832,823,-1,823,832,825,-1,823,825,833,-1,833,825,827,-1,833,827,834,-1,834,827,757,-1,834,757,756,-1,819,821,820,-1,820,821,823,-1,820,823,835,-1,835,823,833,-1,835,833,836,-1,836,833,834,-1,836,834,837,-1,837,834,756,-1,837,756,755,-1,838,839,840,-1,755,828,837,-1,837,828,841,-1,837,841,836,-1,836,841,842,-1,836,842,835,-1,835,842,843,-1,835,843,820,-1,820,843,844,-1,820,844,818,-1,817,816,840,-1,840,839,817,-1,817,839,845,-1,817,845,37,-1,736,37,845,-1,746,744,838,-1,838,744,742,-1,838,742,839,-1,839,742,740,-1,839,740,845,-1,845,740,738,-1,845,738,736,-1,37,846,844,-1,844,846,847,-1,844,847,818,-1,752,750,828,-1,828,750,824,-1,828,824,841,-1,841,824,848,-1,841,848,842,-1,842,848,849,-1,842,849,843,-1,843,849,850,-1,843,850,844,-1,844,850,37,-1,748,746,824,-1,824,746,838,-1,824,838,848,-1,848,838,840,-1,848,840,849,-1,849,840,816,-1,849,816,850,-1,850,816,37,-1,80,23,21,-1,80,21,851,-1,851,21,852,-1,851,852,853,-1,853,852,854,-1,853,854,855,-1,855,854,856,-1,856,854,857,-1,856,857,858,-1,858,857,859,-1,859,857,860,-1,859,860,861,-1,861,860,862,-1,862,860,863,-1,862,863,864,-1,28,30,863,-1,863,30,87,-1,863,87,864,-1,83,82,775,-1,775,82,865,-1,775,865,773,-1,773,865,866,-1,773,866,772,-1,772,866,867,-1,772,867,770,-1,867,868,770,-1,770,868,869,-1,770,869,769,-1,769,869,870,-1,769,870,767,-1,767,870,871,-1,767,871,766,-1,766,871,872,-1,89,88,873,-1,873,88,762,-1,873,762,872,-1,872,762,764,-1,872,764,766,-1,38,39,776,-1,90,89,782,-1,782,89,874,-1,782,874,783,-1,783,874,875,-1,783,875,786,-1,786,875,876,-1,786,876,787,-1,787,876,877,-1,787,877,789,-1,789,877,878,-1,789,878,790,-1,790,878,879,-1,790,879,813,-1,813,879,880,-1,813,880,814,-1,814,880,881,-1,814,881,815,-1,815,881,882,-1,815,882,776,-1,776,882,883,-1,776,883,38,-1,86,85,884,-1,884,85,829,-1,884,829,885,-1,885,829,830,-1,885,830,886,-1,886,830,831,-1,886,831,887,-1,887,831,832,-1,887,832,888,-1,888,832,822,-1,888,822,889,-1,889,822,821,-1,889,821,890,-1,890,821,819,-1,890,819,891,-1,891,819,818,-1,891,818,892,-1,892,818,847,-1,892,847,893,-1,847,846,893,-1,893,846,37,-1,893,37,36,-1,859,861,894,-1,894,861,862,-1,894,862,86,-1,86,862,864,-1,86,864,87,-1,894,895,859,-1,859,895,896,-1,859,896,858,-1,858,896,897,-1,897,898,858,-1,858,898,899,-1,858,899,856,-1,856,899,900,-1,856,900,855,-1,855,900,901,-1,855,901,853,-1,853,901,902,-1,853,902,851,-1,851,902,81,-1,851,81,80,-1,903,904,38,-1,881,880,905,-1,879,878,906,-1,907,908,909,-1,866,865,910,-1,910,865,82,-1,910,82,911,-1,869,868,912,-1,912,868,867,-1,912,867,866,-1,909,871,870,-1,871,909,872,-1,872,909,908,-1,872,908,873,-1,89,873,874,-1,874,873,908,-1,874,908,875,-1,875,908,907,-1,875,907,876,-1,876,907,877,-1,878,877,906,-1,906,877,907,-1,906,907,913,-1,913,907,909,-1,913,909,914,-1,914,909,870,-1,914,870,869,-1,915,916,917,-1,918,919,915,-1,915,919,920,-1,915,920,916,-1,880,879,905,-1,905,879,906,-1,905,906,921,-1,921,906,913,-1,921,913,922,-1,922,913,914,-1,922,914,923,-1,923,914,869,-1,917,924,925,-1,869,912,923,-1,923,912,926,-1,923,926,922,-1,922,926,927,-1,922,927,921,-1,921,927,928,-1,921,928,905,-1,905,928,929,-1,905,929,881,-1,904,903,925,-1,925,924,904,-1,904,924,930,-1,904,930,38,-1,917,916,924,-1,924,916,931,-1,924,931,930,-1,930,931,932,-1,930,932,38,-1,933,38,932,-1,920,934,916,-1,916,934,935,-1,916,935,931,-1,931,935,936,-1,931,936,932,-1,932,936,937,-1,932,937,933,-1,38,883,929,-1,929,883,882,-1,929,882,881,-1,866,910,912,-1,912,910,938,-1,912,938,926,-1,926,938,939,-1,926,939,927,-1,927,939,940,-1,927,940,928,-1,928,940,941,-1,928,941,929,-1,929,941,38,-1,911,918,910,-1,910,918,915,-1,910,915,938,-1,938,915,917,-1,938,917,939,-1,939,917,925,-1,939,925,940,-1,940,925,903,-1,940,903,941,-1,941,903,38,-1,893,36,942,-1,902,901,943,-1,900,899,944,-1,894,86,884,-1,896,895,945,-1,945,895,894,-1,81,902,946,-1,946,902,943,-1,946,943,947,-1,947,943,948,-1,947,948,949,-1,894,884,945,-1,945,884,885,-1,945,885,950,-1,949,948,951,-1,951,948,952,-1,951,952,953,-1,885,886,950,-1,950,886,887,-1,950,887,954,-1,887,888,954,-1,954,888,889,-1,954,889,955,-1,36,956,957,-1,957,956,958,-1,957,958,959,-1,959,958,960,-1,959,960,952,-1,952,960,961,-1,952,961,953,-1,901,900,943,-1,943,900,944,-1,943,944,948,-1,948,944,962,-1,948,962,952,-1,952,962,963,-1,952,963,959,-1,959,963,964,-1,959,964,957,-1,957,964,965,-1,957,965,36,-1,899,898,944,-1,944,898,966,-1,944,966,962,-1,962,966,967,-1,962,967,963,-1,963,967,968,-1,963,968,964,-1,964,968,969,-1,964,969,965,-1,965,969,970,-1,965,970,36,-1,897,896,971,-1,971,896,945,-1,971,945,972,-1,972,945,950,-1,972,950,973,-1,973,950,954,-1,973,954,974,-1,974,954,955,-1,974,955,975,-1,975,955,942,-1,975,942,36,-1,889,890,955,-1,955,890,891,-1,955,891,942,-1,942,891,892,-1,942,892,893,-1,898,897,966,-1,966,897,971,-1,966,971,967,-1,967,971,972,-1,967,972,968,-1,968,972,973,-1,968,973,969,-1,969,973,974,-1,969,974,970,-1,970,974,975,-1,970,975,36,-1,82,81,911,-1,911,81,946,-1,911,946,918,-1,918,946,947,-1,918,947,919,-1,919,947,949,-1,919,949,920,-1,920,949,951,-1,920,951,934,-1,934,951,953,-1,934,953,935,-1,935,953,961,-1,935,961,936,-1,936,961,960,-1,936,960,937,-1,937,960,958,-1,937,958,933,-1,933,958,956,-1,933,956,38,-1,38,956,36,-1,108,63,61,-1,108,61,976,-1,976,61,977,-1,976,977,978,-1,978,977,979,-1,978,979,980,-1,980,979,981,-1,981,979,982,-1,981,982,983,-1,983,982,984,-1,984,982,985,-1,984,985,986,-1,986,985,987,-1,987,985,988,-1,987,988,989,-1,75,73,988,-1,988,73,107,-1,988,107,989,-1,100,68,70,-1,100,70,990,-1,990,70,991,-1,990,991,992,-1,992,991,993,-1,992,993,994,-1,994,993,995,-1,995,993,996,-1,995,996,997,-1,997,996,998,-1,998,996,999,-1,998,999,1000,-1,1000,999,1001,-1,1001,999,1002,-1,1001,1002,1003,-1,60,62,1002,-1,1002,62,111,-1,1002,111,1003,-1,107,106,989,-1,989,106,1004,-1,989,1004,987,-1,987,1004,1005,-1,987,1005,986,-1,986,1005,1006,-1,986,1006,984,-1,1006,1007,984,-1,984,1007,1008,-1,984,1008,983,-1,983,1008,1009,-1,983,1009,981,-1,981,1009,1010,-1,981,1010,980,-1,980,1010,1011,-1,980,1011,978,-1,978,1011,976,-1,976,1011,108,-1,108,1011,1012,-1,108,1012,109,-1,110,109,1013,-1,1013,109,1014,-1,1013,1014,1015,-1,1015,1014,1016,-1,1015,1016,1017,-1,1017,1016,1018,-1,1017,1018,1019,-1,1019,1018,1020,-1,1019,1020,1021,-1,1021,1020,1022,-1,1021,1022,1023,-1,1023,1022,1024,-1,1023,1024,1025,-1,1025,1024,1026,-1,1025,1026,1027,-1,1027,1026,1028,-1,1027,1028,1029,-1,1029,1028,1030,-1,1029,1030,77,-1,77,1030,79,-1,998,1000,1031,-1,1031,1000,1001,-1,1031,1001,110,-1,110,1001,1003,-1,110,1003,111,-1,1031,1032,998,-1,998,1032,1033,-1,998,1033,997,-1,997,1033,1034,-1,1034,1035,997,-1,997,1035,1036,-1,997,1036,995,-1,995,1036,1037,-1,995,1037,994,-1,994,1037,1038,-1,994,1038,992,-1,992,1038,1039,-1,992,1039,990,-1,990,1039,101,-1,990,101,100,-1,104,72,74,-1,104,74,1040,-1,1040,74,1041,-1,1040,1041,1042,-1,1042,1041,1043,-1,1042,1043,1044,-1,1044,1043,1045,-1,1045,1043,1046,-1,1045,1046,1047,-1,1047,1046,1048,-1,1048,1046,1049,-1,1048,1049,1050,-1,1050,1049,1051,-1,1051,1049,1052,-1,1051,1052,1053,-1,64,66,1052,-1,1052,66,99,-1,1052,99,1053,-1,1054,79,1055,-1,1007,1006,1056,-1,1005,1004,1057,-1,1057,1004,106,-1,1007,1056,1008,-1,109,1012,1014,-1,1014,1012,1058,-1,1014,1058,1016,-1,1016,1058,1059,-1,1016,1059,1018,-1,106,1060,1057,-1,1057,1060,1061,-1,1057,1061,1062,-1,1018,1059,1020,-1,1020,1059,1063,-1,1020,1063,1022,-1,1061,1064,1062,-1,1062,1064,1065,-1,1062,1065,1066,-1,1065,1067,1066,-1,1066,1067,1068,-1,1066,1068,1069,-1,79,1030,1070,-1,1070,1030,1028,-1,1070,1028,1071,-1,1071,1028,1026,-1,1071,1026,1063,-1,1063,1026,1024,-1,1063,1024,1022,-1,1072,1073,1074,-1,1074,1073,1075,-1,1074,1075,1076,-1,1076,1075,1077,-1,1076,1077,1078,-1,1078,1077,1079,-1,1078,1079,1080,-1,1080,1079,1081,-1,1080,1081,79,-1,1073,1082,1075,-1,1075,1082,1083,-1,1075,1083,1077,-1,1077,1083,1084,-1,1077,1084,1079,-1,1079,1084,1085,-1,1079,1085,1081,-1,1081,1085,1086,-1,1081,1086,79,-1,1012,1011,1058,-1,1058,1011,1072,-1,1058,1072,1059,-1,1059,1072,1074,-1,1059,1074,1063,-1,1063,1074,1076,-1,1063,1076,1071,-1,1071,1076,1078,-1,1071,1078,1070,-1,1070,1078,1080,-1,1070,1080,79,-1,1006,1005,1056,-1,1056,1005,1057,-1,1056,1057,1087,-1,1087,1057,1062,-1,1087,1062,1088,-1,1088,1062,1066,-1,1088,1066,1089,-1,1089,1066,1069,-1,1089,1069,1090,-1,1090,1069,1055,-1,1090,1055,79,-1,1068,1091,1069,-1,1069,1091,1092,-1,1069,1092,1055,-1,1055,1092,1093,-1,1055,1093,1054,-1,1011,1010,1072,-1,1072,1010,1009,-1,1072,1009,1073,-1,1073,1009,1008,-1,1073,1008,1082,-1,1082,1008,1056,-1,1082,1056,1083,-1,1083,1056,1087,-1,1083,1087,1084,-1,1084,1087,1088,-1,1084,1088,1085,-1,1085,1088,1089,-1,1085,1089,1086,-1,1086,1089,1090,-1,1086,1090,79,-1,1094,1095,77,-1,1096,1097,1098,-1,1099,1100,1101,-1,1015,1017,1102,-1,1103,1104,1105,-1,110,1013,1031,-1,1031,1013,1106,-1,1031,1106,1032,-1,1032,1106,1033,-1,1039,1038,1104,-1,1104,1038,1037,-1,1104,1037,1105,-1,1105,1037,1036,-1,1105,1036,1035,-1,101,1039,1107,-1,1107,1039,1104,-1,1107,1104,1108,-1,1108,1104,1103,-1,1108,1103,1109,-1,1109,1103,1110,-1,1100,1110,1101,-1,1101,1110,1103,-1,1101,1103,1111,-1,1111,1103,1105,-1,1111,1105,1112,-1,1112,1105,1035,-1,1112,1035,1034,-1,1097,1099,1098,-1,1098,1099,1101,-1,1098,1101,1113,-1,1113,1101,1111,-1,1113,1111,1114,-1,1114,1111,1112,-1,1114,1112,1115,-1,1115,1112,1034,-1,1115,1034,1033,-1,1116,1117,1118,-1,1033,1106,1115,-1,1115,1106,1119,-1,1115,1119,1114,-1,1114,1119,1120,-1,1114,1120,1113,-1,1113,1120,1121,-1,1113,1121,1098,-1,1098,1121,1122,-1,1098,1122,1096,-1,1095,1094,1118,-1,1118,1117,1095,-1,1095,1117,1123,-1,1095,1123,77,-1,1029,77,1123,-1,1019,1021,1116,-1,1116,1021,1023,-1,1116,1023,1117,-1,1117,1023,1025,-1,1117,1025,1123,-1,1123,1025,1027,-1,1123,1027,1029,-1,77,1124,1122,-1,1122,1124,1125,-1,1122,1125,1096,-1,1013,1015,1106,-1,1106,1015,1102,-1,1106,1102,1119,-1,1119,1102,1126,-1,1119,1126,1120,-1,1120,1126,1127,-1,1120,1127,1121,-1,1121,1127,1128,-1,1121,1128,1122,-1,1122,1128,77,-1,1017,1019,1102,-1,1102,1019,1116,-1,1102,1116,1126,-1,1126,1116,1118,-1,1126,1118,1127,-1,1127,1118,1094,-1,1127,1094,1128,-1,1128,1094,77,-1,96,67,65,-1,96,65,1129,-1,1129,65,1130,-1,1129,1130,1131,-1,1131,1130,1132,-1,1131,1132,1133,-1,1133,1132,1134,-1,1134,1132,1135,-1,1134,1135,1136,-1,1136,1135,1137,-1,1137,1135,1138,-1,1137,1138,1139,-1,1139,1138,1140,-1,1140,1138,1141,-1,1140,1141,1142,-1,71,69,1141,-1,1141,69,103,-1,1141,103,1142,-1,99,98,1053,-1,1053,98,1143,-1,1053,1143,1051,-1,1051,1143,1144,-1,1051,1144,1050,-1,1050,1144,1145,-1,1050,1145,1048,-1,1145,1146,1048,-1,1048,1146,1147,-1,1048,1147,1047,-1,1047,1147,1148,-1,1047,1148,1045,-1,1045,1148,1149,-1,1045,1149,1044,-1,1044,1149,1150,-1,105,104,1151,-1,1151,104,1040,-1,1151,1040,1150,-1,1150,1040,1042,-1,1150,1042,1044,-1,78,79,1054,-1,106,105,1060,-1,1060,105,1152,-1,1060,1152,1061,-1,1061,1152,1153,-1,1061,1153,1064,-1,1064,1153,1154,-1,1064,1154,1065,-1,1065,1154,1155,-1,1065,1155,1067,-1,1067,1155,1156,-1,1067,1156,1068,-1,1068,1156,1157,-1,1068,1157,1091,-1,1091,1157,1158,-1,1091,1158,1092,-1,1092,1158,1159,-1,1092,1159,1093,-1,1093,1159,1160,-1,1093,1160,1054,-1,1054,1160,1161,-1,1054,1161,78,-1,102,101,1162,-1,1162,101,1107,-1,1162,1107,1163,-1,1163,1107,1108,-1,1163,1108,1164,-1,1164,1108,1109,-1,1164,1109,1165,-1,1165,1109,1110,-1,1165,1110,1166,-1,1166,1110,1100,-1,1166,1100,1167,-1,1167,1100,1099,-1,1167,1099,1168,-1,1168,1099,1097,-1,1168,1097,1169,-1,1169,1097,1096,-1,1169,1096,1170,-1,1170,1096,1125,-1,1170,1125,1171,-1,1125,1124,1171,-1,1171,1124,77,-1,1171,77,76,-1,1137,1139,1172,-1,1172,1139,1140,-1,1172,1140,102,-1,102,1140,1142,-1,102,1142,103,-1,1172,1173,1137,-1,1137,1173,1174,-1,1137,1174,1136,-1,1136,1174,1175,-1,1175,1176,1136,-1,1136,1176,1177,-1,1136,1177,1134,-1,1134,1177,1178,-1,1134,1178,1133,-1,1133,1178,1179,-1,1133,1179,1131,-1,1131,1179,1180,-1,1131,1180,1129,-1,1129,1180,97,-1,1129,97,96,-1,1181,1182,78,-1,1159,1158,1183,-1,1157,1156,1184,-1,1185,1186,1187,-1,1144,1143,1188,-1,1188,1143,98,-1,1188,98,1189,-1,1147,1146,1190,-1,1190,1146,1145,-1,1190,1145,1144,-1,1187,1149,1148,-1,1149,1187,1150,-1,1150,1187,1186,-1,1150,1186,1151,-1,105,1151,1152,-1,1152,1151,1186,-1,1152,1186,1153,-1,1153,1186,1185,-1,1153,1185,1154,-1,1154,1185,1155,-1,1156,1155,1184,-1,1184,1155,1185,-1,1184,1185,1191,-1,1191,1185,1187,-1,1191,1187,1192,-1,1192,1187,1148,-1,1192,1148,1147,-1,1193,1194,1195,-1,1196,1197,1193,-1,1193,1197,1198,-1,1193,1198,1194,-1,1158,1157,1183,-1,1183,1157,1184,-1,1183,1184,1199,-1,1199,1184,1191,-1,1199,1191,1200,-1,1200,1191,1192,-1,1200,1192,1201,-1,1201,1192,1147,-1,1195,1202,1203,-1,1147,1190,1201,-1,1201,1190,1204,-1,1201,1204,1200,-1,1200,1204,1205,-1,1200,1205,1199,-1,1199,1205,1206,-1,1199,1206,1183,-1,1183,1206,1207,-1,1183,1207,1159,-1,1182,1181,1203,-1,1203,1202,1182,-1,1182,1202,1208,-1,1182,1208,78,-1,1195,1194,1202,-1,1202,1194,1209,-1,1202,1209,1208,-1,1208,1209,1210,-1,1208,1210,78,-1,1211,78,1210,-1,1198,1212,1194,-1,1194,1212,1213,-1,1194,1213,1209,-1,1209,1213,1214,-1,1209,1214,1210,-1,1210,1214,1215,-1,1210,1215,1211,-1,78,1161,1207,-1,1207,1161,1160,-1,1207,1160,1159,-1,1144,1188,1190,-1,1190,1188,1216,-1,1190,1216,1204,-1,1204,1216,1217,-1,1204,1217,1205,-1,1205,1217,1218,-1,1205,1218,1206,-1,1206,1218,1219,-1,1206,1219,1207,-1,1207,1219,78,-1,1189,1196,1188,-1,1188,1196,1193,-1,1188,1193,1216,-1,1216,1193,1195,-1,1216,1195,1217,-1,1217,1195,1203,-1,1217,1203,1218,-1,1218,1203,1181,-1,1218,1181,1219,-1,1219,1181,78,-1,1171,76,1220,-1,1180,1179,1221,-1,1178,1177,1222,-1,1172,102,1162,-1,1174,1173,1223,-1,1223,1173,1172,-1,97,1180,1224,-1,1224,1180,1221,-1,1224,1221,1225,-1,1225,1221,1226,-1,1225,1226,1227,-1,1172,1162,1223,-1,1223,1162,1163,-1,1223,1163,1228,-1,1227,1226,1229,-1,1229,1226,1230,-1,1229,1230,1231,-1,1163,1164,1228,-1,1228,1164,1165,-1,1228,1165,1232,-1,1165,1166,1232,-1,1232,1166,1167,-1,1232,1167,1233,-1,76,1234,1235,-1,1235,1234,1236,-1,1235,1236,1237,-1,1237,1236,1238,-1,1237,1238,1230,-1,1230,1238,1239,-1,1230,1239,1231,-1,1179,1178,1221,-1,1221,1178,1222,-1,1221,1222,1226,-1,1226,1222,1240,-1,1226,1240,1230,-1,1230,1240,1241,-1,1230,1241,1237,-1,1237,1241,1242,-1,1237,1242,1235,-1,1235,1242,1243,-1,1235,1243,76,-1,1177,1176,1222,-1,1222,1176,1244,-1,1222,1244,1240,-1,1240,1244,1245,-1,1240,1245,1241,-1,1241,1245,1246,-1,1241,1246,1242,-1,1242,1246,1247,-1,1242,1247,1243,-1,1243,1247,1248,-1,1243,1248,76,-1,1175,1174,1249,-1,1249,1174,1223,-1,1249,1223,1250,-1,1250,1223,1228,-1,1250,1228,1251,-1,1251,1228,1232,-1,1251,1232,1252,-1,1252,1232,1233,-1,1252,1233,1253,-1,1253,1233,1220,-1,1253,1220,76,-1,1167,1168,1233,-1,1233,1168,1169,-1,1233,1169,1220,-1,1220,1169,1170,-1,1220,1170,1171,-1,1176,1175,1244,-1,1244,1175,1249,-1,1244,1249,1245,-1,1245,1249,1250,-1,1245,1250,1246,-1,1246,1250,1251,-1,1246,1251,1247,-1,1247,1251,1252,-1,1247,1252,1248,-1,1248,1252,1253,-1,1248,1253,76,-1,76,78,1234,-1,1234,78,1211,-1,1234,1211,1236,-1,1236,1211,1215,-1,1236,1215,1238,-1,1238,1215,1214,-1,1238,1214,1239,-1,1239,1214,1213,-1,1239,1213,1231,-1,1231,1213,1212,-1,1231,1212,1229,-1,1229,1212,1198,-1,1229,1198,1227,-1,1227,1198,1197,-1,1227,1197,1225,-1,1225,1197,1196,-1,1225,1196,1224,-1,1224,1196,1189,-1,1224,1189,97,-1,97,1189,98,-1,
        ]
    }
}
Shape{
    appearance Appearance {
        material  Material 	{
            diffuseColor 0.8431372549019608 0.8156862745098039 0.7529411764705882
            specularColor 0.4235294117647059 0.40784313725490196 0.3764705882352941
            ambientIntensity 0.8167
            transparency 0.0
            shininess 0.5
        }
    }
    geometry IndexedFaceSet {
        ccw TRUE
        solid FALSE
        coord DEF co Coordinate {
            point [
                3.7697 0.9843 0.0787, 3.937 0.9843 0.0787, 3.7697 -0.689 0.0787, 3.937 -0.689 0.0787, 3.6909 0.9843 0.0, 3.6909 -0.689 0.0
            ]
        }
        coordIndex [
            0,1,2,-1,2,1,3,-1,0,2,4,-1,4,2,5,-1,
        ]
    }
}
Shape{
    appearance Appearance {
        material  Material 	{
            diffuseColor 0.6470588235294118 0.6196078431372549 0.5882352941176471
            specularColor 0.45098039215686275 0.43529411764705883 0.4117647058823529
            ambientIntensity 0.6242
            transparency 0.0
            shininess 0.5
        }
    }
    geometry IndexedFaceSet {
        ccw TRUE
        solid FALSE
        coord DEF co Coordinate {
            point [
                -2.3379 0.3694 1.7956, -2.3379 0.418 1.7956, -2.3865 0.3694 1.7956, -2.3865 0.418 1.7956, -2.2638 0.4724 1.5752, -2.2638 0.315 1.5752, -2.2638 0.4724 0.5906, -2.2638 0.315 0.5906, -2.4606 0.4724 0.5906, -2.4606 0.315 0.5906, -2.4606 0.4724 1.5752, -2.4606 0.315 1.5752, -2.4409 0.2953 0.5906, -2.2835 0.2953 0.5906, -2.4409 0.2953 1.5752, -2.2835 0.2953 1.5752, -2.4409 0.4921 1.5752, -2.2835 0.4921 1.5752, -2.4409 0.4921 0.5906, -2.2835 0.4921 0.5906, -2.4409 0.4921 0.0, -2.2835 0.4921 0.0, -2.4409 0.4921 -0.9607, -2.2835 0.4921 -0.9607, -2.4409 0.2953 -0.9607, -2.2835 0.2953 -0.9607, -2.4409 0.2953 0.0, -2.2835 0.2953 0.0, -2.2638 0.4724 0.0, -2.2638 0.315 0.0, -2.2638 0.4724 -0.9607, -2.2638 0.315 -0.9607, -2.4606 0.4724 -0.9607, -2.4606 0.315 -0.9607, -2.4606 0.4724 0.0, -2.4606 0.315 0.0, -2.3379 0.418 -1.1811, -2.3379 0.3694 -1.1811, -2.3865 0.418 -1.1811, -2.3865 0.3694 -1.1811, -2.3379 -0.418 1.7956, -2.3379 -0.3694 1.7956, -2.3865 -0.418 1.7956, -2.3865 -0.3694 1.7956, -2.4606 -0.4724 1.5752, -2.4606 -0.315 1.5752, -2.4606 -0.4724 0.5906, -2.4606 -0.315 0.5906, -2.2638 -0.4724 0.5906, -2.2638 -0.315 0.5906, -2.2638 -0.4724 1.5752, -2.2638 -0.315 1.5752, -2.4409 -0.2953 1.5752, -2.2835 -0.2953 1.5752, -2.4409 -0.2953 0.5906, -2.2835 -0.2953 0.5906, -2.4409 -0.4921 0.5906, -2.2835 -0.4921 0.5906, -2.4409 -0.4921 1.5752, -2.2835 -0.4921 1.5752, -2.2835 -0.4921 0.0, -2.4409 -0.4921 0.0, -2.2835 -0.4921 -0.9607, -2.4409 -0.4921 -0.9607, -2.4409 -0.2953 0.0, -2.2835 -0.2953 0.0, -2.4409 -0.2953 -0.9607, -2.2835 -0.2953 -0.9607, -2.2638 -0.4724 -0.9607, -2.2638 -0.315 -0.9607, -2.2638 -0.4724 0.0, -2.2638 -0.315 0.0, -2.4606 -0.315 -0.9607, -2.4606 -0.4724 -0.9607, -2.4606 -0.315 0.0, -2.4606 -0.4724 0.0, -2.3379 -0.3694 -1.1811, -2.3379 -0.418 -1.1811, -2.3865 -0.3694 -1.1811, -2.3865 -0.418 -1.1811, -1.5505 0.3694 1.7956, -1.5505 0.418 1.7956, -1.5991 0.3694 1.7956, -1.5991 0.418 1.7956, -1.4764 0.4724 1.5752, -1.4764 0.315 1.5752, -1.4764 0.4724 0.5906, -1.4764 0.315 0.5906, -1.6732 0.4724 0.5906, -1.6732 0.315 0.5906, -1.6732 0.4724 1.5752, -1.6732 0.315 1.5752, -1.6535 0.2953 0.5906, -1.4961 0.2953 0.5906, -1.6535 0.2953 1.5752, -1.4961 0.2953 1.5752, -1.6535 0.4921 1.5752, -1.4961 0.4921 1.5752, -1.6535 0.4921 0.5906, -1.4961 0.4921 0.5906, -1.6535 0.4921 0.0, -1.4961 0.4921 0.0, -1.6535 0.4921 -0.9607, -1.4961 0.4921 -0.9607, -1.6535 0.2953 -0.9607, -1.4961 0.2953 -0.9607, -1.6535 0.2953 0.0, -1.4961 0.2953 0.0, -1.4764 0.4724 0.0, -1.4764 0.315 0.0, -1.4764 0.4724 -0.9607, -1.4764 0.315 -0.9607, -1.6732 0.4724 -0.9607, -1.6732 0.315 -0.9607, -1.6732 0.4724 0.0, -1.6732 0.315 0.0, -1.5505 0.418 -1.1811, -1.5505 0.3694 -1.1811, -1.5991 0.418 -1.1811, -1.5991 0.3694 -1.1811, -1.5505 -0.418 1.7956, -1.5505 -0.3694 1.7956, -1.5991 -0.418 1.7956, -1.5991 -0.3694 1.7956, -1.6732 -0.4724 1.5752, -1.6732 -0.315 1.5752, -1.6732 -0.4724 0.5906, -1.6732 -0.315 0.5906, -1.4764 -0.4724 0.5906, -1.4764 -0.315 0.5906, -1.4764 -0.4724 1.5752, -1.4764 -0.315 1.5752, -1.6535 -0.2953 1.5752, -1.4961 -0.2953 1.5752, -1.6535 -0.2953 0.5906, -1.4961 -0.2953 0.5906, -1.6535 -0.4921 0.5906, -1.4961 -0.4921 0.5906, -1.6535 -0.4921 1.5752, -1.4961 -0.4921 1.5752, -1.4961 -0.4921 0.0, -1.6535 -0.4921 0.0, -1.4961 -0.4921 -0.9607, -1.6535 -0.4921 -0.9607, -1.6535 -0.2953 0.0, -1.4961 -0.2953 0.0, -1.6535 -0.2953 -0.9607, -1.4961 -0.2953 -0.9607, -1.4764 -0.4724 -0.9607, -1.4764 -0.315 -0.9607, -1.4764 -0.4724 0.0, -1.4764 -0.315 0.0, -1.6732 -0.315 -0.9607, -1.6732 -0.4724 -0.9607, -1.6732 -0.315 0.0, -1.6732 -0.4724 0.0, -1.5505 -0.3694 -1.1811, -1.5505 -0.418 -1.1811, -1.5991 -0.3694 -1.1811, -1.5991 -0.418 -1.1811, -0.7631 0.3694 1.7956, -0.7631 0.418 1.7956, -0.8117 0.3694 1.7956, -0.8117 0.418 1.7956, -0.689 0.4724 1.5752, -0.689 0.315 1.5752, -0.689 0.4724 0.5906, -0.689 0.315 0.5906, -0.8858 0.4724 0.5906, -0.8858 0.315 0.5906, -0.8858 0.4724 1.5752, -0.8858 0.315 1.5752, -0.8661 0.2953 0.5906, -0.7087 0.2953 0.5906, -0.8661 0.2953 1.5752, -0.7087 0.2953 1.5752, -0.8661 0.4921 1.5752, -0.7087 0.4921 1.5752, -0.8661 0.4921 0.5906, -0.7087 0.4921 0.5906, -0.8661 0.4921 0.0, -0.7087 0.4921 0.0, -0.8661 0.4921 -0.9607, -0.7087 0.4921 -0.9607, -0.8661 0.2953 -0.9607, -0.7087 0.2953 -0.9607, -0.8661 0.2953 0.0, -0.7087 0.2953 0.0, -0.689 0.4724 0.0, -0.689 0.315 0.0, -0.689 0.4724 -0.9607, -0.689 0.315 -0.9607, -0.8858 0.4724 -0.9607, -0.8858 0.315 -0.9607, -0.8858 0.4724 0.0, -0.8858 0.315 0.0, -0.7631 0.418 -1.1811, -0.7631 0.3694 -1.1811, -0.8117 0.418 -1.1811, -0.8117 0.3694 -1.1811, -0.7631 -0.418 1.7956, -0.7631 -0.3694 1.7956, -0.8117 -0.418 1.7956, -0.8117 -0.3694 1.7956, -0.8858 -0.4724 1.5752, -0.8858 -0.315 1.5752, -0.8858 -0.4724 0.5906, -0.8858 -0.315 0.5906, -0.689 -0.4724 0.5906, -0.689 -0.315 0.5906, -0.689 -0.4724 1.5752, -0.689 -0.315 1.5752, -0.8661 -0.2953 1.5752, -0.7087 -0.2953 1.5752, -0.8661 -0.2953 0.5906, -0.7087 -0.2953 0.5906, -0.8661 -0.4921 0.5906, -0.7087 -0.4921 0.5906, -0.8661 -0.4921 1.5752, -0.7087 -0.4921 1.5752, -0.7087 -0.4921 0.0, -0.8661 -0.4921 0.0, -0.7087 -0.4921 -0.9607, -0.8661 -0.4921 -0.9607, -0.8661 -0.2953 0.0, -0.7087 -0.2953 0.0, -0.8661 -0.2953 -0.9607, -0.7087 -0.2953 -0.9607, -0.689 -0.4724 -0.9607, -0.689 -0.315 -0.9607, -0.689 -0.4724 0.0, -0.689 -0.315 0.0, -0.8858 -0.315 -0.9607, -0.8858 -0.4724 -0.9607, -0.8858 -0.315 0.0, -0.8858 -0.4724 0.0, -0.7631 -0.3694 -1.1811, -0.7631 -0.418 -1.1811, -0.8117 -0.3694 -1.1811, -0.8117 -0.418 -1.1811, 0.0243 0.3694 1.7956, 0.0243 0.418 1.7956, -0.0243 0.3694 1.7956, -0.0243 0.418 1.7956, 0.0984 0.4724 1.5752, 0.0984 0.315 1.5752, 0.0984 0.4724 0.5906, 0.0984 0.315 0.5906, -0.0984 0.4724 0.5906, -0.0984 0.315 0.5906, -0.0984 0.4724 1.5752, -0.0984 0.315 1.5752, -0.0787 0.2953 0.5906, 0.0787 0.2953 0.5906, -0.0787 0.2953 1.5752, 0.0787 0.2953 1.5752, -0.0787 0.4921 1.5752, 0.0787 0.4921 1.5752, -0.0787 0.4921 0.5906, 0.0787 0.4921 0.5906, -0.0787 0.4921 0.0, 0.0787 0.4921 0.0, -0.0787 0.4921 -0.9607, 0.0787 0.4921 -0.9607, -0.0787 0.2953 -0.9607, 0.0787 0.2953 -0.9607, -0.0787 0.2953 0.0, 0.0787 0.2953 0.0, 0.0984 0.4724 0.0, 0.0984 0.315 0.0, 0.0984 0.4724 -0.9607, 0.0984 0.315 -0.9607, -0.0984 0.4724 -0.9607, -0.0984 0.315 -0.9607, -0.0984 0.4724 0.0, -0.0984 0.315 0.0, 0.0243 0.418 -1.1811, 0.0243 0.3694 -1.1811, -0.0243 0.418 -1.1811, -0.0243 0.3694 -1.1811, 0.0243 -0.418 1.7956, 0.0243 -0.3694 1.7956, -0.0243 -0.418 1.7956, -0.0243 -0.3694 1.7956, -0.0984 -0.4724 1.5752, -0.0984 -0.315 1.5752, -0.0984 -0.4724 0.5906, -0.0984 -0.315 0.5906, 0.0984 -0.4724 0.5906, 0.0984 -0.315 0.5906, 0.0984 -0.4724 1.5752, 0.0984 -0.315 1.5752, -0.0787 -0.2953 1.5752, 0.0787 -0.2953 1.5752, -0.0787 -0.2953 0.5906, 0.0787 -0.2953 0.5906, -0.0787 -0.4921 0.5906, 0.0787 -0.4921 0.5906, -0.0787 -0.4921 1.5752, 0.0787 -0.4921 1.5752, 0.0787 -0.4921 0.0, -0.0787 -0.4921 0.0, 0.0787 -0.4921 -0.9607, -0.0787 -0.4921 -0.9607, -0.0787 -0.2953 0.0, 0.0787 -0.2953 0.0, -0.0787 -0.2953 -0.9607, 0.0787 -0.2953 -0.9607, 0.0984 -0.4724 -0.9607, 0.0984 -0.315 -0.9607, 0.0984 -0.4724 0.0, 0.0984 -0.315 0.0, -0.0984 -0.315 -0.9607, -0.0984 -0.4724 -0.9607, -0.0984 -0.315 0.0, -0.0984 -0.4724 0.0, 0.0243 -0.3694 -1.1811, 0.0243 -0.418 -1.1811, -0.0243 -0.3694 -1.1811, -0.0243 -0.418 -1.1811, 0.8117 0.3694 1.7956, 0.8117 0.418 1.7956, 0.7631 0.3694 1.7956, 0.7631 0.418 1.7956, 0.8858 0.4724 1.5752, 0.8858 0.315 1.5752, 0.8858 0.4724 0.5906, 0.8858 0.315 0.5906, 0.689 0.4724 0.5906, 0.689 0.315 0.5906, 0.689 0.4724 1.5752, 0.689 0.315 1.5752, 0.7087 0.2953 0.5906, 0.8661 0.2953 0.5906, 0.7087 0.2953 1.5752, 0.8661 0.2953 1.5752, 0.7087 0.4921 1.5752, 0.8661 0.4921 1.5752, 0.7087 0.4921 0.5906, 0.8661 0.4921 0.5906, 0.7087 0.4921 0.0, 0.8661 0.4921 0.0, 0.7087 0.4921 -0.9607, 0.8661 0.4921 -0.9607, 0.7087 0.2953 -0.9607, 0.8661 0.2953 -0.9607, 0.7087 0.2953 0.0, 0.8661 0.2953 0.0, 0.8858 0.4724 0.0, 0.8858 0.315 0.0, 0.8858 0.4724 -0.9607, 0.8858 0.315 -0.9607, 0.689 0.4724 -0.9607, 0.689 0.315 -0.9607, 0.689 0.4724 0.0, 0.689 0.315 0.0, 0.8117 0.418 -1.1811, 0.8117 0.3694 -1.1811, 0.7631 0.418 -1.1811, 0.7631 0.3694 -1.1811, 0.8117 -0.418 1.7956, 0.8117 -0.3694 1.7956, 0.7631 -0.418 1.7956, 0.7631 -0.3694 1.7956, 0.689 -0.4724 1.5752, 0.689 -0.315 1.5752, 0.689 -0.4724 0.5906, 0.689 -0.315 0.5906, 0.8858 -0.4724 0.5906, 0.8858 -0.315 0.5906, 0.8858 -0.4724 1.5752, 0.8858 -0.315 1.5752, 0.7087 -0.2953 1.5752, 0.8661 -0.2953 1.5752, 0.7087 -0.2953 0.5906, 0.8661 -0.2953 0.5906, 0.7087 -0.4921 0.5906, 0.8661 -0.4921 0.5906, 0.7087 -0.4921 1.5752, 0.8661 -0.4921 1.5752, 0.8661 -0.4921 0.0, 0.7087 -0.4921 0.0, 0.8661 -0.4921 -0.9607, 0.7087 -0.4921 -0.9607, 0.7087 -0.2953 0.0, 0.8661 -0.2953 0.0, 0.7087 -0.2953 -0.9607, 0.8661 -0.2953 -0.9607, 0.8858 -0.4724 -0.9607, 0.8858 -0.315 -0.9607, 0.8858 -0.4724 0.0, 0.8858 -0.315 0.0, 0.689 -0.315 -0.9607, 0.689 -0.4724 -0.9607, 0.689 -0.315 0.0, 0.689 -0.4724 0.0, 0.8117 -0.3694 -1.1811, 0.8117 -0.418 -1.1811, 0.7631 -0.3694 -1.1811, 0.7631 -0.418 -1.1811, 1.5991 0.3694 1.7956, 1.5991 0.418 1.7956, 1.5505 0.3694 1.7956, 1.5505 0.418 1.7956, 1.6732 0.4724 1.5752, 1.6732 0.315 1.5752, 1.6732 0.4724 0.5906, 1.6732 0.315 0.5906, 1.4764 0.4724 0.5906, 1.4764 0.315 0.5906, 1.4764 0.4724 1.5752, 1.4764 0.315 1.5752, 1.4961 0.2953 0.5906, 1.6535 0.2953 0.5906, 1.4961 0.2953 1.5752, 1.6535 0.2953 1.5752, 1.4961 0.4921 1.5752, 1.6535 0.4921 1.5752, 1.4961 0.4921 0.5906, 1.6535 0.4921 0.5906, 1.4961 0.4921 0.0, 1.6535 0.4921 0.0, 1.4961 0.4921 -0.9607, 1.6535 0.4921 -0.9607, 1.4961 0.2953 -0.9607, 1.6535 0.2953 -0.9607, 1.4961 0.2953 0.0, 1.6535 0.2953 0.0, 1.6732 0.4724 0.0, 1.6732 0.315 0.0, 1.6732 0.4724 -0.9607, 1.6732 0.315 -0.9607, 1.4764 0.4724 -0.9607, 1.4764 0.315 -0.9607, 1.4764 0.4724 0.0, 1.4764 0.315 0.0, 1.5991 0.418 -1.1811, 1.5991 0.3694 -1.1811, 1.5505 0.418 -1.1811, 1.5505 0.3694 -1.1811, 1.5991 -0.418 1.7956, 1.5991 -0.3694 1.7956, 1.5505 -0.418 1.7956, 1.5505 -0.3694 1.7956, 1.4764 -0.4724 1.5752, 1.4764 -0.315 1.5752, 1.4764 -0.4724 0.5906, 1.4764 -0.315 0.5906, 1.6732 -0.4724 0.5906, 1.6732 -0.315 0.5906, 1.6732 -0.4724 1.5752, 1.6732 -0.315 1.5752, 1.4961 -0.2953 1.5752, 1.6535 -0.2953 1.5752, 1.4961 -0.2953 0.5906, 1.6535 -0.2953 0.5906, 1.4961 -0.4921 0.5906, 1.6535 -0.4921 0.5906, 1.4961 -0.4921 1.5752, 1.6535 -0.4921 1.5752, 1.6535 -0.4921 0.0, 1.4961 -0.4921 0.0, 1.6535 -0.4921 -0.9607, 1.4961 -0.4921 -0.9607, 1.4961 -0.2953 0.0, 1.6535 -0.2953 0.0, 1.4961 -0.2953 -0.9607, 1.6535 -0.2953 -0.9607, 1.6732 -0.4724 -0.9607, 1.6732 -0.315 -0.9607, 1.6732 -0.4724 0.0, 1.6732 -0.315 0.0, 1.4764 -0.315 -0.9607, 1.4764 -0.4724 -0.9607, 1.4764 -0.315 0.0, 1.4764 -0.4724 0.0, 1.5991 -0.3694 -1.1811, 1.5991 -0.418 -1.1811, 1.5505 -0.3694 -1.1811, 1.5505 -0.418 -1.1811, 2.3865 0.3694 1.7956, 2.3865 0.418 1.7956, 2.3379 0.3694 1.7956, 2.3379 0.418 1.7956, 2.4606 0.4724 1.5752, 2.4606 0.315 1.5752, 2.4606 0.4724 0.5906, 2.4606 0.315 0.5906, 2.2638 0.4724 0.5906, 2.2638 0.315 0.5906, 2.2638 0.4724 1.5752, 2.2638 0.315 1.5752, 2.2835 0.2953 0.5906, 2.4409 0.2953 0.5906, 2.2835 0.2953 1.5752, 2.4409 0.2953 1.5752, 2.2835 0.4921 1.5752, 2.4409 0.4921 1.5752, 2.2835 0.4921 0.5906, 2.4409 0.4921 0.5906, 2.2835 0.4921 0.0, 2.4409 0.4921 0.0, 2.2835 0.4921 -0.9607, 2.4409 0.4921 -0.9607, 2.2835 0.2953 -0.9607, 2.4409 0.2953 -0.9607, 2.2835 0.2953 0.0, 2.4409 0.2953 0.0, 2.4606 0.4724 0.0, 2.4606 0.315 0.0, 2.4606 0.4724 -0.9607, 2.4606 0.315 -0.9607, 2.2638 0.4724 -0.9607, 2.2638 0.315 -0.9607, 2.2638 0.4724 0.0, 2.2638 0.315 0.0, 2.3865 0.418 -1.1811, 2.3865 0.3694 -1.1811, 2.3379 0.418 -1.1811, 2.3379 0.3694 -1.1811, 2.3865 -0.418 1.7956, 2.3865 -0.3694 1.7956, 2.3379 -0.418 1.7956, 2.3379 -0.3694 1.7956, 2.2638 -0.4724 1.5752, 2.2638 -0.315 1.5752, 2.2638 -0.4724 0.5906, 2.2638 -0.315 0.5906, 2.4606 -0.4724 0.5906, 2.4606 -0.315 0.5906, 2.4606 -0.4724 1.5752, 2.4606 -0.315 1.5752, 2.2835 -0.2953 1.5752, 2.4409 -0.2953 1.5752, 2.2835 -0.2953 0.5906, 2.4409 -0.2953 0.5906, 2.2835 -0.4921 0.5906, 2.4409 -0.4921 0.5906, 2.2835 -0.4921 1.5752, 2.4409 -0.4921 1.5752, 2.4409 -0.4921 0.0, 2.2835 -0.4921 0.0, 2.4409 -0.4921 -0.9607, 2.2835 -0.4921 -0.9607, 2.2835 -0.2953 0.0, 2.4409 -0.2953 0.0, 2.2835 -0.2953 -0.9607, 2.4409 -0.2953 -0.9607, 2.4606 -0.4724 -0.9607, 2.4606 -0.315 -0.9607, 2.4606 -0.4724 0.0, 2.4606 -0.315 0.0, 2.2638 -0.315 -0.9607, 2.2638 -0.4724 -0.9607, 2.2638 -0.315 0.0, 2.2638 -0.4724 0.0, 2.3865 -0.3694 -1.1811, 2.3865 -0.418 -1.1811, 2.3379 -0.3694 -1.1811, 2.3379 -0.418 -1.1811, 3.1739 0.418 -1.1811, 3.1739 0.3694 -1.1811, 3.1253 0.418 -1.1811, 3.1253 0.3694 -1.1811, 3.248 0.4724 0.0787, 3.248 0.315 0.0787, 3.248 0.4724 -0.9607, 3.248 0.315 -0.9607, 3.0512 0.4724 -0.9607, 3.0512 0.315 -0.9607, 3.0512 0.4724 0.0787, 3.0512 0.315 0.0787, 3.0709 0.2953 -0.9607, 3.2283 0.2953 -0.9607, 3.0709 0.2953 0.0787, 3.2283 0.2953 0.0787, 3.0709 0.4921 0.0787, 3.2283 0.4921 0.0787, 3.0709 0.4921 -0.9607, 3.2283 0.4921 -0.9607, 3.0709 0.4921 1.5752, 3.2283 0.4921 1.5752, 3.0709 0.4921 0.5906, 3.2283 0.4921 0.5906, 3.1739 0.3694 1.7956, 3.1739 0.418 1.7956, 3.1253 0.3694 1.7956, 3.1253 0.418 1.7956, 3.0709 0.2953 0.5906, 3.2283 0.2953 0.5906, 3.0709 0.2953 1.5752, 3.2283 0.2953 1.5752, 3.248 0.4724 1.5752, 3.248 0.315 1.5752, 3.248 0.4724 0.5906, 3.248 0.315 0.5906, 3.0512 0.4724 0.5906, 3.0512 0.315 0.5906, 3.0512 0.4724 1.5752, 3.0512 0.315 1.5752, 3.1739 -0.3694 -1.1811, 3.1739 -0.418 -1.1811, 3.1253 -0.3694 -1.1811, 3.1253 -0.418 -1.1811, 3.0512 -0.315 -0.9607, 3.0512 -0.4724 -0.9607, 3.0512 -0.315 0.0787, 3.0512 -0.4724 0.0787, 3.248 -0.4724 -0.9607, 3.248 -0.315 -0.9607, 3.248 -0.4724 0.0787, 3.248 -0.315 0.0787, 3.0709 -0.2953 0.0787, 3.2283 -0.2953 0.0787, 3.0709 -0.2953 -0.9607, 3.2283 -0.2953 -0.9607, 3.2283 -0.4921 0.0787, 3.0709 -0.4921 0.0787, 3.2283 -0.4921 -0.9607, 3.0709 -0.4921 -0.9607, 3.0709 -0.4921 0.5906, 3.2283 -0.4921 0.5906, 3.0709 -0.4921 1.5752, 3.2283 -0.4921 1.5752, 3.0709 -0.2953 1.5752, 3.2283 -0.2953 1.5752, 3.0709 -0.2953 0.5906, 3.2283 -0.2953 0.5906, 3.1739 -0.418 1.7956, 3.1739 -0.3694 1.7956, 3.1253 -0.418 1.7956, 3.1253 -0.3694 1.7956, 3.248 -0.4724 0.5906, 3.248 -0.315 0.5906, 3.248 -0.4724 1.5752, 3.248 -0.315 1.5752, 3.0512 -0.4724 1.5752, 3.0512 -0.315 1.5752, 3.0512 -0.4724 0.5906, 3.0512 -0.315 0.5906, -2.2828 0.4921 -0.9607, -2.3379 0.437 -1.1665, -2.3865 0.437 -1.1665, -2.4416 0.4921 -0.9607, -2.2638 0.3143 -0.9607, -2.3189 0.3694 -1.1665, -2.3189 0.418 -1.1665, -2.2638 0.4731 -0.9607, -2.4606 0.4731 -0.9607, -2.4055 0.418 -1.1665, -2.4055 0.3694 -1.1665, -2.4606 0.3143 -0.9607, -2.4416 0.2953 -0.9607, -2.3865 0.3504 -1.1665, -2.3379 0.3504 -1.1665, -2.2828 0.2953 -0.9607, -2.2828 -0.2953 -0.9607, -2.3379 -0.3504 -1.1665, -2.3865 -0.3504 -1.1665, -2.4416 -0.2953 -0.9607, -2.2638 -0.4731 -0.9607, -2.3189 -0.418 -1.1665, -2.3189 -0.3694 -1.1665, -2.2638 -0.3143 -0.9607, -2.4606 -0.3143 -0.9607, -2.4055 -0.3694 -1.1665, -2.4055 -0.418 -1.1665, -2.4606 -0.4731 -0.9607, -2.4416 -0.4921 -0.9607, -2.3865 -0.437 -1.1665, -2.3379 -0.437 -1.1665, -2.2828 -0.4921 -0.9607, -2.2828 -0.4921 1.5752, -2.3379 -0.437 1.781, -2.3865 -0.437 1.781, -2.4416 -0.4921 1.5752, -2.2638 -0.3143 1.5752, -2.3189 -0.3694 1.781, -2.3189 -0.418 1.781, -2.2638 -0.4731 1.5752, -2.4606 -0.4731 1.5752, -2.4055 -0.418 1.781, -2.4055 -0.3694 1.781, -2.4606 -0.3143 1.5752, -2.4416 -0.2953 1.5752, -2.3865 -0.3504 1.781, -2.3379 -0.3504 1.781, -2.2828 -0.2953 1.5752, -2.2828 0.2953 1.5752, -2.3379 0.3504 1.781, -2.3865 0.3504 1.781, -2.4416 0.2953 1.5752, -2.2638 0.4731 1.5752, -2.3189 0.418 1.781, -2.3189 0.3694 1.781, -2.2638 0.3143 1.5752, -2.4606 0.3143 1.5752, -2.4055 0.3694 1.781, -2.4055 0.418 1.781, -2.4606 0.4731 1.5752, -2.4416 0.4921 1.5752, -2.3865 0.437 1.781, -2.3379 0.437 1.781, -2.2828 0.4921 1.5752, -1.4954 0.4921 -0.9607, -1.5505 0.437 -1.1665, -1.5991 0.437 -1.1665, -1.6542 0.4921 -0.9607, -1.4764 0.3143 -0.9607, -1.5315 0.3694 -1.1665, -1.5315 0.418 -1.1665, -1.4764 0.4731 -0.9607, -1.6732 0.4731 -0.9607, -1.6181 0.418 -1.1665, -1.6181 0.3694 -1.1665, -1.6732 0.3143 -0.9607, -1.6542 0.2953 -0.9607, -1.5991 0.3504 -1.1665, -1.5505 0.3504 -1.1665, -1.4954 0.2953 -0.9607, -1.4954 -0.2953 -0.9607, -1.5505 -0.3504 -1.1665, -1.5991 -0.3504 -1.1665, -1.6542 -0.2953 -0.9607, -1.4764 -0.4731 -0.9607, -1.5315 -0.418 -1.1665, -1.5315 -0.3694 -1.1665, -1.4764 -0.3143 -0.9607, -1.6732 -0.3143 -0.9607, -1.6181 -0.3694 -1.1665, -1.6181 -0.418 -1.1665, -1.6732 -0.4731 -0.9607, -1.6542 -0.4921 -0.9607, -1.5991 -0.437 -1.1665, -1.5505 -0.437 -1.1665, -1.4954 -0.4921 -0.9607, -1.4954 -0.4921 1.5752, -1.5505 -0.437 1.781, -1.5991 -0.437 1.781, -1.6542 -0.4921 1.5752, -1.4764 -0.3143 1.5752, -1.5315 -0.3694 1.781, -1.5315 -0.418 1.781, -1.4764 -0.4731 1.5752, -1.6732 -0.4731 1.5752, -1.6181 -0.418 1.781, -1.6181 -0.3694 1.781, -1.6732 -0.3143 1.5752, -1.6542 -0.2953 1.5752, -1.5991 -0.3504 1.781, -1.5505 -0.3504 1.781, -1.4954 -0.2953 1.5752, -1.4954 0.2953 1.5752, -1.5505 0.3504 1.781, -1.5991 0.3504 1.781, -1.6542 0.2953 1.5752, -1.4764 0.4731 1.5752, -1.5315 0.418 1.781, -1.5315 0.3694 1.781, -1.4764 0.3143 1.5752, -1.6732 0.3143 1.5752, -1.6181 0.3694 1.781, -1.6181 0.418 1.781, -1.6732 0.4731 1.5752, -1.6542 0.4921 1.5752, -1.5991 0.437 1.781, -1.5505 0.437 1.781, -1.4954 0.4921 1.5752, -0.708 0.4921 -0.9607, -0.7631 0.437 -1.1665, -0.8117 0.437 -1.1665, -0.8668 0.4921 -0.9607, -0.689 0.3143 -0.9607, -0.7441 0.3694 -1.1665, -0.7441 0.418 -1.1665, -0.689 0.4731 -0.9607, -0.8858 0.4731 -0.9607, -0.8307 0.418 -1.1665, -0.8307 0.3694 -1.1665, -0.8858 0.3143 -0.9607, -0.8668 0.2953 -0.9607, -0.8117 0.3504 -1.1665, -0.7631 0.3504 -1.1665, -0.708 0.2953 -0.9607, -0.708 -0.2953 -0.9607, -0.7631 -0.3504 -1.1665, -0.8117 -0.3504 -1.1665, -0.8668 -0.2953 -0.9607, -0.689 -0.4731 -0.9607, -0.7441 -0.418 -1.1665, -0.7441 -0.3694 -1.1665, -0.689 -0.3143 -0.9607, -0.8858 -0.3143 -0.9607, -0.8307 -0.3694 -1.1665, -0.8307 -0.418 -1.1665, -0.8858 -0.4731 -0.9607, -0.8668 -0.4921 -0.9607, -0.8117 -0.437 -1.1665, -0.7631 -0.437 -1.1665, -0.708 -0.4921 -0.9607, -0.708 -0.4921 1.5752, -0.7631 -0.437 1.781, -0.8117 -0.437 1.781, -0.8668 -0.4921 1.5752, -0.689 -0.3143 1.5752, -0.7441 -0.3694 1.781, -0.7441 -0.418 1.781, -0.689 -0.4731 1.5752, -0.8858 -0.4731 1.5752, -0.8307 -0.418 1.781, -0.8307 -0.3694 1.781, -0.8858 -0.3143 1.5752, -0.8668 -0.2953 1.5752, -0.8117 -0.3504 1.781, -0.7631 -0.3504 1.781, -0.708 -0.2953 1.5752, -0.708 0.2953 1.5752, -0.7631 0.3504 1.781, -0.8117 0.3504 1.781, -0.8668 0.2953 1.5752, -0.689 0.4731 1.5752, -0.7441 0.418 1.781, -0.7441 0.3694 1.781, -0.689 0.3143 1.5752, -0.8858 0.3143 1.5752, -0.8307 0.3694 1.781, -0.8307 0.418 1.781, -0.8858 0.4731 1.5752, -0.8668 0.4921 1.5752, -0.8117 0.437 1.781, -0.7631 0.437 1.781, -0.708 0.4921 1.5752, 0.0794 0.4921 -0.9607, 0.0243 0.437 -1.1665, -0.0243 0.437 -1.1665, -0.0794 0.4921 -0.9607, 0.0984 0.3143 -0.9607, 0.0433 0.3694 -1.1665, 0.0433 0.418 -1.1665, 0.0984 0.4731 -0.9607, -0.0984 0.4731 -0.9607, -0.0433 0.418 -1.1665, -0.0433 0.3694 -1.1665, -0.0984 0.3143 -0.9607, -0.0794 0.2953 -0.9607, -0.0243 0.3504 -1.1665, 0.0243 0.3504 -1.1665, 0.0794 0.2953 -0.9607, 0.0794 -0.2953 -0.9607, 0.0243 -0.3504 -1.1665, -0.0243 -0.3504 -1.1665, -0.0794 -0.2953 -0.9607, 0.0984 -0.4731 -0.9607, 0.0433 -0.418 -1.1665, 0.0433 -0.3694 -1.1665, 0.0984 -0.3143 -0.9607, -0.0984 -0.3143 -0.9607, -0.0433 -0.3694 -1.1665, -0.0433 -0.418 -1.1665, -0.0984 -0.4731 -0.9607, -0.0794 -0.4921 -0.9607, -0.0243 -0.437 -1.1665, 0.0243 -0.437 -1.1665, 0.0794 -0.4921 -0.9607, 0.0794 -0.4921 1.5752, 0.0243 -0.437 1.781, -0.0243 -0.437 1.781, -0.0794 -0.4921 1.5752, 0.0984 -0.3143 1.5752, 0.0433 -0.3694 1.781, 0.0433 -0.418 1.781, 0.0984 -0.4731 1.5752, -0.0984 -0.4731 1.5752, -0.0433 -0.418 1.781, -0.0433 -0.3694 1.781, -0.0984 -0.3143 1.5752, -0.0794 -0.2953 1.5752, -0.0243 -0.3504 1.781, 0.0243 -0.3504 1.781, 0.0794 -0.2953 1.5752, 0.0794 0.2953 1.5752, 0.0243 0.3504 1.781, -0.0243 0.3504 1.781, -0.0794 0.2953 1.5752, 0.0984 0.4731 1.5752, 0.0433 0.418 1.781, 0.0433 0.3694 1.781, 0.0984 0.3143 1.5752, -0.0984 0.3143 1.5752, -0.0433 0.3694 1.781, -0.0433 0.418 1.781, -0.0984 0.4731 1.5752, -0.0794 0.4921 1.5752, -0.0243 0.437 1.781, 0.0243 0.437 1.781, 0.0794 0.4921 1.5752, 0.8668 0.4921 -0.9607, 0.8117 0.437 -1.1665, 0.7631 0.437 -1.1665, 0.708 0.4921 -0.9607, 0.8858 0.3143 -0.9607, 0.8307 0.3694 -1.1665, 0.8307 0.418 -1.1665, 0.8858 0.4731 -0.9607, 0.689 0.4731 -0.9607, 0.7441 0.418 -1.1665, 0.7441 0.3694 -1.1665, 0.689 0.3143 -0.9607, 0.708 0.2953 -0.9607, 0.7631 0.3504 -1.1665, 0.8117 0.3504 -1.1665, 0.8668 0.2953 -0.9607, 0.8668 -0.2953 -0.9607, 0.8117 -0.3504 -1.1665, 0.7631 -0.3504 -1.1665, 0.708 -0.2953 -0.9607, 0.8858 -0.4731 -0.9607, 0.8307 -0.418 -1.1665, 0.8307 -0.3694 -1.1665, 0.8858 -0.3143 -0.9607, 0.689 -0.3143 -0.9607, 0.7441 -0.3694 -1.1665, 0.7441 -0.418 -1.1665, 0.689 -0.4731 -0.9607, 0.708 -0.4921 -0.9607, 0.7631 -0.437 -1.1665, 0.8117 -0.437 -1.1665, 0.8668 -0.4921 -0.9607, 0.8668 -0.4921 1.5752, 0.8117 -0.437 1.781, 0.7631 -0.437 1.781, 0.708 -0.4921 1.5752, 0.8858 -0.3143 1.5752, 0.8307 -0.3694 1.781, 0.8307 -0.418 1.781, 0.8858 -0.4731 1.5752, 0.689 -0.4731 1.5752, 0.7441 -0.418 1.781, 0.7441 -0.3694 1.781, 0.689 -0.3143 1.5752, 0.708 -0.2953 1.5752, 0.7631 -0.3504 1.781, 0.8117 -0.3504 1.781, 0.8668 -0.2953 1.5752, 0.8668 0.2953 1.5752, 0.8117 0.3504 1.781, 0.7631 0.3504 1.781, 0.708 0.2953 1.5752, 0.8858 0.4731 1.5752, 0.8307 0.418 1.781, 0.8307 0.3694 1.781, 0.8858 0.3143 1.5752, 0.689 0.3143 1.5752, 0.7441 0.3694 1.781, 0.7441 0.418 1.781, 0.689 0.4731 1.5752, 0.708 0.4921 1.5752, 0.7631 0.437 1.781, 0.8117 0.437 1.781, 0.8668 0.4921 1.5752, 1.6542 0.4921 -0.9607, 1.5991 0.437 -1.1665, 1.5505 0.437 -1.1665, 1.4954 0.4921 -0.9607, 1.6732 0.3143 -0.9607, 1.6181 0.3694 -1.1665, 1.6181 0.418 -1.1665, 1.6732 0.4731 -0.9607, 1.4764 0.4731 -0.9607, 1.5315 0.418 -1.1665, 1.5315 0.3694 -1.1665, 1.4764 0.3143 -0.9607, 1.4954 0.2953 -0.9607, 1.5505 0.3504 -1.1665, 1.5991 0.3504 -1.1665, 1.6542 0.2953 -0.9607, 1.6542 -0.2953 -0.9607, 1.5991 -0.3504 -1.1665, 1.5505 -0.3504 -1.1665, 1.4954 -0.2953 -0.9607, 1.6732 -0.4731 -0.9607, 1.6181 -0.418 -1.1665, 1.6181 -0.3694 -1.1665, 1.6732 -0.3143 -0.9607, 1.4764 -0.3143 -0.9607, 1.5315 -0.3694 -1.1665, 1.5315 -0.418 -1.1665, 1.4764 -0.4731 -0.9607, 1.4954 -0.4921 -0.9607, 1.5505 -0.437 -1.1665, 1.5991 -0.437 -1.1665, 1.6542 -0.4921 -0.9607, 1.6542 -0.4921 1.5752, 1.5991 -0.437 1.781, 1.5505 -0.437 1.781, 1.4954 -0.4921 1.5752, 1.6732 -0.3143 1.5752, 1.6181 -0.3694 1.781, 1.6181 -0.418 1.781, 1.6732 -0.4731 1.5752, 1.4764 -0.4731 1.5752, 1.5315 -0.418 1.781, 1.5315 -0.3694 1.781, 1.4764 -0.3143 1.5752, 1.4954 -0.2953 1.5752, 1.5505 -0.3504 1.781, 1.5991 -0.3504 1.781, 1.6542 -0.2953 1.5752, 1.6542 0.2953 1.5752, 1.5991 0.3504 1.781, 1.5505 0.3504 1.781, 1.4954 0.2953 1.5752, 1.6732 0.4731 1.5752, 1.6181 0.418 1.781, 1.6181 0.3694 1.781, 1.6732 0.3143 1.5752, 1.4764 0.3143 1.5752, 1.5315 0.3694 1.781, 1.5315 0.418 1.781, 1.4764 0.4731 1.5752, 1.4954 0.4921 1.5752, 1.5505 0.437 1.781, 1.5991 0.437 1.781, 1.6542 0.4921 1.5752, 2.4416 0.4921 -0.9607, 2.3865 0.437 -1.1665, 2.3379 0.437 -1.1665, 2.2828 0.4921 -0.9607, 2.4606 0.3143 -0.9607, 2.4055 0.3694 -1.1665, 2.4055 0.418 -1.1665, 2.4606 0.4731 -0.9607, 2.2638 0.4731 -0.9607, 2.3189 0.418 -1.1665, 2.3189 0.3694 -1.1665, 2.2638 0.3143 -0.9607, 2.2828 0.2953 -0.9607, 2.3379 0.3504 -1.1665, 2.3865 0.3504 -1.1665, 2.4416 0.2953 -0.9607, 2.4416 -0.2953 -0.9607, 2.3865 -0.3504 -1.1665, 2.3379 -0.3504 -1.1665, 2.2828 -0.2953 -0.9607, 2.4606 -0.4731 -0.9607, 2.4055 -0.418 -1.1665, 2.4055 -0.3694 -1.1665, 2.4606 -0.3143 -0.9607, 2.2638 -0.3143 -0.9607, 2.3189 -0.3694 -1.1665, 2.3189 -0.418 -1.1665, 2.2638 -0.4731 -0.9607, 2.2828 -0.4921 -0.9607, 2.3379 -0.437 -1.1665, 2.3865 -0.437 -1.1665, 2.4416 -0.4921 -0.9607, 2.4416 -0.4921 1.5752, 2.3865 -0.437 1.781, 2.3379 -0.437 1.781, 2.2828 -0.4921 1.5752, 2.4606 -0.3143 1.5752, 2.4055 -0.3694 1.781, 2.4055 -0.418 1.781, 2.4606 -0.4731 1.5752, 2.2638 -0.4731 1.5752, 2.3189 -0.418 1.781, 2.3189 -0.3694 1.781, 2.2638 -0.3143 1.5752, 2.2828 -0.2953 1.5752, 2.3379 -0.3504 1.781, 2.3865 -0.3504 1.781, 2.4416 -0.2953 1.5752, 2.4416 0.2953 1.5752, 2.3865 0.3504 1.781, 2.3379 0.3504 1.781, 2.2828 0.2953 1.5752, 2.4606 0.4731 1.5752, 2.4055 0.418 1.781, 2.4055 0.3694 1.781, 2.4606 0.3143 1.5752, 2.2638 0.3143 1.5752, 2.3189 0.3694 1.781, 2.3189 0.418 1.781, 2.2638 0.4731 1.5752, 2.2828 0.4921 1.5752, 2.3379 0.437 1.781, 2.3865 0.437 1.781, 2.4416 0.4921 1.5752, 3.229 0.4921 -0.9607, 3.1739 0.437 -1.1665, 3.1253 0.437 -1.1665, 3.0702 0.4921 -0.9607, 3.248 0.3143 -0.9607, 3.1929 0.3694 -1.1665, 3.1929 0.418 -1.1665, 3.248 0.4731 -0.9607, 3.0512 0.4731 -0.9607, 3.1063 0.418 -1.1665, 3.1063 0.3694 -1.1665, 3.0512 0.3143 -0.9607, 3.0702 0.2953 -0.9607, 3.1253 0.3504 -1.1665, 3.1739 0.3504 -1.1665, 3.229 0.2953 -0.9607, 3.229 -0.2953 -0.9607, 3.1739 -0.3504 -1.1665, 3.1253 -0.3504 -1.1665, 3.0702 -0.2953 -0.9607, 3.248 -0.4731 -0.9607, 3.1929 -0.418 -1.1665, 3.1929 -0.3694 -1.1665, 3.248 -0.3143 -0.9607, 3.0512 -0.3143 -0.9607, 3.1063 -0.3694 -1.1665, 3.1063 -0.418 -1.1665, 3.0512 -0.4731 -0.9607, 3.0702 -0.4921 -0.9607, 3.1253 -0.437 -1.1665, 3.1739 -0.437 -1.1665, 3.229 -0.4921 -0.9607, 3.229 -0.4921 1.5752, 3.1739 -0.437 1.781, 3.1253 -0.437 1.781, 3.0702 -0.4921 1.5752, 3.248 -0.3143 1.5752, 3.1929 -0.3694 1.781, 3.1929 -0.418 1.781, 3.248 -0.4731 1.5752, 3.0512 -0.4731 1.5752, 3.1063 -0.418 1.781, 3.1063 -0.3694 1.781, 3.0512 -0.3143 1.5752, 3.0702 -0.2953 1.5752, 3.1253 -0.3504 1.781, 3.1739 -0.3504 1.781, 3.229 -0.2953 1.5752, 3.229 0.2953 1.5752, 3.1739 0.3504 1.781, 3.1253 0.3504 1.781, 3.0702 0.2953 1.5752, 3.248 0.4731 1.5752, 3.1929 0.418 1.781, 3.1929 0.3694 1.781, 3.248 0.3143 1.5752, 3.0512 0.3143 1.5752, 3.1063 0.3694 1.781, 3.1063 0.418 1.781, 3.0512 0.4731 1.5752, 3.0702 0.4921 1.5752, 3.1253 0.437 1.781, 3.1739 0.437 1.781, 3.229 0.4921 1.5752, -2.446 -0.296 1.5757, -2.446 -0.2959 0.5906, -2.4465 -0.2961 1.5757, -2.4508 -0.2979 0.5906, -2.4508 -0.2979 1.5761, -2.451 -0.298 1.5761, -2.4549 -0.301 0.5906, -2.4549 -0.301 1.5762, -2.4579 -0.3049 1.5761, -2.458 -0.3051 0.5906, -2.458 -0.3051 1.5761, -2.4598 -0.3094 1.5757, -2.46 -0.3099 0.5906, -2.4599 -0.3099 1.5757, -2.2645 -0.3099 1.5757, -2.2645 -0.3099 0.5906, -2.2646 -0.3094 1.5757, -2.2664 -0.3051 0.5906, -2.2664 -0.3051 1.5761, -2.2665 -0.3049 1.5761, -2.2695 -0.301 0.5906, -2.2695 -0.301 1.5762, -2.2734 -0.298 1.5761, -2.2736 -0.2979 0.5906, -2.2736 -0.2979 1.5761, -2.2779 -0.2961 1.5757, -2.2784 -0.2959 0.5906, -2.2784 -0.296 1.5757, -2.4046 -0.3647 1.782, -2.4045 -0.3646 1.782, -2.4025 -0.3603 1.7826, -2.4025 -0.3602 1.7826, -2.3995 -0.3564 1.7829, -2.3957 -0.3534 1.7826, -2.3956 -0.3534 1.7826, -2.3913 -0.3514 1.782, -2.3912 -0.3513 1.782, -2.3379 -0.3652 1.7951, -2.3379 -0.3519 1.7849, -2.3865 -0.3519 1.7849, -2.3379 -0.352 1.785, -2.3865 -0.352 1.785, -2.3379 -0.3543 1.7885, -2.3865 -0.3543 1.7885, -2.3379 -0.3544 1.7885, -2.3865 -0.3544 1.7885, -2.3379 -0.3574 1.7914, -2.3865 -0.3574 1.7914, -2.3379 -0.3575 1.7915, -2.3865 -0.3575 1.7915, -2.3379 -0.3611 1.7937, -2.3865 -0.3611 1.7937, -2.3379 -0.3611 1.7937, -2.3865 -0.3611 1.7937, -2.3379 -0.3651 1.7951, -2.3865 -0.3651 1.7951, -2.3865 -0.3652 1.7951, -2.3332 -0.3513 1.782, -2.3331 -0.3514 1.782, -2.3288 -0.3534 1.7826, -2.3287 -0.3534 1.7826, -2.3249 -0.3564 1.7829, -2.3219 -0.3602 1.7826, -2.3219 -0.3603 1.7826, -2.3199 -0.3646 1.782, -2.3198 -0.3647 1.782, -2.4599 -0.4775 1.5757, -2.46 -0.4775 0.5906, -2.4598 -0.478 1.5757, -2.458 -0.4823 0.5906, -2.458 -0.4823 1.5761, -2.4579 -0.4825 1.5761, -2.4549 -0.4864 0.5906, -2.4549 -0.4864 1.5762, -2.451 -0.4894 1.5761, -2.4508 -0.4895 0.5906, -2.4508 -0.4895 1.5761, -2.4465 -0.4913 1.5757, -2.446 -0.4915 0.5906, -2.446 -0.4914 1.5757, -2.4015 -0.3694 1.7885, -2.3985 -0.3694 1.7914, -2.3981 -0.3663 1.7914, -2.3946 -0.3673 1.7937, -2.3906 -0.3683 1.7951, -2.3902 -0.3673 1.7951, -2.3886 -0.3657 1.7951, -2.3895 -0.3664 1.7951, -2.3876 -0.3653 1.7951, -2.3907 -0.3694 1.7951, -2.4034 -0.3649 1.7849, -2.4016 -0.3607 1.7849, -2.3989 -0.357 1.7849, -2.3952 -0.3543 1.7849, -2.391 -0.3525 1.7849, -2.3984 -0.3694 1.7915, -2.3948 -0.3694 1.7937, -2.3948 -0.3694 1.7937, -2.3908 -0.3694 1.7951, -2.3937 -0.3653 1.7937, -2.3924 -0.3635 1.7937, -2.3907 -0.3622 1.7937, -2.3886 -0.3614 1.7937, -2.3969 -0.3634 1.7914, -2.395 -0.3609 1.7914, -2.3925 -0.359 1.7914, -2.3896 -0.3578 1.7914, -2.4039 -0.3694 1.785, -2.4016 -0.3694 1.7885, -2.4011 -0.3655 1.7885, -2.3996 -0.3619 1.7885, -2.3972 -0.3587 1.7885, -2.394 -0.3563 1.7885, -2.3904 -0.3548 1.7885, -2.404 -0.3694 1.7849, -2.3348 -0.3578 1.7914, -2.3358 -0.3614 1.7937, -2.3368 -0.3653 1.7951, -2.3358 -0.3657 1.7951, -2.3342 -0.3673 1.7951, -2.3349 -0.3664 1.7951, -2.3338 -0.3683 1.7951, -2.3334 -0.3525 1.7849, -2.3292 -0.3543 1.7849, -2.3256 -0.357 1.7849, -2.3228 -0.3607 1.7849, -2.321 -0.3649 1.7849, -2.3204 -0.3694 1.7849, -2.3337 -0.3694 1.7951, -2.3338 -0.3622 1.7937, -2.332 -0.3635 1.7937, -2.3307 -0.3653 1.7937, -2.3299 -0.3673 1.7937, -2.3337 -0.3694 1.7951, -2.3296 -0.3694 1.7937, -2.3296 -0.3694 1.7937, -2.326 -0.3694 1.7915, -2.3319 -0.359 1.7914, -2.3294 -0.3609 1.7914, -2.3275 -0.3634 1.7914, -2.3263 -0.3663 1.7914, -2.334 -0.3548 1.7885, -2.3304 -0.3563 1.7885, -2.3272 -0.3587 1.7885, -2.3248 -0.3619 1.7885, -2.3233 -0.3655 1.7885, -2.3259 -0.3694 1.7914, -2.3229 -0.3694 1.7885, -2.3228 -0.3694 1.7885, -2.3205 -0.3694 1.785, -2.2784 -0.4914 1.5757, -2.2784 -0.4915 0.5906, -2.2779 -0.4913 1.5757, -2.2736 -0.4895 0.5906, -2.2736 -0.4895 1.5761, -2.2734 -0.4894 1.5761, -2.2695 -0.4864 0.5906, -2.2695 -0.4864 1.5762, -2.2665 -0.4825 1.5761, -2.2664 -0.4823 0.5906, -2.2664 -0.4823 1.5761, -2.2646 -0.478 1.5757, -2.2645 -0.4775 0.5906, -2.2645 -0.4775 1.5757, -2.3906 -0.4362 1.7819, -2.3912 -0.4361 1.782, -2.3945 -0.4346 1.7825, -2.3956 -0.434 1.7826, -2.3995 -0.431 1.7829, -2.4008 -0.4294 1.7828, -2.4025 -0.4271 1.7826, -2.4046 -0.4227 1.782, -2.4047 -0.4221 1.7819, -2.404 -0.418 1.7849, -2.4039 -0.418 1.785, -2.4016 -0.418 1.7885, -2.4015 -0.418 1.7885, -2.3985 -0.418 1.7914, -2.3984 -0.418 1.7915, -2.3948 -0.418 1.7937, -2.3948 -0.418 1.7937, -2.3908 -0.418 1.7951, -2.3907 -0.418 1.7951, -2.3204 -0.418 1.7849, -2.3205 -0.418 1.785, -2.3228 -0.418 1.7885, -2.3229 -0.418 1.7885, -2.3259 -0.418 1.7914, -2.326 -0.418 1.7915, -2.3296 -0.418 1.7937, -2.3296 -0.418 1.7937, -2.3337 -0.418 1.7951, -2.3337 -0.418 1.7951, -2.3197 -0.4221 1.7819, -2.3198 -0.4227 1.782, -2.3213 -0.426 1.7825, -2.3219 -0.4271 1.7826, -2.3249 -0.431 1.7829, -2.3265 -0.4323 1.7828, -2.3288 -0.434 1.7826, -2.3332 -0.4361 1.782, -2.3338 -0.4362 1.7819, -2.3865 -0.4354 1.785, -2.3865 -0.4331 1.7885, -2.3898 -0.4327 1.7885, -2.3865 -0.433 1.7885, -2.3865 -0.43 1.7914, -2.3891 -0.4297 1.7914, -2.3883 -0.4261 1.7937, -2.3874 -0.4221 1.7951, -2.3883 -0.4218 1.7951, -2.3903 -0.4198 1.7951, -2.3898 -0.4206 1.7951, -2.3906 -0.4189 1.7951, -2.3865 -0.4222 1.7951, -2.3904 -0.435 1.7849, -2.3941 -0.4338 1.7849, -2.3974 -0.4317 1.7849, -2.4002 -0.4289 1.7849, -2.4023 -0.4256 1.7849, -2.4036 -0.4219 1.7849, -2.3865 -0.4299 1.7915, -2.3865 -0.4263 1.7937, -2.3865 -0.4263 1.7937, -2.3865 -0.4223 1.7951, -2.3917 -0.4245 1.7937, -2.393 -0.4232 1.7937, -2.394 -0.4216 1.7937, -2.3946 -0.4198 1.7937, -2.3901 -0.4255 1.7937, -2.3891 -0.4213 1.7951, -2.3917 -0.4288 1.7914, -2.394 -0.4274 1.7914, -2.3959 -0.4255 1.7914, -2.3973 -0.4232 1.7914, -2.3982 -0.4206 1.7914, -2.393 -0.4316 1.7885, -2.3959 -0.4298 1.7885, -2.3983 -0.4274 1.7885, -2.4001 -0.4245 1.7885, -2.4012 -0.4213 1.7885, -2.3865 -0.4355 1.7849, -2.3232 -0.4213 1.7885, -2.3262 -0.4206 1.7914, -2.3298 -0.4198 1.7937, -2.3338 -0.4189 1.7951, -2.3341 -0.4198 1.7951, -2.3361 -0.4218 1.7951, -2.3353 -0.4213 1.7951, -2.337 -0.4221 1.7951, -2.3209 -0.4219 1.7849, -2.3222 -0.4256 1.7849, -2.3242 -0.4289 1.7849, -2.327 -0.4317 1.7849, -2.3303 -0.4338 1.7849, -2.334 -0.435 1.7849, -2.3379 -0.4355 1.7849, -2.3379 -0.4222 1.7951, -2.3314 -0.4232 1.7937, -2.3327 -0.4245 1.7937, -2.3343 -0.4255 1.7937, -2.3361 -0.4261 1.7937, -2.3304 -0.4216 1.7937, -2.3346 -0.4206 1.7951, -2.3379 -0.4223 1.7951, -2.3379 -0.4263 1.7937, -2.3379 -0.4263 1.7937, -2.3379 -0.4299 1.7915, -2.3271 -0.4232 1.7914, -2.3285 -0.4255 1.7914, -2.3304 -0.4274 1.7914, -2.3327 -0.4288 1.7914, -2.3353 -0.4297 1.7914, -2.3243 -0.4245 1.7885, -2.3261 -0.4274 1.7885, -2.3285 -0.4298 1.7885, -2.3314 -0.4316 1.7885, -2.3346 -0.4327 1.7885, -2.3379 -0.43 1.7914, -2.3379 -0.433 1.7885, -2.3379 -0.4331 1.7885, -2.3379 -0.4354 1.785, -2.446 0.4914 1.5757, -2.446 0.4915 0.5906, -2.4465 0.4913 1.5757, -2.4508 0.4895 0.5906, -2.4508 0.4895 1.5761, -2.451 0.4894 1.5761, -2.4549 0.4864 0.5906, -2.4549 0.4864 1.5762, -2.4579 0.4825 1.5761, -2.458 0.4823 0.5906, -2.458 0.4823 1.5761, -2.4598 0.478 1.5757, -2.46 0.4775 0.5906, -2.4599 0.4775 1.5757, -2.2645 0.4775 1.5757, -2.2645 0.4775 0.5906, -2.2646 0.478 1.5757, -2.2664 0.4823 0.5906, -2.2664 0.4823 1.5761, -2.2665 0.4825 1.5761, -2.2695 0.4864 0.5906, -2.2695 0.4864 1.5762, -2.2734 0.4894 1.5761, -2.2736 0.4895 0.5906, -2.2736 0.4895 1.5761, -2.2779 0.4913 1.5757, -2.2784 0.4915 0.5906, -2.2784 0.4914 1.5757, -2.4047 0.4221 1.7819, -2.4046 0.4227 1.782, -2.4031 0.426 1.7825, -2.4025 0.4271 1.7826, -2.3995 0.431 1.7829, -2.3979 0.4323 1.7828, -2.3956 0.434 1.7826, -2.3912 0.4361 1.782, -2.3906 0.4362 1.7819, -2.3379 0.4355 1.7849, -2.3865 0.4355 1.7849, -2.3379 0.4354 1.785, -2.3865 0.4354 1.785, -2.3379 0.4331 1.7885, -2.3865 0.4331 1.7885, -2.3379 0.433 1.7885, -2.3865 0.433 1.7885, -2.3379 0.43 1.7914, -2.3865 0.43 1.7914, -2.3379 0.4299 1.7915, -2.3865 0.4299 1.7915, -2.3379 0.4263 1.7937, -2.3865 0.4263 1.7937, -2.3379 0.4263 1.7937, -2.3865 0.4263 1.7937, -2.3379 0.4223 1.7951, -2.3865 0.4223 1.7951, -2.3379 0.4222 1.7951, -2.3865 0.4222 1.7951, -2.3332 0.4361 1.782, -2.3331 0.436 1.782, -2.3288 0.434 1.7826, -2.3287 0.434 1.7826, -2.3249 0.431 1.7829, -2.3219 0.4272 1.7826, -2.3219 0.4271 1.7826, -2.3199 0.4228 1.782, -2.3198 0.4227 1.782, -2.4599 0.3099 1.5757, -2.46 0.3099 0.5906, -2.4598 0.3094 1.5757, -2.458 0.3051 0.5906, -2.458 0.3051 1.5761, -2.4579 0.3049 1.5761, -2.4549 0.301 0.5906, -2.4549 0.301 1.5762, -2.451 0.298 1.5761, -2.4508 0.2979 0.5906, -2.4508 0.2979 1.5761, -2.4465 0.2961 1.5757, -2.446 0.2959 0.5906, -2.446 0.296 1.5757, -2.4039 0.418 1.785, -2.4016 0.418 1.7885, -2.4012 0.4213 1.7885, -2.4015 0.418 1.7885, -2.3985 0.418 1.7914, -2.3982 0.4206 1.7914, -2.3946 0.4198 1.7937, -2.3906 0.4189 1.7951, -2.3903 0.4198 1.7951, -2.3883 0.4218 1.7951, -2.3891 0.4213 1.7951, -2.3874 0.4221 1.7951, -2.3907 0.418 1.7951, -2.4036 0.4219 1.7849, -2.4023 0.4256 1.7849, -2.4002 0.4289 1.7849, -2.3974 0.4317 1.7849, -2.3941 0.4338 1.7849, -2.3904 0.435 1.7849, -2.3984 0.418 1.7915, -2.3948 0.418 1.7937, -2.3948 0.418 1.7937, -2.3908 0.418 1.7951, -2.393 0.4232 1.7937, -2.3917 0.4245 1.7937, -2.3901 0.4255 1.7937, -2.3883 0.4261 1.7937, -2.394 0.4216 1.7937, -2.3898 0.4206 1.7951, -2.3973 0.4232 1.7914, -2.3959 0.4255 1.7914, -2.394 0.4274 1.7914, -2.3917 0.4288 1.7914, -2.3891 0.4297 1.7914, -2.4001 0.4245 1.7885, -2.3983 0.4274 1.7885, -2.3959 0.4298 1.7885, -2.393 0.4316 1.7885, -2.3898 0.4327 1.7885, -2.404 0.418 1.7849, -2.3348 0.4296 1.7914, -2.3358 0.426 1.7937, -2.3368 0.4221 1.7951, -2.3358 0.4217 1.7951, -2.3342 0.4201 1.7951, -2.3349 0.421 1.7951, -2.3338 0.4191 1.7951, -2.3334 0.4349 1.7849, -2.3292 0.4331 1.7849, -2.3256 0.4304 1.7849, -2.3228 0.4267 1.7849, -2.321 0.4225 1.7849, -2.3204 0.418 1.7849, -2.3337 0.418 1.7951, -2.3338 0.4252 1.7937, -2.332 0.4239 1.7937, -2.3307 0.4221 1.7937, -2.3299 0.4201 1.7937, -2.3337 0.418 1.7951, -2.3296 0.418 1.7937, -2.3296 0.418 1.7937, -2.326 0.418 1.7915, -2.3319 0.4284 1.7914, -2.3294 0.4265 1.7914, -2.3275 0.424 1.7914, -2.3263 0.4211 1.7914, -2.334 0.4326 1.7885, -2.3304 0.4311 1.7885, -2.3272 0.4287 1.7885, -2.3248 0.4255 1.7885, -2.3233 0.4219 1.7885, -2.3259 0.418 1.7914, -2.3229 0.418 1.7885, -2.3228 0.418 1.7885, -2.3205 0.418 1.785, -2.2784 0.296 1.5757, -2.2784 0.2959 0.5906, -2.2779 0.2961 1.5757, -2.2736 0.2979 0.5906, -2.2736 0.2979 1.5761, -2.2734 0.298 1.5761, -2.2695 0.301 0.5906, -2.2695 0.301 1.5762, -2.2665 0.3049 1.5761, -2.2664 0.3051 0.5906, -2.2664 0.3051 1.5761, -2.2646 0.3094 1.5757, -2.2645 0.3099 0.5906, -2.2645 0.3099 1.5757, -2.3912 0.3513 1.782, -2.3913 0.3514 1.782, -2.3956 0.3534 1.7826, -2.3957 0.3534 1.7826, -2.3995 0.3564 1.7829, -2.4025 0.3602 1.7826, -2.4025 0.3603 1.7826, -2.4045 0.3646 1.782, -2.4046 0.3647 1.782, -2.404 0.3694 1.7849, -2.4039 0.3694 1.785, -2.4016 0.3694 1.7885, -2.4015 0.3694 1.7885, -2.3985 0.3694 1.7914, -2.3984 0.3694 1.7915, -2.3948 0.3694 1.7937, -2.3948 0.3694 1.7937, -2.3908 0.3694 1.7951, -2.3907 0.3694 1.7951, -2.3204 0.3694 1.7849, -2.3205 0.3694 1.785, -2.3228 0.3694 1.7885, -2.3229 0.3694 1.7885, -2.3259 0.3694 1.7914, -2.326 0.3694 1.7915, -2.3296 0.3694 1.7937, -2.3296 0.3694 1.7937, -2.3337 0.3694 1.7951, -2.3337 0.3694 1.7951, -2.3198 0.3647 1.782, -2.3199 0.3646 1.782, -2.3219 0.3603 1.7826, -2.3219 0.3602 1.7826, -2.3249 0.3564 1.7829, -2.3287 0.3534 1.7826, -2.3288 0.3534 1.7826, -2.3331 0.3514 1.782, -2.3332 0.3513 1.782, -2.3865 0.3544 1.7885, -2.3865 0.3574 1.7914, -2.3896 0.3578 1.7914, -2.3886 0.3614 1.7937, -2.3876 0.3653 1.7951, -2.3886 0.3657 1.7951, -2.3902 0.3673 1.7951, -2.3895 0.3664 1.7951, -2.3906 0.3683 1.7951, -2.3865 0.3652 1.7951, -2.391 0.3525 1.7849, -2.3952 0.3543 1.7849, -2.3989 0.357 1.7849, -2.4016 0.3607 1.7849, -2.4034 0.3649 1.7849, -2.3865 0.3575 1.7915, -2.3865 0.3611 1.7937, -2.3865 0.3611 1.7937, -2.3865 0.3651 1.7951, -2.3907 0.3622 1.7937, -2.3924 0.3635 1.7937, -2.3937 0.3653 1.7937, -2.3946 0.3673 1.7937, -2.3925 0.359 1.7914, -2.395 0.3609 1.7914, -2.3969 0.3634 1.7914, -2.3981 0.3663 1.7914, -2.3865 0.352 1.785, -2.3865 0.3543 1.7885, -2.3904 0.3548 1.7885, -2.394 0.3563 1.7885, -2.3972 0.3587 1.7885, -2.3996 0.3619 1.7885, -2.4011 0.3655 1.7885, -2.3865 0.3519 1.7849, -2.3263 0.3663 1.7914, -2.3299 0.3673 1.7937, -2.3338 0.3683 1.7951, -2.3342 0.3673 1.7951, -2.3358 0.3657 1.7951, -2.3349 0.3664 1.7951, -2.3368 0.3653 1.7951, -2.321 0.3649 1.7849, -2.3228 0.3607 1.7849, -2.3256 0.357 1.7849, -2.3292 0.3543 1.7849, -2.3334 0.3525 1.7849, -2.3379 0.3519 1.7849, -2.3379 0.3652 1.7951, -2.3307 0.3653 1.7937, -2.332 0.3635 1.7937, -2.3338 0.3622 1.7937, -2.3358 0.3614 1.7937, -2.3379 0.3651 1.7951, -2.3379 0.3611 1.7937, -2.3379 0.3611 1.7937, -2.3379 0.3575 1.7915, -2.3275 0.3634 1.7914, -2.3294 0.3609 1.7914, -2.3319 0.359 1.7914, -2.3348 0.3578 1.7914, -2.3233 0.3655 1.7885, -2.3248 0.3619 1.7885, -2.3272 0.3587 1.7885, -2.3304 0.3563 1.7885, -2.334 0.3548 1.7885, -2.3379 0.3574 1.7914, -2.3379 0.3544 1.7885, -2.3379 0.3543 1.7885, -2.3379 0.352 1.785, -2.446 0.296 -0.9612, -2.446 0.2959 0.0, -2.4465 0.2961 -0.9613, -2.4508 0.2979 0.0, -2.4508 0.2979 -0.9616, -2.451 0.298 -0.9616, -2.4549 0.301 0.0, -2.4549 0.301 -0.9617, -2.4579 0.3049 -0.9616, -2.458 0.3051 0.0, -2.458 0.3051 -0.9616, -2.4598 0.3094 -0.9613, -2.46 0.3099 0.0, -2.4599 0.3099 -0.9612, -2.2645 0.3099 -0.9612, -2.2645 0.3099 0.0, -2.2646 0.3094 -0.9613, -2.2664 0.3051 0.0, -2.2664 0.3051 -0.9616, -2.2665 0.3049 -0.9616, -2.2695 0.301 0.0, -2.2695 0.301 -0.9617, -2.2734 0.298 -0.9616, -2.2736 0.2979 0.0, -2.2736 0.2979 -0.9616, -2.2779 0.2961 -0.9613, -2.2784 0.2959 0.0, -2.2784 0.296 -0.9612, -2.4046 0.3647 -1.1675, -2.4045 0.3646 -1.1675, -2.4025 0.3603 -1.1682, -2.4025 0.3602 -1.1682, -2.3995 0.3564 -1.1684, -2.3957 0.3534 -1.1682, -2.3956 0.3534 -1.1682, -2.3913 0.3514 -1.1675, -2.3912 0.3513 -1.1675, -2.3865 0.3651 -1.1806, -2.3379 0.3651 -1.1806, -2.3865 0.3644 -1.1804, -2.3379 0.3644 -1.1804, -2.3865 0.3611 -1.1792, -2.3379 0.3611 -1.1792, -2.3865 0.3597 -1.1784, -2.3379 0.3597 -1.1784, -2.3865 0.3574 -1.177, -2.3379 0.3574 -1.177, -2.3865 0.3556 -1.1753, -2.3379 0.3556 -1.1753, -2.3865 0.3543 -1.174, -2.3379 0.3543 -1.174, -2.3865 0.3525 -1.1712, -2.3379 0.3525 -1.1712, -2.3865 0.3519 -1.1704, -2.3379 0.3519 -1.1704, -2.3332 0.3513 -1.1675, -2.3331 0.3514 -1.1675, -2.3288 0.3534 -1.1682, -2.3287 0.3534 -1.1682, -2.3249 0.3564 -1.1684, -2.3219 0.3602 -1.1682, -2.3219 0.3603 -1.1682, -2.3199 0.3646 -1.1675, -2.3198 0.3647 -1.1675, -2.4599 0.4775 -0.9612, -2.46 0.4775 0.0, -2.4598 0.478 -0.9613, -2.458 0.4823 0.0, -2.458 0.4823 -0.9616, -2.4579 0.4825 -0.9616, -2.4549 0.4864 0.0, -2.4549 0.4864 -0.9617, -2.451 0.4894 -0.9616, -2.4508 0.4895 0.0, -2.4508 0.4895 -0.9616, -2.4465 0.4913 -0.9613, -2.446 0.4915 0.0, -2.446 0.4914 -0.9612, -2.3902 0.3673 -1.1806, -2.3906 0.3683 -1.1806, -2.3886 0.3657 -1.1806, -2.3895 0.3664 -1.1806, -2.3915 0.3694 -1.1804, -2.3908 0.3694 -1.1806, -2.3886 0.3614 -1.1792, -2.4034 0.3649 -1.1704, -2.4016 0.3607 -1.1704, -2.3989 0.357 -1.1704, -2.3952 0.3543 -1.1704, -2.391 0.3525 -1.1704, -2.3904 0.3548 -1.174, -2.4034 0.3694 -1.1712, -2.404 0.3694 -1.1704, -2.4011 0.3655 -1.174, -2.3996 0.3619 -1.174, -2.3972 0.3587 -1.174, -2.394 0.3563 -1.174, -2.3896 0.3578 -1.177, -2.3925 0.359 -1.177, -2.395 0.3609 -1.177, -2.3969 0.3634 -1.177, -2.3981 0.3663 -1.177, -2.4016 0.3694 -1.174, -2.4003 0.3694 -1.1753, -2.3985 0.3694 -1.177, -2.3963 0.3694 -1.1784, -2.3907 0.3622 -1.1792, -2.3924 0.3635 -1.1792, -2.3937 0.3653 -1.1792, -2.3946 0.3673 -1.1792, -2.3948 0.3694 -1.1792, -2.3876 0.3653 -1.1806, -2.3358 0.3657 -1.1806, -2.3368 0.3653 -1.1806, -2.3342 0.3673 -1.1806, -2.3349 0.3664 -1.1806, -2.3329 0.3694 -1.1804, -2.3296 0.3694 -1.1792, -2.3299 0.3673 -1.1792, -2.3334 0.3525 -1.1704, -2.3292 0.3543 -1.1704, -2.3256 0.357 -1.1704, -2.3228 0.3607 -1.1704, -2.321 0.3649 -1.1704, -2.3204 0.3694 -1.1704, -2.3241 0.3694 -1.1753, -2.3228 0.3694 -1.174, -2.3233 0.3655 -1.174, -2.321 0.3694 -1.1712, -2.334 0.3548 -1.174, -2.3304 0.3563 -1.174, -2.3272 0.3587 -1.174, -2.3248 0.3619 -1.174, -2.3263 0.3663 -1.177, -2.3275 0.3634 -1.177, -2.3294 0.3609 -1.177, -2.3319 0.359 -1.177, -2.3348 0.3578 -1.177, -2.3282 0.3694 -1.1784, -2.3259 0.3694 -1.177, -2.3307 0.3653 -1.1792, -2.332 0.3635 -1.1792, -2.3338 0.3622 -1.1792, -2.3358 0.3614 -1.1792, -2.3337 0.3694 -1.1806, -2.3338 0.3683 -1.1806, -2.2784 0.4914 -0.9612, -2.2784 0.4915 0.0, -2.2779 0.4913 -0.9613, -2.2736 0.4895 0.0, -2.2736 0.4895 -0.9616, -2.2734 0.4894 -0.9616, -2.2695 0.4864 0.0, -2.2695 0.4864 -0.9617, -2.2665 0.4825 -0.9616, -2.2664 0.4823 0.0, -2.2664 0.4823 -0.9616, -2.2646 0.478 -0.9613, -2.2645 0.4775 0.0, -2.2645 0.4775 -0.9612, -2.3912 0.4361 -1.1675, -2.3913 0.436 -1.1675, -2.3956 0.434 -1.1682, -2.3957 0.434 -1.1682, -2.3995 0.431 -1.1684, -2.4025 0.4272 -1.1682, -2.4025 0.4271 -1.1682, -2.4045 0.4228 -1.1675, -2.4046 0.4227 -1.1675, -2.404 0.418 -1.1704, -2.4034 0.418 -1.1712, -2.4016 0.418 -1.174, -2.4003 0.418 -1.1753, -2.3985 0.418 -1.177, -2.3963 0.418 -1.1784, -2.3948 0.418 -1.1792, -2.3915 0.418 -1.1804, -2.3908 0.418 -1.1806, -2.3204 0.418 -1.1704, -2.321 0.418 -1.1712, -2.3228 0.418 -1.174, -2.3241 0.418 -1.1753, -2.3259 0.418 -1.177, -2.3282 0.418 -1.1784, -2.3296 0.418 -1.1792, -2.3329 0.418 -1.1804, -2.3337 0.418 -1.1806, -2.3198 0.4227 -1.1675, -2.3199 0.4228 -1.1675, -2.3219 0.4271 -1.1682, -2.3219 0.4272 -1.1682, -2.3249 0.431 -1.1684, -2.3287 0.434 -1.1682, -2.3288 0.434 -1.1682, -2.3331 0.436 -1.1675, -2.3332 0.4361 -1.1675, -2.3886 0.4217 -1.1806, -2.3876 0.4221 -1.1806, -2.3902 0.4201 -1.1806, -2.3895 0.421 -1.1806, -2.3865 0.423 -1.1804, -2.3865 0.4223 -1.1806, -2.3946 0.4201 -1.1792, -2.391 0.4349 -1.1704, -2.3952 0.4331 -1.1704, -2.3989 0.4304 -1.1704, -2.4016 0.4267 -1.1704, -2.4034 0.4225 -1.1704, -2.4011 0.4219 -1.174, -2.3865 0.4349 -1.1712, -2.3865 0.4355 -1.1704, -2.3904 0.4326 -1.174, -2.394 0.4311 -1.174, -2.3972 0.4287 -1.174, -2.3996 0.4255 -1.174, -2.3981 0.4211 -1.177, -2.3969 0.424 -1.177, -2.395 0.4265 -1.177, -2.3925 0.4284 -1.177, -2.3896 0.4296 -1.177, -2.3865 0.4331 -1.174, -2.3865 0.4318 -1.1753, -2.3865 0.43 -1.177, -2.3865 0.4277 -1.1784, -2.3937 0.4221 -1.1792, -2.3924 0.4239 -1.1792, -2.3907 0.4252 -1.1792, -2.3886 0.426 -1.1792, -2.3865 0.4263 -1.1792, -2.3906 0.4191 -1.1806, -2.3342 0.4201 -1.1806, -2.3338 0.4191 -1.1806, -2.3358 0.4217 -1.1806, -2.3349 0.421 -1.1806, -2.3379 0.423 -1.1804, -2.3379 0.4263 -1.1792, -2.3358 0.426 -1.1792, -2.321 0.4225 -1.1704, -2.3228 0.4267 -1.1704, -2.3256 0.4304 -1.1704, -2.3292 0.4331 -1.1704, -2.3334 0.4349 -1.1704, -2.3379 0.4355 -1.1704, -2.3379 0.4318 -1.1753, -2.3379 0.4331 -1.174, -2.334 0.4326 -1.174, -2.3379 0.4349 -1.1712, -2.3233 0.4219 -1.174, -2.3248 0.4255 -1.174, -2.3272 0.4287 -1.174, -2.3304 0.4311 -1.174, -2.3348 0.4296 -1.177, -2.3319 0.4284 -1.177, -2.3294 0.4265 -1.177, -2.3275 0.424 -1.177, -2.3263 0.4211 -1.177, -2.3379 0.4277 -1.1784, -2.3379 0.43 -1.177, -2.3338 0.4252 -1.1792, -2.332 0.4239 -1.1792, -2.3307 0.4221 -1.1792, -2.3299 0.4201 -1.1792, -2.3379 0.4223 -1.1806, -2.3368 0.4221 -1.1806, -2.446 -0.4914 -0.9612, -2.446 -0.4915 0.0, -2.4465 -0.4913 -0.9613, -2.4508 -0.4895 0.0, -2.4508 -0.4895 -0.9616, -2.451 -0.4894 -0.9616, -2.4549 -0.4864 0.0, -2.4549 -0.4864 -0.9617, -2.4579 -0.4825 -0.9616, -2.458 -0.4823 0.0, -2.458 -0.4823 -0.9616, -2.4598 -0.478 -0.9613, -2.46 -0.4775 0.0, -2.4599 -0.4775 -0.9612, -2.2645 -0.4775 -0.9612, -2.2645 -0.4775 0.0, -2.2646 -0.478 -0.9613, -2.2664 -0.4823 0.0, -2.2664 -0.4823 -0.9616, -2.2665 -0.4825 -0.9616, -2.2695 -0.4864 0.0, -2.2695 -0.4864 -0.9617, -2.2734 -0.4894 -0.9616, -2.2736 -0.4895 0.0, -2.2736 -0.4895 -0.9616, -2.2779 -0.4913 -0.9613, -2.2784 -0.4915 0.0, -2.2784 -0.4914 -0.9612, -2.4046 -0.4227 -1.1675, -2.4045 -0.4228 -1.1675, -2.4025 -0.4271 -1.1682, -2.4025 -0.4272 -1.1682, -2.3995 -0.431 -1.1684, -2.3957 -0.434 -1.1682, -2.3956 -0.434 -1.1682, -2.3913 -0.436 -1.1675, -2.3912 -0.4361 -1.1675, -2.3379 -0.4355 -1.1704, -2.3865 -0.4355 -1.1704, -2.3379 -0.4349 -1.1712, -2.3865 -0.4349 -1.1712, -2.3379 -0.4331 -1.174, -2.3865 -0.4331 -1.174, -2.3379 -0.4318 -1.1753, -2.3865 -0.4318 -1.1753, -2.3379 -0.43 -1.177, -2.3865 -0.43 -1.177, -2.3379 -0.4277 -1.1784, -2.3865 -0.4277 -1.1784, -2.3379 -0.4263 -1.1792, -2.3865 -0.4263 -1.1792, -2.3379 -0.423 -1.1804, -2.3865 -0.423 -1.1804, -2.3379 -0.4223 -1.1806, -2.3865 -0.4223 -1.1806, -2.3332 -0.4361 -1.1675, -2.3331 -0.436 -1.1675, -2.3288 -0.434 -1.1682, -2.3287 -0.434 -1.1682, -2.3249 -0.431 -1.1684, -2.3219 -0.4272 -1.1682, -2.3219 -0.4271 -1.1682, -2.3199 -0.4228 -1.1675, -2.3198 -0.4227 -1.1675, -2.4599 -0.3099 -0.9612, -2.46 -0.3099 0.0, -2.4598 -0.3094 -0.9613, -2.458 -0.3051 0.0, -2.458 -0.3051 -0.9616, -2.4579 -0.3049 -0.9616, -2.4549 -0.301 0.0, -2.4549 -0.301 -0.9617, -2.451 -0.298 -0.9616, -2.4508 -0.2979 0.0, -2.4508 -0.2979 -0.9616, -2.4465 -0.2961 -0.9613, -2.446 -0.2959 0.0, -2.446 -0.296 -0.9612, -2.3902 -0.4201 -1.1806, -2.3906 -0.4191 -1.1806, -2.3886 -0.4217 -1.1806, -2.3895 -0.421 -1.1806, -2.3915 -0.418 -1.1804, -2.3908 -0.418 -1.1806, -2.3886 -0.426 -1.1792, -2.4034 -0.4225 -1.1704, -2.4016 -0.4267 -1.1704, -2.3989 -0.4304 -1.1704, -2.3952 -0.4331 -1.1704, -2.391 -0.4349 -1.1704, -2.3904 -0.4326 -1.174, -2.4034 -0.418 -1.1712, -2.404 -0.418 -1.1704, -2.4011 -0.4219 -1.174, -2.3996 -0.4255 -1.174, -2.3972 -0.4287 -1.174, -2.394 -0.4311 -1.174, -2.3896 -0.4296 -1.177, -2.3925 -0.4284 -1.177, -2.395 -0.4265 -1.177, -2.3969 -0.424 -1.177, -2.3981 -0.4211 -1.177, -2.4016 -0.418 -1.174, -2.4003 -0.418 -1.1753, -2.3985 -0.418 -1.177, -2.3963 -0.418 -1.1784, -2.3907 -0.4252 -1.1792, -2.3924 -0.4239 -1.1792, -2.3937 -0.4221 -1.1792, -2.3946 -0.4201 -1.1792, -2.3948 -0.418 -1.1792, -2.3876 -0.4221 -1.1806, -2.3358 -0.4217 -1.1806, -2.3368 -0.4221 -1.1806, -2.3342 -0.4201 -1.1806, -2.3349 -0.421 -1.1806, -2.3329 -0.418 -1.1804, -2.3296 -0.418 -1.1792, -2.3299 -0.4201 -1.1792, -2.3334 -0.4349 -1.1704, -2.3292 -0.4331 -1.1704, -2.3256 -0.4304 -1.1704, -2.3228 -0.4267 -1.1704, -2.321 -0.4225 -1.1704, -2.3204 -0.418 -1.1704, -2.3241 -0.418 -1.1753, -2.3228 -0.418 -1.174, -2.3233 -0.4219 -1.174, -2.321 -0.418 -1.1712, -2.334 -0.4326 -1.174, -2.3304 -0.4311 -1.174, -2.3272 -0.4287 -1.174, -2.3248 -0.4255 -1.174, -2.3263 -0.4211 -1.177, -2.3275 -0.424 -1.177, -2.3294 -0.4265 -1.177, -2.3319 -0.4284 -1.177, -2.3348 -0.4296 -1.177, -2.3282 -0.418 -1.1784, -2.3259 -0.418 -1.177, -2.3307 -0.4221 -1.1792, -2.332 -0.4239 -1.1792, -2.3338 -0.4252 -1.1792, -2.3358 -0.426 -1.1792, -2.3337 -0.418 -1.1806, -2.3338 -0.4191 -1.1806, -2.2784 -0.296 -0.9612, -2.2784 -0.2959 0.0, -2.2779 -0.2961 -0.9613, -2.2736 -0.2979 0.0, -2.2736 -0.2979 -0.9616, -2.2734 -0.298 -0.9616, -2.2695 -0.301 0.0, -2.2695 -0.301 -0.9617, -2.2665 -0.3049 -0.9616, -2.2664 -0.3051 0.0, -2.2664 -0.3051 -0.9616, -2.2646 -0.3094 -0.9613, -2.2645 -0.3099 0.0, -2.2645 -0.3099 -0.9612, -2.3912 -0.3513 -1.1675, -2.3913 -0.3514 -1.1675, -2.3956 -0.3534 -1.1682, -2.3957 -0.3534 -1.1682, -2.3995 -0.3564 -1.1684, -2.4025 -0.3602 -1.1682, -2.4025 -0.3603 -1.1682, -2.4045 -0.3646 -1.1675, -2.4046 -0.3647 -1.1675, -2.3908 -0.3694 -1.1806, -2.3915 -0.3694 -1.1804, -2.3948 -0.3694 -1.1792, -2.3963 -0.3694 -1.1784, -2.3985 -0.3694 -1.177, -2.4003 -0.3694 -1.1753, -2.4016 -0.3694 -1.174, -2.4034 -0.3694 -1.1712, -2.404 -0.3694 -1.1704, -2.3204 -0.3694 -1.1704, -2.321 -0.3694 -1.1712, -2.3228 -0.3694 -1.174, -2.3241 -0.3694 -1.1753, -2.3259 -0.3694 -1.177, -2.3282 -0.3694 -1.1784, -2.3296 -0.3694 -1.1792, -2.3329 -0.3694 -1.1804, -2.3337 -0.3694 -1.1806, -2.3198 -0.3647 -1.1675, -2.3199 -0.3646 -1.1675, -2.3219 -0.3603 -1.1682, -2.3219 -0.3602 -1.1682, -2.3249 -0.3564 -1.1684, -2.3287 -0.3534 -1.1682, -2.3288 -0.3534 -1.1682, -2.3331 -0.3514 -1.1675, -2.3332 -0.3513 -1.1675, -2.3886 -0.3657 -1.1806, -2.3876 -0.3653 -1.1806, -2.3902 -0.3673 -1.1806, -2.3895 -0.3664 -1.1806, -2.3865 -0.3644 -1.1804, -2.3865 -0.3651 -1.1806, -2.3946 -0.3673 -1.1792, -2.391 -0.3525 -1.1704, -2.3952 -0.3543 -1.1704, -2.3989 -0.357 -1.1704, -2.4016 -0.3607 -1.1704, -2.4034 -0.3649 -1.1704, -2.4011 -0.3655 -1.174, -2.3865 -0.3525 -1.1712, -2.3865 -0.3519 -1.1704, -2.3904 -0.3548 -1.174, -2.394 -0.3563 -1.174, -2.3972 -0.3587 -1.174, -2.3996 -0.3619 -1.174, -2.3981 -0.3663 -1.177, -2.3969 -0.3634 -1.177, -2.395 -0.3609 -1.177, -2.3925 -0.359 -1.177, -2.3896 -0.3578 -1.177, -2.3865 -0.3543 -1.174, -2.3865 -0.3556 -1.1753, -2.3865 -0.3574 -1.177, -2.3865 -0.3597 -1.1784, -2.3937 -0.3653 -1.1792, -2.3924 -0.3635 -1.1792, -2.3907 -0.3622 -1.1792, -2.3886 -0.3614 -1.1792, -2.3865 -0.3611 -1.1792, -2.3906 -0.3683 -1.1806, -2.3342 -0.3673 -1.1806, -2.3338 -0.3683 -1.1806, -2.3358 -0.3657 -1.1806, -2.3349 -0.3664 -1.1806, -2.3379 -0.3644 -1.1804, -2.3379 -0.3611 -1.1792, -2.3358 -0.3614 -1.1792, -2.321 -0.3649 -1.1704, -2.3228 -0.3607 -1.1704, -2.3256 -0.357 -1.1704, -2.3292 -0.3543 -1.1704, -2.3334 -0.3525 -1.1704, -2.3379 -0.3519 -1.1704, -2.3379 -0.3556 -1.1753, -2.3379 -0.3543 -1.174, -2.334 -0.3548 -1.174, -2.3379 -0.3525 -1.1712, -2.3233 -0.3655 -1.174, -2.3248 -0.3619 -1.174, -2.3272 -0.3587 -1.174, -2.3304 -0.3563 -1.174, -2.3348 -0.3578 -1.177, -2.3319 -0.359 -1.177, -2.3294 -0.3609 -1.177, -2.3275 -0.3634 -1.177, -2.3263 -0.3663 -1.177, -2.3379 -0.3597 -1.1784, -2.3379 -0.3574 -1.177, -2.3338 -0.3622 -1.1792, -2.332 -0.3635 -1.1792, -2.3307 -0.3653 -1.1792, -2.3299 -0.3673 -1.1792, -2.3379 -0.3651 -1.1806, -2.3368 -0.3653 -1.1806, -1.6586 -0.296 1.5757, -1.6586 -0.2959 0.5906, -1.6591 -0.2961 1.5757, -1.6634 -0.2979 0.5906, -1.6634 -0.2979 1.5761, -1.6636 -0.298 1.5761, -1.6675 -0.301 0.5906, -1.6675 -0.301 1.5762, -1.6705 -0.3049 1.5761, -1.6706 -0.3051 0.5906, -1.6706 -0.3051 1.5761, -1.6724 -0.3094 1.5757, -1.6726 -0.3099 0.5906, -1.6725 -0.3099 1.5757, -1.4771 -0.3099 1.5757, -1.477 -0.3099 0.5906, -1.4772 -0.3094 1.5757, -1.479 -0.3051 0.5906, -1.479 -0.3051 1.5761, -1.4791 -0.3049 1.5761, -1.4821 -0.301 0.5906, -1.4821 -0.301 1.5762, -1.486 -0.298 1.5761, -1.4862 -0.2979 0.5906, -1.4862 -0.2979 1.5761, -1.4905 -0.2961 1.5757, -1.491 -0.2959 0.5906, -1.491 -0.296 1.5757, -1.6172 -0.3647 1.782, -1.6171 -0.3646 1.782, -1.6151 -0.3603 1.7826, -1.6151 -0.3602 1.7826, -1.6121 -0.3564 1.7829, -1.6083 -0.3534 1.7826, -1.6082 -0.3534 1.7826, -1.6039 -0.3514 1.782, -1.6038 -0.3513 1.782, -1.5505 -0.3652 1.7951, -1.5505 -0.3519 1.7849, -1.5991 -0.3519 1.7849, -1.5505 -0.352 1.785, -1.5991 -0.352 1.785, -1.5505 -0.3543 1.7885, -1.5991 -0.3543 1.7885, -1.5505 -0.3544 1.7885, -1.5991 -0.3544 1.7885, -1.5505 -0.3574 1.7914, -1.5991 -0.3574 1.7914, -1.5505 -0.3575 1.7915, -1.5991 -0.3575 1.7915, -1.5505 -0.3611 1.7937, -1.5991 -0.3611 1.7937, -1.5505 -0.3611 1.7937, -1.5991 -0.3611 1.7937, -1.5505 -0.3651 1.7951, -1.5991 -0.3651 1.7951, -1.5991 -0.3652 1.7951, -1.5458 -0.3513 1.782, -1.5457 -0.3514 1.782, -1.5414 -0.3534 1.7826, -1.5413 -0.3534 1.7826, -1.5375 -0.3564 1.7829, -1.5345 -0.3602 1.7826, -1.5345 -0.3603 1.7826, -1.5325 -0.3646 1.782, -1.5324 -0.3647 1.782, -1.6725 -0.4775 1.5757, -1.6726 -0.4775 0.5906, -1.6724 -0.478 1.5757, -1.6706 -0.4823 0.5906, -1.6706 -0.4823 1.5761, -1.6705 -0.4825 1.5761, -1.6675 -0.4864 0.5906, -1.6675 -0.4864 1.5762, -1.6636 -0.4894 1.5761, -1.6634 -0.4895 0.5906, -1.6634 -0.4895 1.5761, -1.6591 -0.4913 1.5757, -1.6586 -0.4915 0.5906, -1.6586 -0.4914 1.5757, -1.6141 -0.3694 1.7885, -1.6111 -0.3694 1.7914, -1.6107 -0.3663 1.7914, -1.6071 -0.3673 1.7937, -1.6032 -0.3683 1.7951, -1.6028 -0.3673 1.7951, -1.6012 -0.3657 1.7951, -1.6021 -0.3664 1.7951, -1.6002 -0.3653 1.7951, -1.6033 -0.3694 1.7951, -1.616 -0.3649 1.7849, -1.6142 -0.3607 1.7849, -1.6115 -0.357 1.7849, -1.6078 -0.3543 1.7849, -1.6036 -0.3525 1.7849, -1.611 -0.3694 1.7915, -1.6074 -0.3694 1.7937, -1.6074 -0.3694 1.7937, -1.6034 -0.3694 1.7951, -1.6063 -0.3653 1.7937, -1.605 -0.3635 1.7937, -1.6033 -0.3622 1.7937, -1.6012 -0.3614 1.7937, -1.6095 -0.3634 1.7914, -1.6076 -0.3609 1.7914, -1.6051 -0.359 1.7914, -1.6022 -0.3578 1.7914, -1.6165 -0.3694 1.785, -1.6142 -0.3694 1.7885, -1.6137 -0.3655 1.7885, -1.6122 -0.3619 1.7885, -1.6098 -0.3587 1.7885, -1.6066 -0.3563 1.7885, -1.603 -0.3548 1.7885, -1.6166 -0.3694 1.7849, -1.5474 -0.3578 1.7914, -1.5484 -0.3614 1.7937, -1.5494 -0.3653 1.7951, -1.5484 -0.3657 1.7951, -1.5468 -0.3673 1.7951, -1.5475 -0.3664 1.7951, -1.546 -0.3525 1.7849, -1.5418 -0.3543 1.7849, -1.5381 -0.357 1.7849, -1.5354 -0.3607 1.7849, -1.5336 -0.3649 1.7849, -1.533 -0.3694 1.7849, -1.5463 -0.3694 1.7951, -1.5464 -0.3683 1.7951, -1.5455 -0.3694 1.7948, -1.5464 -0.3622 1.7937, -1.5446 -0.3635 1.7937, -1.5433 -0.3653 1.7937, -1.5425 -0.3673 1.7937, -1.5422 -0.3694 1.7937, -1.5445 -0.359 1.7914, -1.542 -0.3609 1.7914, -1.5401 -0.3634 1.7914, -1.5389 -0.3663 1.7914, -1.5408 -0.3694 1.7928, -1.5466 -0.3548 1.7885, -1.543 -0.3563 1.7885, -1.5398 -0.3587 1.7885, -1.5374 -0.3619 1.7885, -1.5359 -0.3655 1.7885, -1.5385 -0.3694 1.7914, -1.5367 -0.3694 1.7897, -1.5354 -0.3694 1.7885, -1.5336 -0.3694 1.7857, -1.491 -0.4914 1.5757, -1.491 -0.4915 0.5906, -1.4905 -0.4913 1.5757, -1.4862 -0.4895 0.5906, -1.4862 -0.4895 1.5761, -1.486 -0.4894 1.5761, -1.4821 -0.4864 0.5906, -1.4821 -0.4864 1.5762, -1.4791 -0.4825 1.5761, -1.479 -0.4823 0.5906, -1.479 -0.4823 1.5761, -1.4772 -0.478 1.5757, -1.477 -0.4775 0.5906, -1.4771 -0.4775 1.5757, -1.6032 -0.4362 1.7819, -1.6038 -0.4361 1.782, -1.6071 -0.4346 1.7825, -1.6082 -0.434 1.7826, -1.6121 -0.431 1.7829, -1.6134 -0.4294 1.7828, -1.6151 -0.4271 1.7826, -1.6172 -0.4227 1.782, -1.6173 -0.4221 1.7819, -1.6166 -0.418 1.7849, -1.6165 -0.418 1.785, -1.6142 -0.418 1.7885, -1.6141 -0.418 1.7885, -1.6111 -0.418 1.7914, -1.611 -0.418 1.7915, -1.6074 -0.418 1.7937, -1.6074 -0.418 1.7937, -1.6034 -0.418 1.7951, -1.6033 -0.418 1.7951, -1.5463 -0.418 1.7951, -1.5455 -0.418 1.7948, -1.5422 -0.418 1.7937, -1.5408 -0.418 1.7928, -1.5385 -0.418 1.7914, -1.5367 -0.418 1.7897, -1.5354 -0.418 1.7885, -1.5336 -0.418 1.7857, -1.533 -0.418 1.7849, -1.5323 -0.4221 1.7819, -1.5324 -0.4227 1.782, -1.5339 -0.426 1.7825, -1.5345 -0.4271 1.7826, -1.5375 -0.431 1.7829, -1.5391 -0.4323 1.7828, -1.5414 -0.434 1.7826, -1.5458 -0.4361 1.782, -1.5464 -0.4362 1.7819, -1.5991 -0.4354 1.785, -1.5991 -0.4331 1.7885, -1.6024 -0.4327 1.7885, -1.5991 -0.433 1.7885, -1.5991 -0.43 1.7914, -1.6017 -0.4297 1.7914, -1.6009 -0.4261 1.7937, -1.6 -0.4221 1.7951, -1.6009 -0.4218 1.7951, -1.6029 -0.4198 1.7951, -1.6024 -0.4206 1.7951, -1.6032 -0.4189 1.7951, -1.5991 -0.4222 1.7951, -1.603 -0.435 1.7849, -1.6067 -0.4338 1.7849, -1.61 -0.4317 1.7849, -1.6128 -0.4289 1.7849, -1.6149 -0.4256 1.7849, -1.6161 -0.4219 1.7849, -1.5991 -0.4299 1.7915, -1.5991 -0.4263 1.7937, -1.5991 -0.4263 1.7937, -1.5991 -0.4223 1.7951, -1.6043 -0.4245 1.7937, -1.6056 -0.4232 1.7937, -1.6066 -0.4216 1.7937, -1.6072 -0.4198 1.7937, -1.6027 -0.4255 1.7937, -1.6017 -0.4213 1.7951, -1.6043 -0.4288 1.7914, -1.6066 -0.4274 1.7914, -1.6085 -0.4255 1.7914, -1.6099 -0.4232 1.7914, -1.6108 -0.4206 1.7914, -1.6056 -0.4316 1.7885, -1.6085 -0.4298 1.7885, -1.6109 -0.4274 1.7885, -1.6127 -0.4245 1.7885, -1.6138 -0.4213 1.7885, -1.5991 -0.4355 1.7849, -1.5358 -0.4213 1.7885, -1.543 -0.4216 1.7937, -1.5467 -0.4198 1.7951, -1.5472 -0.4206 1.7951, -1.5487 -0.4218 1.7951, -1.5479 -0.4213 1.7951, -1.5496 -0.4221 1.7951, -1.5464 -0.4189 1.7951, -1.5335 -0.4219 1.7849, -1.5348 -0.4256 1.7849, -1.5368 -0.4289 1.7849, -1.5396 -0.4317 1.7849, -1.5429 -0.4338 1.7849, -1.5466 -0.435 1.7849, -1.5505 -0.4355 1.7849, -1.5505 -0.4222 1.7951, -1.5424 -0.4198 1.7937, -1.5388 -0.4206 1.7914, -1.544 -0.4232 1.7937, -1.5453 -0.4245 1.7937, -1.5469 -0.4255 1.7937, -1.5487 -0.4261 1.7937, -1.5505 -0.4223 1.7951, -1.5505 -0.4263 1.7937, -1.5505 -0.4263 1.7937, -1.5505 -0.4299 1.7915, -1.5397 -0.4232 1.7914, -1.5411 -0.4255 1.7914, -1.543 -0.4274 1.7914, -1.5453 -0.4288 1.7914, -1.5479 -0.4297 1.7914, -1.5369 -0.4245 1.7885, -1.5387 -0.4274 1.7885, -1.5411 -0.4298 1.7885, -1.544 -0.4316 1.7885, -1.5472 -0.4327 1.7885, -1.5505 -0.43 1.7914, -1.5505 -0.433 1.7885, -1.5505 -0.4331 1.7885, -1.5505 -0.4354 1.785, -1.6586 0.4914 1.5757, -1.6586 0.4915 0.5906, -1.6591 0.4913 1.5757, -1.6634 0.4895 0.5906, -1.6634 0.4895 1.5761, -1.6636 0.4894 1.5761, -1.6675 0.4864 0.5906, -1.6675 0.4864 1.5762, -1.6705 0.4825 1.5761, -1.6706 0.4823 0.5906, -1.6706 0.4823 1.5761, -1.6724 0.478 1.5757, -1.6726 0.4775 0.5906, -1.6725 0.4775 1.5757, -1.4771 0.4775 1.5757, -1.477 0.4775 0.5906, -1.4772 0.478 1.5757, -1.479 0.4823 0.5906, -1.479 0.4823 1.5761, -1.4791 0.4825 1.5761, -1.4821 0.4864 0.5906, -1.4821 0.4864 1.5762, -1.486 0.4894 1.5761, -1.4862 0.4895 0.5906, -1.4862 0.4895 1.5761, -1.4905 0.4913 1.5757, -1.491 0.4915 0.5906, -1.491 0.4914 1.5757, -1.6173 0.4221 1.7819, -1.6172 0.4227 1.782, -1.6157 0.426 1.7825, -1.6151 0.4271 1.7826, -1.6121 0.431 1.7829, -1.6105 0.4323 1.7828, -1.6082 0.434 1.7826, -1.6038 0.4361 1.782, -1.6032 0.4362 1.7819, -1.5505 0.4355 1.7849, -1.5991 0.4355 1.7849, -1.5505 0.4354 1.785, -1.5991 0.4354 1.785, -1.5505 0.4331 1.7885, -1.5991 0.4331 1.7885, -1.5505 0.433 1.7885, -1.5991 0.433 1.7885, -1.5505 0.43 1.7914, -1.5991 0.43 1.7914, -1.5505 0.4299 1.7915, -1.5991 0.4299 1.7915, -1.5505 0.4263 1.7937, -1.5991 0.4263 1.7937, -1.5505 0.4263 1.7937, -1.5991 0.4263 1.7937, -1.5505 0.4223 1.7951, -1.5991 0.4223 1.7951, -1.5505 0.4222 1.7951, -1.5991 0.4222 1.7951, -1.5458 0.4361 1.782, -1.5457 0.436 1.782, -1.5414 0.434 1.7826, -1.5413 0.434 1.7826, -1.5375 0.431 1.7829, -1.5345 0.4272 1.7826, -1.5345 0.4271 1.7826, -1.5325 0.4228 1.782, -1.5324 0.4227 1.782, -1.6725 0.3099 1.5757, -1.6726 0.3099 0.5906, -1.6724 0.3094 1.5757, -1.6706 0.3051 0.5906, -1.6706 0.3051 1.5761, -1.6705 0.3049 1.5761, -1.6675 0.301 0.5906, -1.6675 0.301 1.5762, -1.6636 0.298 1.5761, -1.6634 0.2979 0.5906, -1.6634 0.2979 1.5761, -1.6591 0.2961 1.5757, -1.6586 0.2959 0.5906, -1.6586 0.296 1.5757, -1.6165 0.418 1.785, -1.6142 0.418 1.7885, -1.6138 0.4213 1.7885, -1.6141 0.418 1.7885, -1.6111 0.418 1.7914, -1.6108 0.4206 1.7914, -1.6072 0.4198 1.7937, -1.6032 0.4189 1.7951, -1.6029 0.4198 1.7951, -1.6009 0.4218 1.7951, -1.6017 0.4213 1.7951, -1.6 0.4221 1.7951, -1.6033 0.418 1.7951, -1.6161 0.4219 1.7849, -1.6149 0.4256 1.7849, -1.6128 0.4289 1.7849, -1.61 0.4317 1.7849, -1.6067 0.4338 1.7849, -1.603 0.435 1.7849, -1.611 0.418 1.7915, -1.6074 0.418 1.7937, -1.6074 0.418 1.7937, -1.6034 0.418 1.7951, -1.6056 0.4232 1.7937, -1.6043 0.4245 1.7937, -1.6027 0.4255 1.7937, -1.6009 0.4261 1.7937, -1.6066 0.4216 1.7937, -1.6024 0.4206 1.7951, -1.6099 0.4232 1.7914, -1.6085 0.4255 1.7914, -1.6066 0.4274 1.7914, -1.6043 0.4288 1.7914, -1.6017 0.4297 1.7914, -1.6127 0.4245 1.7885, -1.6109 0.4274 1.7885, -1.6085 0.4298 1.7885, -1.6056 0.4316 1.7885, -1.6024 0.4327 1.7885, -1.6166 0.418 1.7849, -1.5474 0.4296 1.7914, -1.5484 0.426 1.7937, -1.5494 0.4221 1.7951, -1.5484 0.4217 1.7951, -1.5468 0.4201 1.7951, -1.5475 0.421 1.7951, -1.546 0.4349 1.7849, -1.5418 0.4331 1.7849, -1.5381 0.4304 1.7849, -1.5354 0.4267 1.7849, -1.5336 0.4225 1.7849, -1.533 0.418 1.7849, -1.5463 0.418 1.7951, -1.5464 0.4191 1.7951, -1.5455 0.418 1.7948, -1.5464 0.4252 1.7937, -1.5446 0.4239 1.7937, -1.5433 0.4221 1.7937, -1.5425 0.4201 1.7937, -1.5422 0.418 1.7937, -1.5445 0.4284 1.7914, -1.542 0.4265 1.7914, -1.5401 0.424 1.7914, -1.5389 0.4211 1.7914, -1.5408 0.418 1.7928, -1.5466 0.4326 1.7885, -1.543 0.4311 1.7885, -1.5398 0.4287 1.7885, -1.5374 0.4255 1.7885, -1.5359 0.4219 1.7885, -1.5385 0.418 1.7914, -1.5367 0.418 1.7897, -1.5354 0.418 1.7885, -1.5336 0.418 1.7857, -1.491 0.296 1.5757, -1.491 0.2959 0.5906, -1.4905 0.2961 1.5757, -1.4862 0.2979 0.5906, -1.4862 0.2979 1.5761, -1.486 0.298 1.5761, -1.4821 0.301 0.5906, -1.4821 0.301 1.5762, -1.4791 0.3049 1.5761, -1.479 0.3051 0.5906, -1.479 0.3051 1.5761, -1.4772 0.3094 1.5757, -1.477 0.3099 0.5906, -1.4771 0.3099 1.5757, -1.6038 0.3513 1.782, -1.6039 0.3514 1.782, -1.6082 0.3534 1.7826, -1.6083 0.3534 1.7826, -1.6121 0.3564 1.7829, -1.6151 0.3602 1.7826, -1.6151 0.3603 1.7826, -1.6171 0.3646 1.782, -1.6172 0.3647 1.782, -1.6166 0.3694 1.7849, -1.6165 0.3694 1.785, -1.6142 0.3694 1.7885, -1.6141 0.3694 1.7885, -1.6111 0.3694 1.7914, -1.611 0.3694 1.7915, -1.6074 0.3694 1.7937, -1.6074 0.3694 1.7937, -1.6034 0.3694 1.7951, -1.6033 0.3694 1.7951, -1.5463 0.3694 1.7951, -1.5455 0.3694 1.7948, -1.5422 0.3694 1.7937, -1.5408 0.3694 1.7928, -1.5385 0.3694 1.7914, -1.5367 0.3694 1.7897, -1.5354 0.3694 1.7885, -1.5336 0.3694 1.7857, -1.533 0.3694 1.7849, -1.5323 0.3653 1.7819, -1.5324 0.3647 1.782, -1.5339 0.3614 1.7825, -1.5345 0.3603 1.7826, -1.5375 0.3564 1.7829, -1.5391 0.3551 1.7828, -1.5414 0.3534 1.7826, -1.5458 0.3513 1.782, -1.5464 0.3512 1.7819, -1.5991 0.3544 1.7885, -1.5991 0.3574 1.7914, -1.6022 0.3578 1.7914, -1.6012 0.3614 1.7937, -1.6002 0.3653 1.7951, -1.6012 0.3657 1.7951, -1.6028 0.3673 1.7951, -1.6021 0.3664 1.7951, -1.6032 0.3683 1.7951, -1.5991 0.3652 1.7951, -1.6036 0.3525 1.7849, -1.6078 0.3543 1.7849, -1.6115 0.357 1.7849, -1.6142 0.3607 1.7849, -1.616 0.3649 1.7849, -1.5991 0.3575 1.7915, -1.5991 0.3611 1.7937, -1.5991 0.3611 1.7937, -1.5991 0.3651 1.7951, -1.6033 0.3622 1.7937, -1.605 0.3635 1.7937, -1.6063 0.3653 1.7937, -1.6071 0.3673 1.7937, -1.6051 0.359 1.7914, -1.6076 0.3609 1.7914, -1.6095 0.3634 1.7914, -1.6107 0.3663 1.7914, -1.5991 0.352 1.785, -1.5991 0.3543 1.7885, -1.603 0.3548 1.7885, -1.6066 0.3563 1.7885, -1.6098 0.3587 1.7885, -1.6122 0.3619 1.7885, -1.6137 0.3655 1.7885, -1.5991 0.3519 1.7849, -1.5358 0.3661 1.7885, -1.543 0.3658 1.7937, -1.5467 0.3676 1.7951, -1.5472 0.3668 1.7951, -1.5487 0.3656 1.7951, -1.5479 0.3661 1.7951, -1.5496 0.3653 1.7951, -1.5464 0.3685 1.7951, -1.5335 0.3655 1.7849, -1.5348 0.3618 1.7849, -1.5368 0.3585 1.7849, -1.5396 0.3557 1.7849, -1.5429 0.3537 1.7849, -1.5466 0.3524 1.7849, -1.5505 0.3519 1.7849, -1.5505 0.3652 1.7951, -1.5424 0.3676 1.7937, -1.5388 0.3668 1.7914, -1.544 0.3642 1.7937, -1.5453 0.3629 1.7937, -1.5469 0.3619 1.7937, -1.5487 0.3613 1.7937, -1.5505 0.3651 1.7951, -1.5505 0.3611 1.7937, -1.5505 0.3611 1.7937, -1.5505 0.3575 1.7915, -1.5397 0.3642 1.7914, -1.5411 0.3619 1.7914, -1.543 0.36 1.7914, -1.5453 0.3586 1.7914, -1.5479 0.3577 1.7914, -1.5369 0.3629 1.7885, -1.5387 0.36 1.7885, -1.5411 0.3576 1.7885, -1.544 0.3558 1.7885, -1.5472 0.3547 1.7885, -1.5505 0.3574 1.7914, -1.5505 0.3544 1.7885, -1.5505 0.3543 1.7885, -1.5505 0.352 1.785, -1.6586 0.296 -0.9612, -1.6586 0.2959 0.0, -1.6591 0.2961 -0.9613, -1.6634 0.2979 0.0, -1.6634 0.2979 -0.9616, -1.6636 0.298 -0.9616, -1.6675 0.301 0.0, -1.6675 0.301 -0.9617, -1.6705 0.3049 -0.9616, -1.6706 0.3051 0.0, -1.6706 0.3051 -0.9616, -1.6724 0.3094 -0.9613, -1.6726 0.3099 0.0, -1.6725 0.3099 -0.9612, -1.4771 0.3099 -0.9612, -1.477 0.3099 0.0, -1.4772 0.3094 -0.9613, -1.479 0.3051 0.0, -1.479 0.3051 -0.9616, -1.4791 0.3049 -0.9616, -1.4821 0.301 0.0, -1.4821 0.301 -0.9617, -1.486 0.298 -0.9616, -1.4862 0.2979 0.0, -1.4862 0.2979 -0.9616, -1.4905 0.2961 -0.9613, -1.491 0.2959 0.0, -1.491 0.296 -0.9612, -1.6172 0.3647 -1.1675, -1.6171 0.3646 -1.1675, -1.6151 0.3603 -1.1682, -1.6151 0.3602 -1.1682, -1.6121 0.3564 -1.1684, -1.6083 0.3534 -1.1682, -1.6082 0.3534 -1.1682, -1.6039 0.3514 -1.1675, -1.6038 0.3513 -1.1675, -1.5991 0.3651 -1.1806, -1.5505 0.3651 -1.1806, -1.5991 0.3644 -1.1804, -1.5505 0.3644 -1.1804, -1.5991 0.3611 -1.1792, -1.5505 0.3611 -1.1792, -1.5991 0.3597 -1.1784, -1.5505 0.3597 -1.1784, -1.5991 0.3574 -1.177, -1.5505 0.3574 -1.177, -1.5991 0.3556 -1.1753, -1.5505 0.3556 -1.1753, -1.5991 0.3543 -1.174, -1.5505 0.3543 -1.174, -1.5991 0.3525 -1.1712, -1.5505 0.3525 -1.1712, -1.5991 0.3519 -1.1704, -1.5505 0.3519 -1.1704, -1.5458 0.3513 -1.1675, -1.5457 0.3514 -1.1675, -1.5414 0.3534 -1.1682, -1.5413 0.3534 -1.1682, -1.5375 0.3564 -1.1684, -1.5345 0.3602 -1.1682, -1.5345 0.3603 -1.1682, -1.5325 0.3646 -1.1675, -1.5324 0.3647 -1.1675, -1.6725 0.4775 -0.9612, -1.6726 0.4775 0.0, -1.6724 0.478 -0.9613, -1.6706 0.4823 0.0, -1.6706 0.4823 -0.9616, -1.6705 0.4825 -0.9616, -1.6675 0.4864 0.0, -1.6675 0.4864 -0.9617, -1.6636 0.4894 -0.9616, -1.6634 0.4895 0.0, -1.6634 0.4895 -0.9616, -1.6591 0.4913 -0.9613, -1.6586 0.4915 0.0, -1.6586 0.4914 -0.9612, -1.6028 0.3673 -1.1806, -1.6032 0.3683 -1.1806, -1.6012 0.3657 -1.1806, -1.6021 0.3664 -1.1806, -1.6041 0.3694 -1.1804, -1.6034 0.3694 -1.1806, -1.6012 0.3614 -1.1792, -1.616 0.3649 -1.1704, -1.6142 0.3607 -1.1704, -1.6115 0.357 -1.1704, -1.6078 0.3543 -1.1704, -1.6036 0.3525 -1.1704, -1.603 0.3548 -1.174, -1.616 0.3694 -1.1712, -1.6166 0.3694 -1.1704, -1.6137 0.3655 -1.174, -1.6122 0.3619 -1.174, -1.6098 0.3587 -1.174, -1.6066 0.3563 -1.174, -1.6022 0.3578 -1.177, -1.6051 0.359 -1.177, -1.6076 0.3609 -1.177, -1.6095 0.3634 -1.177, -1.6107 0.3663 -1.177, -1.6142 0.3694 -1.174, -1.6129 0.3694 -1.1753, -1.6111 0.3694 -1.177, -1.6089 0.3694 -1.1784, -1.6033 0.3622 -1.1792, -1.605 0.3635 -1.1792, -1.6063 0.3653 -1.1792, -1.6071 0.3673 -1.1792, -1.6074 0.3694 -1.1792, -1.6002 0.3653 -1.1806, -1.5484 0.3657 -1.1806, -1.5494 0.3653 -1.1806, -1.5468 0.3673 -1.1806, -1.5475 0.3664 -1.1806, -1.5455 0.3694 -1.1804, -1.5422 0.3694 -1.1792, -1.5425 0.3673 -1.1792, -1.546 0.3525 -1.1704, -1.5418 0.3543 -1.1704, -1.5381 0.357 -1.1704, -1.5354 0.3607 -1.1704, -1.5336 0.3649 -1.1704, -1.533 0.3694 -1.1704, -1.5367 0.3694 -1.1753, -1.5354 0.3694 -1.174, -1.5359 0.3655 -1.174, -1.5336 0.3694 -1.1712, -1.5466 0.3548 -1.174, -1.543 0.3563 -1.174, -1.5398 0.3587 -1.174, -1.5374 0.3619 -1.174, -1.5389 0.3663 -1.177, -1.5401 0.3634 -1.177, -1.542 0.3609 -1.177, -1.5445 0.359 -1.177, -1.5474 0.3578 -1.177, -1.5408 0.3694 -1.1784, -1.5385 0.3694 -1.177, -1.5433 0.3653 -1.1792, -1.5446 0.3635 -1.1792, -1.5464 0.3622 -1.1792, -1.5484 0.3614 -1.1792, -1.5463 0.3694 -1.1806, -1.5464 0.3683 -1.1806, -1.491 0.4914 -0.9612, -1.491 0.4915 0.0, -1.4905 0.4913 -0.9613, -1.4862 0.4895 0.0, -1.4862 0.4895 -0.9616, -1.486 0.4894 -0.9616, -1.4821 0.4864 0.0, -1.4821 0.4864 -0.9617, -1.4791 0.4825 -0.9616, -1.479 0.4823 0.0, -1.479 0.4823 -0.9616, -1.4772 0.478 -0.9613, -1.477 0.4775 0.0, -1.4771 0.4775 -0.9612, -1.6038 0.4361 -1.1675, -1.6039 0.436 -1.1675, -1.6082 0.434 -1.1682, -1.6083 0.434 -1.1682, -1.6121 0.431 -1.1684, -1.6151 0.4272 -1.1682, -1.6151 0.4271 -1.1682, -1.6171 0.4228 -1.1675, -1.6172 0.4227 -1.1675, -1.6034 0.418 -1.1806, -1.6041 0.418 -1.1804, -1.6074 0.418 -1.1792, -1.6089 0.418 -1.1784, -1.6111 0.418 -1.177, -1.6129 0.418 -1.1753, -1.6142 0.418 -1.174, -1.616 0.418 -1.1712, -1.6166 0.418 -1.1704, -1.533 0.418 -1.1704, -1.5336 0.418 -1.1712, -1.5354 0.418 -1.174, -1.5367 0.418 -1.1753, -1.5385 0.418 -1.177, -1.5408 0.418 -1.1784, -1.5422 0.418 -1.1792, -1.5455 0.418 -1.1804, -1.5463 0.418 -1.1806, -1.5324 0.4227 -1.1675, -1.5325 0.4228 -1.1675, -1.5345 0.4271 -1.1682, -1.5345 0.4272 -1.1682, -1.5375 0.431 -1.1684, -1.5413 0.434 -1.1682, -1.5414 0.434 -1.1682, -1.5457 0.436 -1.1675, -1.5458 0.4361 -1.1675, -1.6012 0.4217 -1.1806, -1.6002 0.4221 -1.1806, -1.6028 0.4201 -1.1806, -1.6021 0.421 -1.1806, -1.5991 0.423 -1.1804, -1.5991 0.4223 -1.1806, -1.6071 0.4201 -1.1792, -1.6036 0.4349 -1.1704, -1.6078 0.4331 -1.1704, -1.6115 0.4304 -1.1704, -1.6142 0.4267 -1.1704, -1.616 0.4225 -1.1704, -1.6137 0.4219 -1.174, -1.5991 0.4349 -1.1712, -1.5991 0.4355 -1.1704, -1.603 0.4326 -1.174, -1.6066 0.4311 -1.174, -1.6098 0.4287 -1.174, -1.6122 0.4255 -1.174, -1.6107 0.4211 -1.177, -1.6095 0.424 -1.177, -1.6076 0.4265 -1.177, -1.6051 0.4284 -1.177, -1.6022 0.4296 -1.177, -1.5991 0.4331 -1.174, -1.5991 0.4318 -1.1753, -1.5991 0.43 -1.177, -1.5991 0.4277 -1.1784, -1.6063 0.4221 -1.1792, -1.605 0.4239 -1.1792, -1.6033 0.4252 -1.1792, -1.6012 0.426 -1.1792, -1.5991 0.4263 -1.1792, -1.6032 0.4191 -1.1806, -1.5468 0.4201 -1.1806, -1.5464 0.4191 -1.1806, -1.5484 0.4217 -1.1806, -1.5475 0.421 -1.1806, -1.5505 0.423 -1.1804, -1.5505 0.4263 -1.1792, -1.5484 0.426 -1.1792, -1.5336 0.4225 -1.1704, -1.5354 0.4267 -1.1704, -1.5381 0.4304 -1.1704, -1.5418 0.4331 -1.1704, -1.546 0.4349 -1.1704, -1.5505 0.4355 -1.1704, -1.5505 0.4318 -1.1753, -1.5505 0.4331 -1.174, -1.5466 0.4326 -1.174, -1.5505 0.4349 -1.1712, -1.5359 0.4219 -1.174, -1.5374 0.4255 -1.174, -1.5398 0.4287 -1.174, -1.543 0.4311 -1.174, -1.5474 0.4296 -1.177, -1.5445 0.4284 -1.177, -1.542 0.4265 -1.177, -1.5401 0.424 -1.177, -1.5389 0.4211 -1.177, -1.5505 0.4277 -1.1784, -1.5505 0.43 -1.177, -1.5464 0.4252 -1.1792, -1.5446 0.4239 -1.1792, -1.5433 0.4221 -1.1792, -1.5425 0.4201 -1.1792, -1.5505 0.4223 -1.1806, -1.5494 0.4221 -1.1806, -1.6586 -0.4914 -0.9612, -1.6586 -0.4915 0.0, -1.6591 -0.4913 -0.9613, -1.6634 -0.4895 0.0, -1.6634 -0.4895 -0.9616, -1.6636 -0.4894 -0.9616, -1.6675 -0.4864 0.0, -1.6675 -0.4864 -0.9617, -1.6705 -0.4825 -0.9616, -1.6706 -0.4823 0.0, -1.6706 -0.4823 -0.9616, -1.6724 -0.478 -0.9613, -1.6726 -0.4775 0.0, -1.6725 -0.4775 -0.9612, -1.4771 -0.4775 -0.9612, -1.477 -0.4775 0.0, -1.4772 -0.478 -0.9613, -1.479 -0.4823 0.0, -1.479 -0.4823 -0.9616, -1.4791 -0.4825 -0.9616, -1.4821 -0.4864 0.0, -1.4821 -0.4864 -0.9617, -1.486 -0.4894 -0.9616, -1.4862 -0.4895 0.0, -1.4862 -0.4895 -0.9616, -1.4905 -0.4913 -0.9613, -1.491 -0.4915 0.0, -1.491 -0.4914 -0.9612, -1.6172 -0.4227 -1.1675, -1.6171 -0.4228 -1.1675, -1.6151 -0.4271 -1.1682, -1.6151 -0.4272 -1.1682, -1.6121 -0.431 -1.1684, -1.6083 -0.434 -1.1682, -1.6082 -0.434 -1.1682, -1.6039 -0.436 -1.1675, -1.6038 -0.4361 -1.1675, -1.5505 -0.4355 -1.1704, -1.5991 -0.4355 -1.1704, -1.5505 -0.4349 -1.1712, -1.5991 -0.4349 -1.1712, -1.5505 -0.4331 -1.174, -1.5991 -0.4331 -1.174, -1.5505 -0.4318 -1.1753, -1.5991 -0.4318 -1.1753, -1.5505 -0.43 -1.177, -1.5991 -0.43 -1.177, -1.5505 -0.4277 -1.1784, -1.5991 -0.4277 -1.1784, -1.5505 -0.4263 -1.1792, -1.5991 -0.4263 -1.1792, -1.5505 -0.423 -1.1804, -1.5991 -0.423 -1.1804, -1.5505 -0.4223 -1.1806, -1.5991 -0.4223 -1.1806, -1.5458 -0.4361 -1.1675, -1.5457 -0.436 -1.1675, -1.5414 -0.434 -1.1682, -1.5413 -0.434 -1.1682, -1.5375 -0.431 -1.1684, -1.5345 -0.4272 -1.1682, -1.5345 -0.4271 -1.1682, -1.5325 -0.4228 -1.1675, -1.5324 -0.4227 -1.1675, -1.6725 -0.3099 -0.9612, -1.6726 -0.3099 0.0, -1.6724 -0.3094 -0.9613, -1.6706 -0.3051 0.0, -1.6706 -0.3051 -0.9616, -1.6705 -0.3049 -0.9616, -1.6675 -0.301 0.0, -1.6675 -0.301 -0.9617, -1.6636 -0.298 -0.9616, -1.6634 -0.2979 0.0, -1.6634 -0.2979 -0.9616, -1.6591 -0.2961 -0.9613, -1.6586 -0.2959 0.0, -1.6586 -0.296 -0.9612, -1.6028 -0.4201 -1.1806, -1.6032 -0.4191 -1.1806, -1.6012 -0.4217 -1.1806, -1.6021 -0.421 -1.1806, -1.6041 -0.418 -1.1804, -1.6034 -0.418 -1.1806, -1.6012 -0.426 -1.1792, -1.616 -0.4225 -1.1704, -1.6142 -0.4267 -1.1704, -1.6115 -0.4304 -1.1704, -1.6078 -0.4331 -1.1704, -1.6036 -0.4349 -1.1704, -1.603 -0.4326 -1.174, -1.616 -0.418 -1.1712, -1.6166 -0.418 -1.1704, -1.6137 -0.4219 -1.174, -1.6122 -0.4255 -1.174, -1.6098 -0.4287 -1.174, -1.6066 -0.4311 -1.174, -1.6022 -0.4296 -1.177, -1.6051 -0.4284 -1.177, -1.6076 -0.4265 -1.177, -1.6095 -0.424 -1.177, -1.6107 -0.4211 -1.177, -1.6142 -0.418 -1.174, -1.6129 -0.418 -1.1753, -1.6111 -0.418 -1.177, -1.6089 -0.418 -1.1784, -1.6033 -0.4252 -1.1792, -1.605 -0.4239 -1.1792, -1.6063 -0.4221 -1.1792, -1.6071 -0.4201 -1.1792, -1.6074 -0.418 -1.1792, -1.6002 -0.4221 -1.1806, -1.5484 -0.4217 -1.1806, -1.5494 -0.4221 -1.1806, -1.5468 -0.4201 -1.1806, -1.5475 -0.421 -1.1806, -1.5455 -0.418 -1.1804, -1.5422 -0.418 -1.1792, -1.5425 -0.4201 -1.1792, -1.546 -0.4349 -1.1704, -1.5418 -0.4331 -1.1704, -1.5381 -0.4304 -1.1704, -1.5354 -0.4267 -1.1704, -1.5336 -0.4225 -1.1704, -1.533 -0.418 -1.1704, -1.5367 -0.418 -1.1753, -1.5354 -0.418 -1.174, -1.5359 -0.4219 -1.174, -1.5336 -0.418 -1.1712, -1.5466 -0.4326 -1.174, -1.543 -0.4311 -1.174, -1.5398 -0.4287 -1.174, -1.5374 -0.4255 -1.174, -1.5389 -0.4211 -1.177, -1.5401 -0.424 -1.177, -1.542 -0.4265 -1.177, -1.5445 -0.4284 -1.177, -1.5474 -0.4296 -1.177, -1.5408 -0.418 -1.1784, -1.5385 -0.418 -1.177, -1.5433 -0.4221 -1.1792, -1.5446 -0.4239 -1.1792, -1.5464 -0.4252 -1.1792, -1.5484 -0.426 -1.1792, -1.5463 -0.418 -1.1806, -1.5464 -0.4191 -1.1806, -1.491 -0.296 -0.9612, -1.491 -0.2959 0.0, -1.4905 -0.2961 -0.9613, -1.4862 -0.2979 0.0, -1.4862 -0.2979 -0.9616, -1.486 -0.298 -0.9616, -1.4821 -0.301 0.0, -1.4821 -0.301 -0.9617, -1.4791 -0.3049 -0.9616, -1.479 -0.3051 0.0, -1.479 -0.3051 -0.9616, -1.4772 -0.3094 -0.9613, -1.477 -0.3099 0.0, -1.4771 -0.3099 -0.9612, -1.6038 -0.3513 -1.1675, -1.6039 -0.3514 -1.1675, -1.6082 -0.3534 -1.1682, -1.6083 -0.3534 -1.1682, -1.6121 -0.3564 -1.1684, -1.6151 -0.3602 -1.1682, -1.6151 -0.3603 -1.1682, -1.6171 -0.3646 -1.1675, -1.6172 -0.3647 -1.1675, -1.6034 -0.3694 -1.1806, -1.6041 -0.3694 -1.1804, -1.6074 -0.3694 -1.1792, -1.6089 -0.3694 -1.1784, -1.6111 -0.3694 -1.177, -1.6129 -0.3694 -1.1753, -1.6142 -0.3694 -1.174, -1.616 -0.3694 -1.1712, -1.6166 -0.3694 -1.1704, -1.5463 -0.3694 -1.1806, -1.5455 -0.3694 -1.1804, -1.5422 -0.3694 -1.1792, -1.5408 -0.3694 -1.1784, -1.5385 -0.3694 -1.177, -1.5367 -0.3694 -1.1753, -1.5354 -0.3694 -1.174, -1.5336 -0.3694 -1.1712, -1.533 -0.3694 -1.1704, -1.5324 -0.3647 -1.1675, -1.5325 -0.3646 -1.1675, -1.5345 -0.3603 -1.1682, -1.5345 -0.3602 -1.1682, -1.5375 -0.3564 -1.1684, -1.5413 -0.3534 -1.1682, -1.5414 -0.3534 -1.1682, -1.5457 -0.3514 -1.1675, -1.5458 -0.3513 -1.1675, -1.6012 -0.3657 -1.1806, -1.6002 -0.3653 -1.1806, -1.6028 -0.3673 -1.1806, -1.6021 -0.3664 -1.1806, -1.5991 -0.3644 -1.1804, -1.5991 -0.3651 -1.1806, -1.6071 -0.3673 -1.1792, -1.6036 -0.3525 -1.1704, -1.6078 -0.3543 -1.1704, -1.6115 -0.357 -1.1704, -1.6142 -0.3607 -1.1704, -1.616 -0.3649 -1.1704, -1.6137 -0.3655 -1.174, -1.5991 -0.3525 -1.1712, -1.5991 -0.3519 -1.1704, -1.603 -0.3548 -1.174, -1.6066 -0.3563 -1.174, -1.6098 -0.3587 -1.174, -1.6122 -0.3619 -1.174, -1.6107 -0.3663 -1.177, -1.6095 -0.3634 -1.177, -1.6076 -0.3609 -1.177, -1.6051 -0.359 -1.177, -1.6022 -0.3578 -1.177, -1.5991 -0.3543 -1.174, -1.5991 -0.3556 -1.1753, -1.5991 -0.3574 -1.177, -1.5991 -0.3597 -1.1784, -1.6063 -0.3653 -1.1792, -1.605 -0.3635 -1.1792, -1.6033 -0.3622 -1.1792, -1.6012 -0.3614 -1.1792, -1.5991 -0.3611 -1.1792, -1.6032 -0.3683 -1.1806, -1.5468 -0.3673 -1.1806, -1.5464 -0.3683 -1.1806, -1.5484 -0.3657 -1.1806, -1.5475 -0.3664 -1.1806, -1.5505 -0.3644 -1.1804, -1.5505 -0.3611 -1.1792, -1.5484 -0.3614 -1.1792, -1.5336 -0.3649 -1.1704, -1.5354 -0.3607 -1.1704, -1.5381 -0.357 -1.1704, -1.5418 -0.3543 -1.1704, -1.546 -0.3525 -1.1704, -1.5505 -0.3519 -1.1704, -1.5505 -0.3556 -1.1753, -1.5505 -0.3543 -1.174, -1.5466 -0.3548 -1.174, -1.5505 -0.3525 -1.1712, -1.5359 -0.3655 -1.174, -1.5374 -0.3619 -1.174, -1.5398 -0.3587 -1.174, -1.543 -0.3563 -1.174, -1.5474 -0.3578 -1.177, -1.5445 -0.359 -1.177, -1.542 -0.3609 -1.177, -1.5401 -0.3634 -1.177, -1.5389 -0.3663 -1.177, -1.5505 -0.3597 -1.1784, -1.5505 -0.3574 -1.177, -1.5464 -0.3622 -1.1792, -1.5446 -0.3635 -1.1792, -1.5433 -0.3653 -1.1792, -1.5425 -0.3673 -1.1792, -1.5505 -0.3651 -1.1806, -1.5494 -0.3653 -1.1806, -0.8712 -0.296 1.5757, -0.8712 -0.2959 0.5906, -0.8717 -0.2961 1.5757, -0.876 -0.2979 0.5906, -0.876 -0.2979 1.5761, -0.8762 -0.298 1.5761, -0.8801 -0.301 0.5906, -0.8801 -0.301 1.5762, -0.8831 -0.3049 1.5761, -0.8832 -0.3051 0.5906, -0.8832 -0.3051 1.5761, -0.885 -0.3094 1.5757, -0.8852 -0.3099 0.5906, -0.8851 -0.3099 1.5757, -0.6897 -0.3099 1.5757, -0.6896 -0.3099 0.5906, -0.6898 -0.3094 1.5757, -0.6916 -0.3051 0.5906, -0.6916 -0.3051 1.5761, -0.6917 -0.3049 1.5761, -0.6947 -0.301 0.5906, -0.6947 -0.301 1.5762, -0.6986 -0.298 1.5761, -0.6988 -0.2979 0.5906, -0.6988 -0.2979 1.5761, -0.7031 -0.2961 1.5757, -0.7036 -0.2959 0.5906, -0.7036 -0.296 1.5757, -0.8298 -0.3647 1.782, -0.8297 -0.3646 1.782, -0.8277 -0.3603 1.7826, -0.8277 -0.3602 1.7826, -0.8247 -0.3564 1.7829, -0.8209 -0.3534 1.7826, -0.8208 -0.3534 1.7826, -0.8165 -0.3514 1.782, -0.8164 -0.3513 1.782, -0.7631 -0.3652 1.7951, -0.7631 -0.3519 1.7849, -0.8117 -0.3519 1.7849, -0.7631 -0.352 1.785, -0.8117 -0.352 1.785, -0.7631 -0.3543 1.7885, -0.8117 -0.3543 1.7885, -0.7631 -0.3544 1.7885, -0.8117 -0.3544 1.7885, -0.7631 -0.3574 1.7914, -0.8117 -0.3574 1.7914, -0.7631 -0.3575 1.7915, -0.8117 -0.3575 1.7915, -0.7631 -0.3611 1.7937, -0.8117 -0.3611 1.7937, -0.7631 -0.3611 1.7937, -0.8117 -0.3611 1.7937, -0.7631 -0.3651 1.7951, -0.8117 -0.3651 1.7951, -0.8117 -0.3652 1.7951, -0.759 -0.3512 1.7819, -0.7584 -0.3513 1.782, -0.7551 -0.3528 1.7825, -0.754 -0.3534 1.7826, -0.7501 -0.3564 1.7829, -0.7488 -0.358 1.7828, -0.7471 -0.3603 1.7826, -0.745 -0.3647 1.782, -0.7449 -0.3653 1.7819, -0.8851 -0.4775 1.5757, -0.8852 -0.4775 0.5906, -0.885 -0.478 1.5757, -0.8832 -0.4823 0.5906, -0.8832 -0.4823 1.5761, -0.8831 -0.4825 1.5761, -0.8801 -0.4864 0.5906, -0.8801 -0.4864 1.5762, -0.8762 -0.4894 1.5761, -0.876 -0.4895 0.5906, -0.876 -0.4895 1.5761, -0.8717 -0.4913 1.5757, -0.8712 -0.4915 0.5906, -0.8712 -0.4914 1.5757, -0.8267 -0.3694 1.7885, -0.8237 -0.3694 1.7914, -0.8233 -0.3663 1.7914, -0.8197 -0.3673 1.7937, -0.8158 -0.3683 1.7951, -0.8154 -0.3673 1.7951, -0.8138 -0.3657 1.7951, -0.8147 -0.3664 1.7951, -0.8128 -0.3653 1.7951, -0.8159 -0.3694 1.7951, -0.8286 -0.3649 1.7849, -0.8268 -0.3607 1.7849, -0.8241 -0.357 1.7849, -0.8204 -0.3543 1.7849, -0.8162 -0.3525 1.7849, -0.8236 -0.3694 1.7915, -0.82 -0.3694 1.7937, -0.82 -0.3694 1.7937, -0.816 -0.3694 1.7951, -0.8189 -0.3653 1.7937, -0.8176 -0.3635 1.7937, -0.8158 -0.3622 1.7937, -0.8138 -0.3614 1.7937, -0.8221 -0.3634 1.7914, -0.8202 -0.3609 1.7914, -0.8177 -0.359 1.7914, -0.8148 -0.3578 1.7914, -0.8291 -0.3694 1.785, -0.8268 -0.3694 1.7885, -0.8263 -0.3655 1.7885, -0.8248 -0.3619 1.7885, -0.8224 -0.3587 1.7885, -0.8192 -0.3563 1.7885, -0.8156 -0.3548 1.7885, -0.8292 -0.3694 1.7849, -0.7598 -0.3547 1.7885, -0.7605 -0.3577 1.7914, -0.7613 -0.3613 1.7937, -0.7622 -0.3653 1.7951, -0.7613 -0.3656 1.7951, -0.7593 -0.3676 1.7951, -0.7598 -0.3668 1.7951, -0.759 -0.3685 1.7951, -0.7592 -0.3524 1.7849, -0.7555 -0.3537 1.7849, -0.7522 -0.3557 1.7849, -0.7494 -0.3585 1.7849, -0.7474 -0.3618 1.7849, -0.7461 -0.3655 1.7849, -0.7456 -0.3694 1.7849, -0.7589 -0.3694 1.7951, -0.7579 -0.3629 1.7937, -0.7566 -0.3642 1.7937, -0.7556 -0.3658 1.7937, -0.755 -0.3676 1.7937, -0.7595 -0.3619 1.7937, -0.7605 -0.3661 1.7951, -0.7589 -0.3694 1.7951, -0.7548 -0.3694 1.7937, -0.7548 -0.3694 1.7937, -0.7512 -0.3694 1.7915, -0.7579 -0.3586 1.7914, -0.7556 -0.36 1.7914, -0.7537 -0.3619 1.7914, -0.7523 -0.3642 1.7914, -0.7514 -0.3668 1.7914, -0.7566 -0.3558 1.7885, -0.7537 -0.3576 1.7885, -0.7513 -0.36 1.7885, -0.7495 -0.3629 1.7885, -0.7484 -0.3661 1.7885, -0.7511 -0.3694 1.7914, -0.7481 -0.3694 1.7885, -0.748 -0.3694 1.7885, -0.7457 -0.3694 1.785, -0.7036 -0.4914 1.5757, -0.7036 -0.4915 0.5906, -0.7031 -0.4913 1.5757, -0.6988 -0.4895 0.5906, -0.6988 -0.4895 1.5761, -0.6986 -0.4894 1.5761, -0.6947 -0.4864 0.5906, -0.6947 -0.4864 1.5762, -0.6917 -0.4825 1.5761, -0.6916 -0.4823 0.5906, -0.6916 -0.4823 1.5761, -0.6898 -0.478 1.5757, -0.6896 -0.4775 0.5906, -0.6897 -0.4775 1.5757, -0.8164 -0.4361 1.782, -0.8165 -0.436 1.782, -0.8208 -0.434 1.7826, -0.8209 -0.434 1.7826, -0.8247 -0.431 1.7829, -0.8277 -0.4272 1.7826, -0.8277 -0.4271 1.7826, -0.8297 -0.4228 1.782, -0.8298 -0.4227 1.782, -0.8292 -0.418 1.7849, -0.8291 -0.418 1.785, -0.8268 -0.418 1.7885, -0.8267 -0.418 1.7885, -0.8237 -0.418 1.7914, -0.8236 -0.418 1.7915, -0.82 -0.418 1.7937, -0.82 -0.418 1.7937, -0.816 -0.418 1.7951, -0.8159 -0.418 1.7951, -0.7456 -0.418 1.7849, -0.7457 -0.418 1.785, -0.748 -0.418 1.7885, -0.7481 -0.418 1.7885, -0.7511 -0.418 1.7914, -0.7512 -0.418 1.7915, -0.7548 -0.418 1.7937, -0.7548 -0.418 1.7937, -0.7589 -0.418 1.7951, -0.7589 -0.418 1.7951, -0.7449 -0.4221 1.7819, -0.745 -0.4227 1.782, -0.7465 -0.426 1.7825, -0.7471 -0.4271 1.7826, -0.7501 -0.431 1.7829, -0.7517 -0.4323 1.7828, -0.754 -0.434 1.7826, -0.7584 -0.4361 1.782, -0.759 -0.4362 1.7819, -0.8117 -0.433 1.7885, -0.8117 -0.43 1.7914, -0.8148 -0.4296 1.7914, -0.8138 -0.426 1.7937, -0.8128 -0.4221 1.7951, -0.8138 -0.4217 1.7951, -0.8154 -0.4201 1.7951, -0.8147 -0.421 1.7951, -0.8158 -0.4191 1.7951, -0.8117 -0.4222 1.7951, -0.8162 -0.4349 1.7849, -0.8204 -0.4331 1.7849, -0.8241 -0.4304 1.7849, -0.8268 -0.4267 1.7849, -0.8286 -0.4225 1.7849, -0.8117 -0.4299 1.7915, -0.8117 -0.4263 1.7937, -0.8117 -0.4263 1.7937, -0.8117 -0.4223 1.7951, -0.8158 -0.4252 1.7937, -0.8176 -0.4239 1.7937, -0.8189 -0.4221 1.7937, -0.8197 -0.4201 1.7937, -0.8177 -0.4284 1.7914, -0.8202 -0.4265 1.7914, -0.8221 -0.424 1.7914, -0.8233 -0.4211 1.7914, -0.8117 -0.4354 1.785, -0.8117 -0.4331 1.7885, -0.8156 -0.4326 1.7885, -0.8192 -0.4311 1.7885, -0.8224 -0.4287 1.7885, -0.8248 -0.4255 1.7885, -0.8263 -0.4219 1.7885, -0.8117 -0.4355 1.7849, -0.7484 -0.4213 1.7885, -0.7514 -0.4206 1.7914, -0.755 -0.4198 1.7937, -0.759 -0.4189 1.7951, -0.7593 -0.4198 1.7951, -0.7613 -0.4218 1.7951, -0.7605 -0.4213 1.7951, -0.7622 -0.4221 1.7951, -0.7461 -0.4219 1.7849, -0.7474 -0.4256 1.7849, -0.7494 -0.4289 1.7849, -0.7522 -0.4317 1.7849, -0.7555 -0.4338 1.7849, -0.7592 -0.435 1.7849, -0.7631 -0.4355 1.7849, -0.7631 -0.4222 1.7951, -0.7566 -0.4232 1.7937, -0.7579 -0.4245 1.7937, -0.7595 -0.4255 1.7937, -0.7613 -0.4261 1.7937, -0.7556 -0.4216 1.7937, -0.7598 -0.4206 1.7951, -0.7631 -0.4223 1.7951, -0.7631 -0.4263 1.7937, -0.7631 -0.4263 1.7937, -0.7631 -0.4299 1.7915, -0.7523 -0.4232 1.7914, -0.7537 -0.4255 1.7914, -0.7556 -0.4274 1.7914, -0.7579 -0.4288 1.7914, -0.7605 -0.4297 1.7914, -0.7495 -0.4245 1.7885, -0.7513 -0.4274 1.7885, -0.7537 -0.4298 1.7885, -0.7566 -0.4316 1.7885, -0.7598 -0.4327 1.7885, -0.7631 -0.43 1.7914, -0.7631 -0.433 1.7885, -0.7631 -0.4331 1.7885, -0.7631 -0.4354 1.785, -0.8712 0.4914 1.5757, -0.8712 0.4915 0.5906, -0.8717 0.4913 1.5757, -0.876 0.4895 0.5906, -0.876 0.4895 1.5761, -0.8762 0.4894 1.5761, -0.8801 0.4864 0.5906, -0.8801 0.4864 1.5762, -0.8831 0.4825 1.5761, -0.8832 0.4823 0.5906, -0.8832 0.4823 1.5761, -0.885 0.478 1.5757, -0.8852 0.4775 0.5906, -0.8851 0.4775 1.5757, -0.6897 0.4775 1.5757, -0.6896 0.4775 0.5906, -0.6898 0.478 1.5757, -0.6916 0.4823 0.5906, -0.6916 0.4823 1.5761, -0.6917 0.4825 1.5761, -0.6947 0.4864 0.5906, -0.6947 0.4864 1.5762, -0.6986 0.4894 1.5761, -0.6988 0.4895 0.5906, -0.6988 0.4895 1.5761, -0.7031 0.4913 1.5757, -0.7036 0.4915 0.5906, -0.7036 0.4914 1.5757, -0.8299 0.4221 1.7819, -0.8298 0.4227 1.782, -0.8283 0.426 1.7825, -0.8277 0.4271 1.7826, -0.8247 0.431 1.7829, -0.8231 0.4323 1.7828, -0.8208 0.434 1.7826, -0.8164 0.4361 1.782, -0.8158 0.4362 1.7819, -0.7631 0.4355 1.7849, -0.8117 0.4355 1.7849, -0.7631 0.4354 1.785, -0.8117 0.4354 1.785, -0.7631 0.4331 1.7885, -0.8117 0.4331 1.7885, -0.7631 0.433 1.7885, -0.8117 0.433 1.7885, -0.7631 0.43 1.7914, -0.8117 0.43 1.7914, -0.7631 0.4299 1.7915, -0.8117 0.4299 1.7915, -0.7631 0.4263 1.7937, -0.8117 0.4263 1.7937, -0.7631 0.4263 1.7937, -0.8117 0.4263 1.7937, -0.7631 0.4223 1.7951, -0.8117 0.4223 1.7951, -0.7631 0.4222 1.7951, -0.8117 0.4222 1.7951, -0.759 0.4362 1.7819, -0.7584 0.4361 1.782, -0.7551 0.4346 1.7825, -0.754 0.434 1.7826, -0.7501 0.431 1.7829, -0.7488 0.4294 1.7828, -0.7471 0.4271 1.7826, -0.745 0.4227 1.782, -0.7449 0.4221 1.7819, -0.8851 0.3099 1.5757, -0.8852 0.3099 0.5906, -0.885 0.3094 1.5757, -0.8832 0.3051 0.5906, -0.8832 0.3051 1.5761, -0.8831 0.3049 1.5761, -0.8801 0.301 0.5906, -0.8801 0.301 1.5762, -0.8762 0.298 1.5761, -0.876 0.2979 0.5906, -0.876 0.2979 1.5761, -0.8717 0.2961 1.5757, -0.8712 0.2959 0.5906, -0.8712 0.296 1.5757, -0.8291 0.418 1.785, -0.8268 0.418 1.7885, -0.8264 0.4213 1.7885, -0.8267 0.418 1.7885, -0.8237 0.418 1.7914, -0.8234 0.4206 1.7914, -0.8198 0.4198 1.7937, -0.8158 0.4189 1.7951, -0.8155 0.4198 1.7951, -0.8135 0.4218 1.7951, -0.8143 0.4213 1.7951, -0.8126 0.4221 1.7951, -0.8159 0.418 1.7951, -0.8287 0.4219 1.7849, -0.8275 0.4256 1.7849, -0.8254 0.4289 1.7849, -0.8226 0.4317 1.7849, -0.8193 0.4338 1.7849, -0.8156 0.435 1.7849, -0.8236 0.418 1.7915, -0.82 0.418 1.7937, -0.82 0.418 1.7937, -0.816 0.418 1.7951, -0.8182 0.4232 1.7937, -0.8169 0.4245 1.7937, -0.8153 0.4255 1.7937, -0.8135 0.4261 1.7937, -0.8192 0.4216 1.7937, -0.815 0.4206 1.7951, -0.8225 0.4232 1.7914, -0.8211 0.4255 1.7914, -0.8192 0.4274 1.7914, -0.8169 0.4288 1.7914, -0.8143 0.4297 1.7914, -0.8253 0.4245 1.7885, -0.8235 0.4274 1.7885, -0.8211 0.4298 1.7885, -0.8182 0.4316 1.7885, -0.815 0.4327 1.7885, -0.8292 0.418 1.7849, -0.7598 0.4327 1.7885, -0.7605 0.4297 1.7914, -0.7613 0.4261 1.7937, -0.7622 0.4221 1.7951, -0.7613 0.4218 1.7951, -0.7593 0.4198 1.7951, -0.7598 0.4206 1.7951, -0.759 0.4189 1.7951, -0.7592 0.435 1.7849, -0.7555 0.4338 1.7849, -0.7522 0.4317 1.7849, -0.7494 0.4289 1.7849, -0.7474 0.4256 1.7849, -0.7461 0.4219 1.7849, -0.7456 0.418 1.7849, -0.7589 0.418 1.7951, -0.7579 0.4245 1.7937, -0.7566 0.4232 1.7937, -0.7556 0.4216 1.7937, -0.755 0.4198 1.7937, -0.7595 0.4255 1.7937, -0.7605 0.4213 1.7951, -0.7589 0.418 1.7951, -0.7548 0.418 1.7937, -0.7548 0.418 1.7937, -0.7512 0.418 1.7915, -0.7579 0.4288 1.7914, -0.7556 0.4274 1.7914, -0.7537 0.4255 1.7914, -0.7523 0.4232 1.7914, -0.7514 0.4206 1.7914, -0.7566 0.4316 1.7885, -0.7537 0.4298 1.7885, -0.7513 0.4274 1.7885, -0.7495 0.4245 1.7885, -0.7484 0.4213 1.7885, -0.7511 0.418 1.7914, -0.7481 0.418 1.7885, -0.748 0.418 1.7885, -0.7457 0.418 1.785, -0.7036 0.296 1.5757, -0.7036 0.2959 0.5906, -0.7031 0.2961 1.5757, -0.6988 0.2979 0.5906, -0.6988 0.2979 1.5761, -0.6986 0.298 1.5761, -0.6947 0.301 0.5906, -0.6947 0.301 1.5762, -0.6917 0.3049 1.5761, -0.6916 0.3051 0.5906, -0.6916 0.3051 1.5761, -0.6898 0.3094 1.5757, -0.6896 0.3099 0.5906, -0.6897 0.3099 1.5757, -0.8164 0.3513 1.782, -0.8165 0.3514 1.782, -0.8208 0.3534 1.7826, -0.8209 0.3534 1.7826, -0.8247 0.3564 1.7829, -0.8277 0.3602 1.7826, -0.8277 0.3603 1.7826, -0.8297 0.3646 1.782, -0.8298 0.3647 1.782, -0.8292 0.3694 1.7849, -0.8291 0.3694 1.785, -0.8268 0.3694 1.7885, -0.8267 0.3694 1.7885, -0.8237 0.3694 1.7914, -0.8236 0.3694 1.7915, -0.82 0.3694 1.7937, -0.82 0.3694 1.7937, -0.816 0.3694 1.7951, -0.8159 0.3694 1.7951, -0.7456 0.3694 1.7849, -0.7457 0.3694 1.785, -0.748 0.3694 1.7885, -0.7481 0.3694 1.7885, -0.7511 0.3694 1.7914, -0.7512 0.3694 1.7915, -0.7548 0.3694 1.7937, -0.7548 0.3694 1.7937, -0.7589 0.3694 1.7951, -0.7589 0.3694 1.7951, -0.745 0.3647 1.782, -0.7451 0.3646 1.782, -0.7471 0.3603 1.7826, -0.7471 0.3602 1.7826, -0.7501 0.3564 1.7829, -0.7539 0.3534 1.7826, -0.754 0.3534 1.7826, -0.7583 0.3514 1.782, -0.7584 0.3513 1.782, -0.8117 0.3544 1.7885, -0.8117 0.3574 1.7914, -0.8148 0.3578 1.7914, -0.8138 0.3614 1.7937, -0.8128 0.3653 1.7951, -0.8138 0.3657 1.7951, -0.8154 0.3673 1.7951, -0.8147 0.3664 1.7951, -0.8158 0.3683 1.7951, -0.8117 0.3652 1.7951, -0.8162 0.3525 1.7849, -0.8204 0.3543 1.7849, -0.8241 0.357 1.7849, -0.8268 0.3607 1.7849, -0.8286 0.3649 1.7849, -0.8117 0.3575 1.7915, -0.8117 0.3611 1.7937, -0.8117 0.3611 1.7937, -0.8117 0.3651 1.7951, -0.8158 0.3622 1.7937, -0.8176 0.3635 1.7937, -0.8189 0.3653 1.7937, -0.8197 0.3673 1.7937, -0.8177 0.359 1.7914, -0.8202 0.3609 1.7914, -0.8221 0.3634 1.7914, -0.8233 0.3663 1.7914, -0.8117 0.352 1.785, -0.8117 0.3543 1.7885, -0.8156 0.3548 1.7885, -0.8192 0.3563 1.7885, -0.8224 0.3587 1.7885, -0.8248 0.3619 1.7885, -0.8263 0.3655 1.7885, -0.8117 0.3519 1.7849, -0.7515 0.3663 1.7914, -0.7551 0.3673 1.7937, -0.759 0.3683 1.7951, -0.7594 0.3673 1.7951, -0.761 0.3657 1.7951, -0.7601 0.3664 1.7951, -0.762 0.3653 1.7951, -0.7462 0.3649 1.7849, -0.748 0.3607 1.7849, -0.7507 0.357 1.7849, -0.7544 0.3543 1.7849, -0.7586 0.3525 1.7849, -0.7631 0.3519 1.7849, -0.7631 0.3652 1.7951, -0.7559 0.3653 1.7937, -0.7572 0.3635 1.7937, -0.759 0.3622 1.7937, -0.761 0.3614 1.7937, -0.7631 0.3651 1.7951, -0.7631 0.3611 1.7937, -0.7631 0.3611 1.7937, -0.7631 0.3575 1.7915, -0.7527 0.3634 1.7914, -0.7546 0.3609 1.7914, -0.7571 0.359 1.7914, -0.76 0.3578 1.7914, -0.7485 0.3655 1.7885, -0.75 0.3619 1.7885, -0.7524 0.3587 1.7885, -0.7556 0.3563 1.7885, -0.7592 0.3548 1.7885, -0.7631 0.3574 1.7914, -0.7631 0.3544 1.7885, -0.7631 0.3543 1.7885, -0.7631 0.352 1.785, -0.8712 0.296 -0.9612, -0.8712 0.2959 0.0, -0.8717 0.2961 -0.9613, -0.876 0.2979 0.0, -0.876 0.2979 -0.9616, -0.8762 0.298 -0.9616, -0.8801 0.301 0.0, -0.8801 0.301 -0.9617, -0.8831 0.3049 -0.9616, -0.8832 0.3051 0.0, -0.8832 0.3051 -0.9616, -0.885 0.3094 -0.9613, -0.8852 0.3099 0.0, -0.8851 0.3099 -0.9612, -0.6897 0.3099 -0.9612, -0.6896 0.3099 0.0, -0.6898 0.3094 -0.9613, -0.6916 0.3051 0.0, -0.6916 0.3051 -0.9616, -0.6917 0.3049 -0.9616, -0.6947 0.301 0.0, -0.6947 0.301 -0.9617, -0.6986 0.298 -0.9616, -0.6988 0.2979 0.0, -0.6988 0.2979 -0.9616, -0.7031 0.2961 -0.9613, -0.7036 0.2959 0.0, -0.7036 0.296 -0.9612, -0.8298 0.3647 -1.1675, -0.8297 0.3646 -1.1675, -0.8277 0.3603 -1.1682, -0.8277 0.3602 -1.1682, -0.8247 0.3564 -1.1684, -0.8209 0.3534 -1.1682, -0.8208 0.3534 -1.1682, -0.8165 0.3514 -1.1675, -0.8164 0.3513 -1.1675, -0.8117 0.3651 -1.1806, -0.7631 0.3651 -1.1806, -0.8117 0.3644 -1.1804, -0.7631 0.3644 -1.1804, -0.8117 0.3611 -1.1792, -0.7631 0.3611 -1.1792, -0.8117 0.3597 -1.1784, -0.7631 0.3597 -1.1784, -0.8117 0.3574 -1.177, -0.7631 0.3574 -1.177, -0.8117 0.3556 -1.1753, -0.7631 0.3556 -1.1753, -0.8117 0.3543 -1.174, -0.7631 0.3543 -1.174, -0.8117 0.3525 -1.1712, -0.7631 0.3525 -1.1712, -0.8117 0.3519 -1.1704, -0.7631 0.3519 -1.1704, -0.7584 0.3513 -1.1675, -0.7583 0.3514 -1.1675, -0.754 0.3534 -1.1682, -0.7539 0.3534 -1.1682, -0.7501 0.3564 -1.1684, -0.7471 0.3602 -1.1682, -0.7471 0.3603 -1.1682, -0.7451 0.3646 -1.1675, -0.745 0.3647 -1.1675, -0.8851 0.4775 -0.9612, -0.8852 0.4775 0.0, -0.885 0.478 -0.9613, -0.8832 0.4823 0.0, -0.8832 0.4823 -0.9616, -0.8831 0.4825 -0.9616, -0.8801 0.4864 0.0, -0.8801 0.4864 -0.9617, -0.8762 0.4894 -0.9616, -0.876 0.4895 0.0, -0.876 0.4895 -0.9616, -0.8717 0.4913 -0.9613, -0.8712 0.4915 0.0, -0.8712 0.4914 -0.9612, -0.8154 0.3673 -1.1806, -0.8158 0.3683 -1.1806, -0.8138 0.3657 -1.1806, -0.8147 0.3664 -1.1806, -0.8167 0.3694 -1.1804, -0.816 0.3694 -1.1806, -0.8138 0.3614 -1.1792, -0.8286 0.3649 -1.1704, -0.8268 0.3607 -1.1704, -0.8241 0.357 -1.1704, -0.8204 0.3543 -1.1704, -0.8162 0.3525 -1.1704, -0.8156 0.3548 -1.174, -0.8286 0.3694 -1.1712, -0.8292 0.3694 -1.1704, -0.8263 0.3655 -1.174, -0.8248 0.3619 -1.174, -0.8224 0.3587 -1.174, -0.8192 0.3563 -1.174, -0.8148 0.3578 -1.177, -0.8177 0.359 -1.177, -0.8202 0.3609 -1.177, -0.8221 0.3634 -1.177, -0.8233 0.3663 -1.177, -0.8268 0.3694 -1.174, -0.8255 0.3694 -1.1753, -0.8237 0.3694 -1.177, -0.8215 0.3694 -1.1784, -0.8158 0.3622 -1.1792, -0.8176 0.3635 -1.1792, -0.8189 0.3653 -1.1792, -0.8197 0.3673 -1.1792, -0.82 0.3694 -1.1792, -0.8128 0.3653 -1.1806, -0.761 0.3657 -1.1806, -0.762 0.3653 -1.1806, -0.7594 0.3673 -1.1806, -0.7601 0.3664 -1.1806, -0.7581 0.3694 -1.1804, -0.7548 0.3694 -1.1792, -0.7551 0.3673 -1.1792, -0.7586 0.3525 -1.1704, -0.7544 0.3543 -1.1704, -0.7507 0.357 -1.1704, -0.748 0.3607 -1.1704, -0.7462 0.3649 -1.1704, -0.7456 0.3694 -1.1704, -0.7493 0.3694 -1.1753, -0.748 0.3694 -1.174, -0.7485 0.3655 -1.174, -0.7462 0.3694 -1.1712, -0.7592 0.3548 -1.174, -0.7556 0.3563 -1.174, -0.7524 0.3587 -1.174, -0.75 0.3619 -1.174, -0.7515 0.3663 -1.177, -0.7527 0.3634 -1.177, -0.7546 0.3609 -1.177, -0.7571 0.359 -1.177, -0.76 0.3578 -1.177, -0.7534 0.3694 -1.1784, -0.7511 0.3694 -1.177, -0.7559 0.3653 -1.1792, -0.7572 0.3635 -1.1792, -0.759 0.3622 -1.1792, -0.761 0.3614 -1.1792, -0.7589 0.3694 -1.1806, -0.759 0.3683 -1.1806, -0.7036 0.4914 -0.9612, -0.7036 0.4915 0.0, -0.7031 0.4913 -0.9613, -0.6988 0.4895 0.0, -0.6988 0.4895 -0.9616, -0.6986 0.4894 -0.9616, -0.6947 0.4864 0.0, -0.6947 0.4864 -0.9617, -0.6917 0.4825 -0.9616, -0.6916 0.4823 0.0, -0.6916 0.4823 -0.9616, -0.6898 0.478 -0.9613, -0.6896 0.4775 0.0, -0.6897 0.4775 -0.9612, -0.8164 0.4361 -1.1675, -0.8165 0.436 -1.1675, -0.8208 0.434 -1.1682, -0.8209 0.434 -1.1682, -0.8247 0.431 -1.1684, -0.8277 0.4272 -1.1682, -0.8277 0.4271 -1.1682, -0.8297 0.4228 -1.1675, -0.8298 0.4227 -1.1675, -0.816 0.418 -1.1806, -0.8167 0.418 -1.1804, -0.82 0.418 -1.1792, -0.8215 0.418 -1.1784, -0.8237 0.418 -1.177, -0.8255 0.418 -1.1753, -0.8268 0.418 -1.174, -0.8286 0.418 -1.1712, -0.8292 0.418 -1.1704, -0.7589 0.418 -1.1806, -0.7581 0.418 -1.1804, -0.7548 0.418 -1.1792, -0.7534 0.418 -1.1784, -0.7511 0.418 -1.177, -0.7493 0.418 -1.1753, -0.748 0.418 -1.174, -0.7462 0.418 -1.1712, -0.7456 0.418 -1.1704, -0.745 0.4227 -1.1675, -0.7451 0.4228 -1.1675, -0.7471 0.4271 -1.1682, -0.7471 0.4272 -1.1682, -0.7501 0.431 -1.1684, -0.7539 0.434 -1.1682, -0.754 0.434 -1.1682, -0.7583 0.436 -1.1675, -0.7584 0.4361 -1.1675, -0.8138 0.4217 -1.1806, -0.8128 0.4221 -1.1806, -0.8154 0.4201 -1.1806, -0.8147 0.421 -1.1806, -0.8117 0.423 -1.1804, -0.8117 0.4223 -1.1806, -0.8197 0.4201 -1.1792, -0.8162 0.4349 -1.1704, -0.8204 0.4331 -1.1704, -0.8241 0.4304 -1.1704, -0.8268 0.4267 -1.1704, -0.8286 0.4225 -1.1704, -0.8263 0.4219 -1.174, -0.8117 0.4349 -1.1712, -0.8117 0.4355 -1.1704, -0.8156 0.4326 -1.174, -0.8192 0.4311 -1.174, -0.8224 0.4287 -1.174, -0.8248 0.4255 -1.174, -0.8233 0.4211 -1.177, -0.8221 0.424 -1.177, -0.8202 0.4265 -1.177, -0.8177 0.4284 -1.177, -0.8148 0.4296 -1.177, -0.8117 0.4331 -1.174, -0.8117 0.4318 -1.1753, -0.8117 0.43 -1.177, -0.8117 0.4277 -1.1784, -0.8189 0.4221 -1.1792, -0.8176 0.4239 -1.1792, -0.8158 0.4252 -1.1792, -0.8138 0.426 -1.1792, -0.8117 0.4263 -1.1792, -0.8158 0.4191 -1.1806, -0.7594 0.4201 -1.1806, -0.759 0.4191 -1.1806, -0.761 0.4217 -1.1806, -0.7601 0.421 -1.1806, -0.7631 0.423 -1.1804, -0.7631 0.4263 -1.1792, -0.761 0.426 -1.1792, -0.7462 0.4225 -1.1704, -0.748 0.4267 -1.1704, -0.7507 0.4304 -1.1704, -0.7544 0.4331 -1.1704, -0.7586 0.4349 -1.1704, -0.7631 0.4355 -1.1704, -0.7631 0.4318 -1.1753, -0.7631 0.4331 -1.174, -0.7592 0.4326 -1.174, -0.7631 0.4349 -1.1712, -0.7485 0.4219 -1.174, -0.75 0.4255 -1.174, -0.7524 0.4287 -1.174, -0.7556 0.4311 -1.174, -0.76 0.4296 -1.177, -0.7571 0.4284 -1.177, -0.7546 0.4265 -1.177, -0.7527 0.424 -1.177, -0.7515 0.4211 -1.177, -0.7631 0.4277 -1.1784, -0.7631 0.43 -1.177, -0.759 0.4252 -1.1792, -0.7572 0.4239 -1.1792, -0.7559 0.4221 -1.1792, -0.7551 0.4201 -1.1792, -0.7631 0.4223 -1.1806, -0.762 0.4221 -1.1806, -0.8712 -0.4914 -0.9612, -0.8712 -0.4915 0.0, -0.8717 -0.4913 -0.9613, -0.876 -0.4895 0.0, -0.876 -0.4895 -0.9616, -0.8762 -0.4894 -0.9616, -0.8801 -0.4864 0.0, -0.8801 -0.4864 -0.9617, -0.8831 -0.4825 -0.9616, -0.8832 -0.4823 0.0, -0.8832 -0.4823 -0.9616, -0.885 -0.478 -0.9613, -0.8852 -0.4775 0.0, -0.8851 -0.4775 -0.9612, -0.6897 -0.4775 -0.9612, -0.6896 -0.4775 0.0, -0.6898 -0.478 -0.9613, -0.6916 -0.4823 0.0, -0.6916 -0.4823 -0.9616, -0.6917 -0.4825 -0.9616, -0.6947 -0.4864 0.0, -0.6947 -0.4864 -0.9617, -0.6986 -0.4894 -0.9616, -0.6988 -0.4895 0.0, -0.6988 -0.4895 -0.9616, -0.7031 -0.4913 -0.9613, -0.7036 -0.4915 0.0, -0.7036 -0.4914 -0.9612, -0.8298 -0.4227 -1.1675, -0.8297 -0.4228 -1.1675, -0.8277 -0.4271 -1.1682, -0.8277 -0.4272 -1.1682, -0.8247 -0.431 -1.1684, -0.8209 -0.434 -1.1682, -0.8208 -0.434 -1.1682, -0.8165 -0.436 -1.1675, -0.8164 -0.4361 -1.1675, -0.7631 -0.4355 -1.1704, -0.8117 -0.4355 -1.1704, -0.7631 -0.4349 -1.1712, -0.8117 -0.4349 -1.1712, -0.7631 -0.4331 -1.174, -0.8117 -0.4331 -1.174, -0.7631 -0.4318 -1.1753, -0.8117 -0.4318 -1.1753, -0.7631 -0.43 -1.177, -0.8117 -0.43 -1.177, -0.7631 -0.4277 -1.1784, -0.8117 -0.4277 -1.1784, -0.7631 -0.4263 -1.1792, -0.8117 -0.4263 -1.1792, -0.7631 -0.423 -1.1804, -0.8117 -0.423 -1.1804, -0.7631 -0.4223 -1.1806, -0.8117 -0.4223 -1.1806, -0.7584 -0.4361 -1.1675, -0.7583 -0.436 -1.1675, -0.754 -0.434 -1.1682, -0.7539 -0.434 -1.1682, -0.7501 -0.431 -1.1684, -0.7471 -0.4272 -1.1682, -0.7471 -0.4271 -1.1682, -0.7451 -0.4228 -1.1675, -0.745 -0.4227 -1.1675, -0.8851 -0.3099 -0.9612, -0.8852 -0.3099 0.0, -0.885 -0.3094 -0.9613, -0.8832 -0.3051 0.0, -0.8832 -0.3051 -0.9616, -0.8831 -0.3049 -0.9616, -0.8801 -0.301 0.0, -0.8801 -0.301 -0.9617, -0.8762 -0.298 -0.9616, -0.876 -0.2979 0.0, -0.876 -0.2979 -0.9616, -0.8717 -0.2961 -0.9613, -0.8712 -0.2959 0.0, -0.8712 -0.296 -0.9612, -0.8154 -0.4201 -1.1806, -0.8158 -0.4191 -1.1806, -0.8138 -0.4217 -1.1806, -0.8147 -0.421 -1.1806, -0.8167 -0.418 -1.1804, -0.816 -0.418 -1.1806, -0.8138 -0.426 -1.1792, -0.8286 -0.4225 -1.1704, -0.8268 -0.4267 -1.1704, -0.8241 -0.4304 -1.1704, -0.8204 -0.4331 -1.1704, -0.8162 -0.4349 -1.1704, -0.8156 -0.4326 -1.174, -0.8286 -0.418 -1.1712, -0.8292 -0.418 -1.1704, -0.8263 -0.4219 -1.174, -0.8248 -0.4255 -1.174, -0.8224 -0.4287 -1.174, -0.8192 -0.4311 -1.174, -0.8148 -0.4296 -1.177, -0.8177 -0.4284 -1.177, -0.8202 -0.4265 -1.177, -0.8221 -0.424 -1.177, -0.8233 -0.4211 -1.177, -0.8268 -0.418 -1.174, -0.8255 -0.418 -1.1753, -0.8237 -0.418 -1.177, -0.8215 -0.418 -1.1784, -0.8158 -0.4252 -1.1792, -0.8176 -0.4239 -1.1792, -0.8189 -0.4221 -1.1792, -0.8197 -0.4201 -1.1792, -0.82 -0.418 -1.1792, -0.8128 -0.4221 -1.1806, -0.761 -0.4217 -1.1806, -0.762 -0.4221 -1.1806, -0.7594 -0.4201 -1.1806, -0.7601 -0.421 -1.1806, -0.7581 -0.418 -1.1804, -0.7548 -0.418 -1.1792, -0.7551 -0.4201 -1.1792, -0.7586 -0.4349 -1.1704, -0.7544 -0.4331 -1.1704, -0.7507 -0.4304 -1.1704, -0.748 -0.4267 -1.1704, -0.7462 -0.4225 -1.1704, -0.7456 -0.418 -1.1704, -0.7493 -0.418 -1.1753, -0.748 -0.418 -1.174, -0.7485 -0.4219 -1.174, -0.7462 -0.418 -1.1712, -0.7592 -0.4326 -1.174, -0.7556 -0.4311 -1.174, -0.7524 -0.4287 -1.174, -0.75 -0.4255 -1.174, -0.7515 -0.4211 -1.177, -0.7527 -0.424 -1.177, -0.7546 -0.4265 -1.177, -0.7571 -0.4284 -1.177, -0.76 -0.4296 -1.177, -0.7534 -0.418 -1.1784, -0.7511 -0.418 -1.177, -0.7559 -0.4221 -1.1792, -0.7572 -0.4239 -1.1792, -0.759 -0.4252 -1.1792, -0.761 -0.426 -1.1792, -0.7589 -0.418 -1.1806, -0.759 -0.4191 -1.1806, -0.7036 -0.296 -0.9612, -0.7036 -0.2959 0.0, -0.7031 -0.2961 -0.9613, -0.6988 -0.2979 0.0, -0.6988 -0.2979 -0.9616, -0.6986 -0.298 -0.9616, -0.6947 -0.301 0.0, -0.6947 -0.301 -0.9617, -0.6917 -0.3049 -0.9616, -0.6916 -0.3051 0.0, -0.6916 -0.3051 -0.9616, -0.6898 -0.3094 -0.9613, -0.6896 -0.3099 0.0, -0.6897 -0.3099 -0.9612, -0.8164 -0.3513 -1.1675, -0.8165 -0.3514 -1.1675, -0.8208 -0.3534 -1.1682, -0.8209 -0.3534 -1.1682, -0.8247 -0.3564 -1.1684, -0.8277 -0.3602 -1.1682, -0.8277 -0.3603 -1.1682, -0.8297 -0.3646 -1.1675, -0.8298 -0.3647 -1.1675, -0.816 -0.3694 -1.1806, -0.8167 -0.3694 -1.1804, -0.82 -0.3694 -1.1792, -0.8215 -0.3694 -1.1784, -0.8237 -0.3694 -1.177, -0.8255 -0.3694 -1.1753, -0.8268 -0.3694 -1.174, -0.8286 -0.3694 -1.1712, -0.8292 -0.3694 -1.1704, -0.7589 -0.3694 -1.1806, -0.7581 -0.3694 -1.1804, -0.7548 -0.3694 -1.1792, -0.7534 -0.3694 -1.1784, -0.7511 -0.3694 -1.177, -0.7493 -0.3694 -1.1753, -0.748 -0.3694 -1.174, -0.7462 -0.3694 -1.1712, -0.7456 -0.3694 -1.1704, -0.745 -0.3647 -1.1675, -0.7451 -0.3646 -1.1675, -0.7471 -0.3603 -1.1682, -0.7471 -0.3602 -1.1682, -0.7501 -0.3564 -1.1684, -0.7539 -0.3534 -1.1682, -0.754 -0.3534 -1.1682, -0.7583 -0.3514 -1.1675, -0.7584 -0.3513 -1.1675, -0.8138 -0.3657 -1.1806, -0.8128 -0.3653 -1.1806, -0.8154 -0.3673 -1.1806, -0.8147 -0.3664 -1.1806, -0.8117 -0.3644 -1.1804, -0.8117 -0.3651 -1.1806, -0.8197 -0.3673 -1.1792, -0.8162 -0.3525 -1.1704, -0.8204 -0.3543 -1.1704, -0.8241 -0.357 -1.1704, -0.8268 -0.3607 -1.1704, -0.8286 -0.3649 -1.1704, -0.8263 -0.3655 -1.174, -0.8117 -0.3525 -1.1712, -0.8117 -0.3519 -1.1704, -0.8156 -0.3548 -1.174, -0.8192 -0.3563 -1.174, -0.8224 -0.3587 -1.174, -0.8248 -0.3619 -1.174, -0.8233 -0.3663 -1.177, -0.8221 -0.3634 -1.177, -0.8202 -0.3609 -1.177, -0.8177 -0.359 -1.177, -0.8148 -0.3578 -1.177, -0.8117 -0.3543 -1.174, -0.8117 -0.3556 -1.1753, -0.8117 -0.3574 -1.177, -0.8117 -0.3597 -1.1784, -0.8189 -0.3653 -1.1792, -0.8176 -0.3635 -1.1792, -0.8158 -0.3622 -1.1792, -0.8138 -0.3614 -1.1792, -0.8117 -0.3611 -1.1792, -0.8158 -0.3683 -1.1806, -0.7594 -0.3673 -1.1806, -0.759 -0.3683 -1.1806, -0.761 -0.3657 -1.1806, -0.7601 -0.3664 -1.1806, -0.7631 -0.3644 -1.1804, -0.7631 -0.3611 -1.1792, -0.761 -0.3614 -1.1792, -0.7462 -0.3649 -1.1704, -0.748 -0.3607 -1.1704, -0.7507 -0.357 -1.1704, -0.7544 -0.3543 -1.1704, -0.7586 -0.3525 -1.1704, -0.7631 -0.3519 -1.1704, -0.7631 -0.3556 -1.1753, -0.7631 -0.3543 -1.174, -0.7592 -0.3548 -1.174, -0.7631 -0.3525 -1.1712, -0.7485 -0.3655 -1.174, -0.75 -0.3619 -1.174, -0.7524 -0.3587 -1.174, -0.7556 -0.3563 -1.174, -0.76 -0.3578 -1.177, -0.7571 -0.359 -1.177, -0.7546 -0.3609 -1.177, -0.7527 -0.3634 -1.177, -0.7515 -0.3663 -1.177, -0.7631 -0.3597 -1.1784, -0.7631 -0.3574 -1.177, -0.759 -0.3622 -1.1792, -0.7572 -0.3635 -1.1792, -0.7559 -0.3653 -1.1792, -0.7551 -0.3673 -1.1792, -0.7631 -0.3651 -1.1806, -0.762 -0.3653 -1.1806, -0.0838 -0.296 1.5757, -0.0838 -0.2959 0.5906, -0.0843 -0.2961 1.5757, -0.0886 -0.2979 0.5906, -0.0886 -0.2979 1.5761, -0.0888 -0.298 1.5761, -0.0927 -0.301 0.5906, -0.0927 -0.301 1.5762, -0.0957 -0.3049 1.5761, -0.0958 -0.3051 0.5906, -0.0958 -0.3051 1.5761, -0.0976 -0.3094 1.5757, -0.0978 -0.3099 0.5906, -0.0977 -0.3099 1.5757, 0.0977 -0.3099 1.5757, 0.0978 -0.3099 0.5906, 0.0976 -0.3094 1.5757, 0.0958 -0.3051 0.5906, 0.0958 -0.3051 1.5761, 0.0957 -0.3049 1.5761, 0.0927 -0.301 0.5906, 0.0927 -0.301 1.5762, 0.0888 -0.298 1.5761, 0.0886 -0.2979 0.5906, 0.0886 -0.2979 1.5761, 0.0843 -0.2961 1.5757, 0.0838 -0.2959 0.5906, 0.0838 -0.296 1.5757, -0.0424 -0.3647 1.782, -0.0423 -0.3646 1.782, -0.0403 -0.3603 1.7826, -0.0403 -0.3602 1.7826, -0.0373 -0.3564 1.7829, -0.0335 -0.3534 1.7826, -0.0334 -0.3534 1.7826, -0.0291 -0.3514 1.782, -0.029 -0.3513 1.782, 0.0243 -0.3652 1.7951, 0.0243 -0.3519 1.7849, -0.0243 -0.3519 1.7849, 0.0243 -0.352 1.785, -0.0243 -0.352 1.785, 0.0243 -0.3543 1.7885, -0.0243 -0.3543 1.7885, 0.0243 -0.3544 1.7885, -0.0243 -0.3544 1.7885, 0.0243 -0.3574 1.7914, -0.0243 -0.3574 1.7914, 0.0243 -0.3575 1.7915, -0.0243 -0.3575 1.7915, 0.0243 -0.3611 1.7937, -0.0243 -0.3611 1.7937, 0.0243 -0.3611 1.7937, -0.0243 -0.3611 1.7937, 0.0243 -0.3651 1.7951, -0.0243 -0.3651 1.7951, -0.0243 -0.3652 1.7951, 0.029 -0.3513 1.782, 0.0291 -0.3514 1.782, 0.0334 -0.3534 1.7826, 0.0335 -0.3534 1.7826, 0.0373 -0.3564 1.7829, 0.0403 -0.3602 1.7826, 0.0403 -0.3603 1.7826, 0.0423 -0.3646 1.782, 0.0424 -0.3647 1.782, -0.0977 -0.4775 1.5757, -0.0978 -0.4775 0.5906, -0.0976 -0.478 1.5757, -0.0958 -0.4823 0.5906, -0.0958 -0.4823 1.5761, -0.0957 -0.4825 1.5761, -0.0927 -0.4864 0.5906, -0.0927 -0.4864 1.5762, -0.0888 -0.4894 1.5761, -0.0886 -0.4895 0.5906, -0.0886 -0.4895 1.5761, -0.0843 -0.4913 1.5757, -0.0838 -0.4915 0.5906, -0.0838 -0.4914 1.5757, -0.0393 -0.3694 1.7885, -0.0363 -0.3694 1.7914, -0.0359 -0.3663 1.7914, -0.0323 -0.3673 1.7937, -0.0284 -0.3683 1.7951, -0.028 -0.3673 1.7951, -0.0264 -0.3657 1.7951, -0.0273 -0.3664 1.7951, -0.0254 -0.3653 1.7951, -0.0285 -0.3694 1.7951, -0.0412 -0.3649 1.7849, -0.0394 -0.3607 1.7849, -0.0367 -0.357 1.7849, -0.033 -0.3543 1.7849, -0.0288 -0.3525 1.7849, -0.0362 -0.3694 1.7915, -0.0326 -0.3694 1.7937, -0.0326 -0.3694 1.7937, -0.0286 -0.3694 1.7951, -0.0315 -0.3653 1.7937, -0.0302 -0.3635 1.7937, -0.0284 -0.3622 1.7937, -0.0264 -0.3614 1.7937, -0.0347 -0.3634 1.7914, -0.0328 -0.3609 1.7914, -0.0303 -0.359 1.7914, -0.0274 -0.3578 1.7914, -0.0417 -0.3694 1.785, -0.0394 -0.3694 1.7885, -0.0389 -0.3655 1.7885, -0.0374 -0.3619 1.7885, -0.035 -0.3587 1.7885, -0.0318 -0.3563 1.7885, -0.0282 -0.3548 1.7885, -0.0418 -0.3694 1.7849, 0.0274 -0.3578 1.7914, 0.0264 -0.3614 1.7937, 0.0254 -0.3653 1.7951, 0.0264 -0.3657 1.7951, 0.028 -0.3673 1.7951, 0.0273 -0.3664 1.7951, 0.0284 -0.3683 1.7951, 0.0288 -0.3525 1.7849, 0.033 -0.3543 1.7849, 0.0367 -0.357 1.7849, 0.0394 -0.3607 1.7849, 0.0412 -0.3649 1.7849, 0.0418 -0.3694 1.7849, 0.0285 -0.3694 1.7951, 0.0284 -0.3622 1.7937, 0.0302 -0.3635 1.7937, 0.0315 -0.3653 1.7937, 0.0323 -0.3673 1.7937, 0.0286 -0.3694 1.7951, 0.0326 -0.3694 1.7937, 0.0326 -0.3694 1.7937, 0.0362 -0.3694 1.7915, 0.0303 -0.359 1.7914, 0.0328 -0.3609 1.7914, 0.0347 -0.3634 1.7914, 0.0359 -0.3663 1.7914, 0.0282 -0.3548 1.7885, 0.0318 -0.3563 1.7885, 0.035 -0.3587 1.7885, 0.0374 -0.3619 1.7885, 0.0389 -0.3655 1.7885, 0.0363 -0.3694 1.7914, 0.0393 -0.3694 1.7885, 0.0394 -0.3694 1.7885, 0.0417 -0.3694 1.785, 0.0838 -0.4914 1.5757, 0.0838 -0.4915 0.5906, 0.0843 -0.4913 1.5757, 0.0886 -0.4895 0.5906, 0.0886 -0.4895 1.5761, 0.0888 -0.4894 1.5761, 0.0927 -0.4864 0.5906, 0.0927 -0.4864 1.5762, 0.0957 -0.4825 1.5761, 0.0958 -0.4823 0.5906, 0.0958 -0.4823 1.5761, 0.0976 -0.478 1.5757, 0.0978 -0.4775 0.5906, 0.0977 -0.4775 1.5757, -0.0284 -0.4362 1.7819, -0.029 -0.4361 1.782, -0.0323 -0.4346 1.7825, -0.0334 -0.434 1.7826, -0.0373 -0.431 1.7829, -0.0386 -0.4294 1.7828, -0.0403 -0.4271 1.7826, -0.0424 -0.4227 1.782, -0.0425 -0.4221 1.7819, -0.0418 -0.418 1.7849, -0.0417 -0.418 1.785, -0.0394 -0.418 1.7885, -0.0393 -0.418 1.7885, -0.0363 -0.418 1.7914, -0.0362 -0.418 1.7915, -0.0326 -0.418 1.7937, -0.0326 -0.418 1.7937, -0.0286 -0.418 1.7951, -0.0285 -0.418 1.7951, 0.0418 -0.418 1.7849, 0.0417 -0.418 1.785, 0.0394 -0.418 1.7885, 0.0393 -0.418 1.7885, 0.0363 -0.418 1.7914, 0.0362 -0.418 1.7915, 0.0326 -0.418 1.7937, 0.0326 -0.418 1.7937, 0.0286 -0.418 1.7951, 0.0285 -0.418 1.7951, 0.0425 -0.4221 1.7819, 0.0424 -0.4227 1.782, 0.0409 -0.426 1.7825, 0.0403 -0.4271 1.7826, 0.0373 -0.431 1.7829, 0.0357 -0.4323 1.7828, 0.0334 -0.434 1.7826, 0.029 -0.4361 1.782, 0.0284 -0.4362 1.7819, -0.0243 -0.4354 1.785, -0.0243 -0.4331 1.7885, -0.0276 -0.4327 1.7885, -0.0243 -0.433 1.7885, -0.0243 -0.43 1.7914, -0.0269 -0.4297 1.7914, -0.0261 -0.4261 1.7937, -0.0252 -0.4221 1.7951, -0.0261 -0.4218 1.7951, -0.0281 -0.4198 1.7951, -0.0276 -0.4206 1.7951, -0.0284 -0.4189 1.7951, -0.0243 -0.4222 1.7951, -0.0282 -0.435 1.7849, -0.0319 -0.4338 1.7849, -0.0352 -0.4317 1.7849, -0.038 -0.4289 1.7849, -0.04 -0.4256 1.7849, -0.0413 -0.4219 1.7849, -0.0243 -0.4299 1.7915, -0.0243 -0.4263 1.7937, -0.0243 -0.4263 1.7937, -0.0243 -0.4223 1.7951, -0.0295 -0.4245 1.7937, -0.0308 -0.4232 1.7937, -0.0318 -0.4216 1.7937, -0.0324 -0.4198 1.7937, -0.0279 -0.4255 1.7937, -0.0269 -0.4213 1.7951, -0.0295 -0.4288 1.7914, -0.0318 -0.4274 1.7914, -0.0337 -0.4255 1.7914, -0.0351 -0.4232 1.7914, -0.036 -0.4206 1.7914, -0.0308 -0.4316 1.7885, -0.0337 -0.4298 1.7885, -0.0361 -0.4274 1.7885, -0.0379 -0.4245 1.7885, -0.039 -0.4213 1.7885, -0.0243 -0.4355 1.7849, 0.039 -0.4213 1.7885, 0.036 -0.4206 1.7914, 0.0324 -0.4198 1.7937, 0.0284 -0.4189 1.7951, 0.0281 -0.4198 1.7951, 0.0261 -0.4218 1.7951, 0.0269 -0.4213 1.7951, 0.0252 -0.4221 1.7951, 0.0413 -0.4219 1.7849, 0.04 -0.4256 1.7849, 0.038 -0.4289 1.7849, 0.0352 -0.4317 1.7849, 0.0319 -0.4338 1.7849, 0.0282 -0.435 1.7849, 0.0243 -0.4355 1.7849, 0.0243 -0.4222 1.7951, 0.0308 -0.4232 1.7937, 0.0295 -0.4245 1.7937, 0.0279 -0.4255 1.7937, 0.0261 -0.4261 1.7937, 0.0318 -0.4216 1.7937, 0.0276 -0.4206 1.7951, 0.0243 -0.4223 1.7951, 0.0243 -0.4263 1.7937, 0.0243 -0.4263 1.7937, 0.0243 -0.4299 1.7915, 0.0351 -0.4232 1.7914, 0.0337 -0.4255 1.7914, 0.0318 -0.4274 1.7914, 0.0295 -0.4288 1.7914, 0.0269 -0.4297 1.7914, 0.0379 -0.4245 1.7885, 0.0361 -0.4274 1.7885, 0.0337 -0.4298 1.7885, 0.0308 -0.4316 1.7885, 0.0276 -0.4327 1.7885, 0.0243 -0.43 1.7914, 0.0243 -0.433 1.7885, 0.0243 -0.4331 1.7885, 0.0243 -0.4354 1.785, -0.0838 0.4914 1.5757, -0.0838 0.4915 0.5906, -0.0843 0.4913 1.5757, -0.0886 0.4895 0.5906, -0.0886 0.4895 1.5761, -0.0888 0.4894 1.5761, -0.0927 0.4864 0.5906, -0.0927 0.4864 1.5762, -0.0957 0.4825 1.5761, -0.0958 0.4823 0.5906, -0.0958 0.4823 1.5761, -0.0976 0.478 1.5757, -0.0978 0.4775 0.5906, -0.0977 0.4775 1.5757, 0.0977 0.4775 1.5757, 0.0978 0.4775 0.5906, 0.0976 0.478 1.5757, 0.0958 0.4823 0.5906, 0.0958 0.4823 1.5761, 0.0957 0.4825 1.5761, 0.0927 0.4864 0.5906, 0.0927 0.4864 1.5762, 0.0888 0.4894 1.5761, 0.0886 0.4895 0.5906, 0.0886 0.4895 1.5761, 0.0843 0.4913 1.5757, 0.0838 0.4915 0.5906, 0.0838 0.4914 1.5757, -0.0425 0.4221 1.7819, -0.0424 0.4227 1.782, -0.0409 0.426 1.7825, -0.0403 0.4271 1.7826, -0.0373 0.431 1.7829, -0.0357 0.4323 1.7828, -0.0334 0.434 1.7826, -0.029 0.4361 1.782, -0.0284 0.4362 1.7819, 0.0243 0.4355 1.7849, -0.0243 0.4355 1.7849, 0.0243 0.4354 1.785, -0.0243 0.4354 1.785, 0.0243 0.4331 1.7885, -0.0243 0.4331 1.7885, 0.0243 0.433 1.7885, -0.0243 0.433 1.7885, 0.0243 0.43 1.7914, -0.0243 0.43 1.7914, 0.0243 0.4299 1.7915, -0.0243 0.4299 1.7915, 0.0243 0.4263 1.7937, -0.0243 0.4263 1.7937, 0.0243 0.4263 1.7937, -0.0243 0.4263 1.7937, 0.0243 0.4223 1.7951, -0.0243 0.4223 1.7951, 0.0243 0.4222 1.7951, -0.0243 0.4222 1.7951, 0.029 0.4361 1.782, 0.0291 0.436 1.782, 0.0334 0.434 1.7826, 0.0335 0.434 1.7826, 0.0373 0.431 1.7829, 0.0403 0.4272 1.7826, 0.0403 0.4271 1.7826, 0.0423 0.4228 1.782, 0.0424 0.4227 1.782, -0.0977 0.3099 1.5757, -0.0978 0.3099 0.5906, -0.0976 0.3094 1.5757, -0.0958 0.3051 0.5906, -0.0958 0.3051 1.5761, -0.0957 0.3049 1.5761, -0.0927 0.301 0.5906, -0.0927 0.301 1.5762, -0.0888 0.298 1.5761, -0.0886 0.2979 0.5906, -0.0886 0.2979 1.5761, -0.0843 0.2961 1.5757, -0.0838 0.2959 0.5906, -0.0838 0.296 1.5757, -0.0417 0.418 1.785, -0.0394 0.418 1.7885, -0.039 0.4213 1.7885, -0.0393 0.418 1.7885, -0.0363 0.418 1.7914, -0.036 0.4206 1.7914, -0.0324 0.4198 1.7937, -0.0284 0.4189 1.7951, -0.0281 0.4198 1.7951, -0.0261 0.4218 1.7951, -0.0269 0.4213 1.7951, -0.0252 0.4221 1.7951, -0.0285 0.418 1.7951, -0.0413 0.4219 1.7849, -0.04 0.4256 1.7849, -0.038 0.4289 1.7849, -0.0352 0.4317 1.7849, -0.0319 0.4338 1.7849, -0.0282 0.435 1.7849, -0.0362 0.418 1.7915, -0.0326 0.418 1.7937, -0.0326 0.418 1.7937, -0.0286 0.418 1.7951, -0.0308 0.4232 1.7937, -0.0295 0.4245 1.7937, -0.0279 0.4255 1.7937, -0.0261 0.4261 1.7937, -0.0318 0.4216 1.7937, -0.0276 0.4206 1.7951, -0.0351 0.4232 1.7914, -0.0337 0.4255 1.7914, -0.0318 0.4274 1.7914, -0.0295 0.4288 1.7914, -0.0269 0.4297 1.7914, -0.0379 0.4245 1.7885, -0.0361 0.4274 1.7885, -0.0337 0.4298 1.7885, -0.0308 0.4316 1.7885, -0.0276 0.4327 1.7885, -0.0418 0.418 1.7849, 0.0274 0.4296 1.7914, 0.0264 0.426 1.7937, 0.0254 0.4221 1.7951, 0.0264 0.4217 1.7951, 0.028 0.4201 1.7951, 0.0273 0.421 1.7951, 0.0284 0.4191 1.7951, 0.0288 0.4349 1.7849, 0.033 0.4331 1.7849, 0.0367 0.4304 1.7849, 0.0394 0.4267 1.7849, 0.0412 0.4225 1.7849, 0.0418 0.418 1.7849, 0.0285 0.418 1.7951, 0.0284 0.4252 1.7937, 0.0302 0.4239 1.7937, 0.0315 0.4221 1.7937, 0.0323 0.4201 1.7937, 0.0286 0.418 1.7951, 0.0326 0.418 1.7937, 0.0326 0.418 1.7937, 0.0362 0.418 1.7915, 0.0303 0.4284 1.7914, 0.0328 0.4265 1.7914, 0.0347 0.424 1.7914, 0.0359 0.4211 1.7914, 0.0282 0.4326 1.7885, 0.0318 0.4311 1.7885, 0.035 0.4287 1.7885, 0.0374 0.4255 1.7885, 0.0389 0.4219 1.7885, 0.0363 0.418 1.7914, 0.0393 0.418 1.7885, 0.0394 0.418 1.7885, 0.0417 0.418 1.785, 0.0838 0.296 1.5757, 0.0838 0.2959 0.5906, 0.0843 0.2961 1.5757, 0.0886 0.2979 0.5906, 0.0886 0.2979 1.5761, 0.0888 0.298 1.5761, 0.0927 0.301 0.5906, 0.0927 0.301 1.5762, 0.0957 0.3049 1.5761, 0.0958 0.3051 0.5906, 0.0958 0.3051 1.5761, 0.0976 0.3094 1.5757, 0.0978 0.3099 0.5906, 0.0977 0.3099 1.5757, -0.029 0.3513 1.782, -0.0291 0.3514 1.782, -0.0334 0.3534 1.7826, -0.0335 0.3534 1.7826, -0.0373 0.3564 1.7829, -0.0403 0.3602 1.7826, -0.0403 0.3603 1.7826, -0.0423 0.3646 1.782, -0.0424 0.3647 1.782, -0.0418 0.3694 1.7849, -0.0417 0.3694 1.785, -0.0394 0.3694 1.7885, -0.0393 0.3694 1.7885, -0.0363 0.3694 1.7914, -0.0362 0.3694 1.7915, -0.0326 0.3694 1.7937, -0.0326 0.3694 1.7937, -0.0286 0.3694 1.7951, -0.0285 0.3694 1.7951, 0.0418 0.3694 1.7849, 0.0417 0.3694 1.785, 0.0394 0.3694 1.7885, 0.0393 0.3694 1.7885, 0.0363 0.3694 1.7914, 0.0362 0.3694 1.7915, 0.0326 0.3694 1.7937, 0.0326 0.3694 1.7937, 0.0286 0.3694 1.7951, 0.0285 0.3694 1.7951, 0.0424 0.3647 1.782, 0.0423 0.3646 1.782, 0.0403 0.3603 1.7826, 0.0403 0.3602 1.7826, 0.0373 0.3564 1.7829, 0.0335 0.3534 1.7826, 0.0334 0.3534 1.7826, 0.0291 0.3514 1.782, 0.029 0.3513 1.782, -0.0243 0.3544 1.7885, -0.0243 0.3574 1.7914, -0.0274 0.3578 1.7914, -0.0264 0.3614 1.7937, -0.0254 0.3653 1.7951, -0.0264 0.3657 1.7951, -0.028 0.3673 1.7951, -0.0273 0.3664 1.7951, -0.0284 0.3683 1.7951, -0.0243 0.3652 1.7951, -0.0288 0.3525 1.7849, -0.033 0.3543 1.7849, -0.0367 0.357 1.7849, -0.0394 0.3607 1.7849, -0.0412 0.3649 1.7849, -0.0243 0.3575 1.7915, -0.0243 0.3611 1.7937, -0.0243 0.3611 1.7937, -0.0243 0.3651 1.7951, -0.0284 0.3622 1.7937, -0.0302 0.3635 1.7937, -0.0315 0.3653 1.7937, -0.0323 0.3673 1.7937, -0.0303 0.359 1.7914, -0.0328 0.3609 1.7914, -0.0347 0.3634 1.7914, -0.0359 0.3663 1.7914, -0.0243 0.352 1.785, -0.0243 0.3543 1.7885, -0.0282 0.3548 1.7885, -0.0318 0.3563 1.7885, -0.035 0.3587 1.7885, -0.0374 0.3619 1.7885, -0.0389 0.3655 1.7885, -0.0243 0.3519 1.7849, 0.0359 0.3663 1.7914, 0.0323 0.3673 1.7937, 0.0284 0.3683 1.7951, 0.028 0.3673 1.7951, 0.0264 0.3657 1.7951, 0.0273 0.3664 1.7951, 0.0254 0.3653 1.7951, 0.0412 0.3649 1.7849, 0.0394 0.3607 1.7849, 0.0367 0.357 1.7849, 0.033 0.3543 1.7849, 0.0288 0.3525 1.7849, 0.0243 0.3519 1.7849, 0.0243 0.3652 1.7951, 0.0315 0.3653 1.7937, 0.0302 0.3635 1.7937, 0.0284 0.3622 1.7937, 0.0264 0.3614 1.7937, 0.0243 0.3651 1.7951, 0.0243 0.3611 1.7937, 0.0243 0.3611 1.7937, 0.0243 0.3575 1.7915, 0.0347 0.3634 1.7914, 0.0328 0.3609 1.7914, 0.0303 0.359 1.7914, 0.0274 0.3578 1.7914, 0.0389 0.3655 1.7885, 0.0374 0.3619 1.7885, 0.035 0.3587 1.7885, 0.0318 0.3563 1.7885, 0.0282 0.3548 1.7885, 0.0243 0.3574 1.7914, 0.0243 0.3544 1.7885, 0.0243 0.3543 1.7885, 0.0243 0.352 1.785, -0.0838 0.296 -0.9612, -0.0838 0.2959 0.0, -0.0843 0.2961 -0.9613, -0.0886 0.2979 0.0, -0.0886 0.2979 -0.9616, -0.0888 0.298 -0.9616, -0.0927 0.301 0.0, -0.0927 0.301 -0.9617, -0.0957 0.3049 -0.9616, -0.0958 0.3051 0.0, -0.0958 0.3051 -0.9616, -0.0976 0.3094 -0.9613, -0.0978 0.3099 0.0, -0.0977 0.3099 -0.9612, 0.0977 0.3099 -0.9612, 0.0978 0.3099 0.0, 0.0976 0.3094 -0.9613, 0.0958 0.3051 0.0, 0.0958 0.3051 -0.9616, 0.0957 0.3049 -0.9616, 0.0927 0.301 0.0, 0.0927 0.301 -0.9617, 0.0888 0.298 -0.9616, 0.0886 0.2979 0.0, 0.0886 0.2979 -0.9616, 0.0843 0.2961 -0.9613, 0.0838 0.2959 0.0, 0.0838 0.296 -0.9612, -0.0424 0.3647 -1.1675, -0.0423 0.3646 -1.1675, -0.0403 0.3603 -1.1682, -0.0403 0.3602 -1.1682, -0.0373 0.3564 -1.1684, -0.0335 0.3534 -1.1682, -0.0334 0.3534 -1.1682, -0.0291 0.3514 -1.1675, -0.029 0.3513 -1.1675, 0.0243 0.3519 -1.1704, -0.0243 0.3519 -1.1704, 0.0243 0.3525 -1.1712, -0.0243 0.3525 -1.1712, 0.0243 0.3543 -1.174, -0.0243 0.3543 -1.174, 0.0243 0.3556 -1.1753, -0.0243 0.3556 -1.1753, 0.0243 0.3574 -1.177, -0.0243 0.3574 -1.177, 0.0243 0.3597 -1.1784, -0.0243 0.3597 -1.1784, 0.0243 0.3611 -1.1792, -0.0243 0.3611 -1.1792, 0.0243 0.3644 -1.1804, -0.0243 0.3644 -1.1804, 0.0243 0.3651 -1.1806, -0.0243 0.3651 -1.1806, 0.029 0.3513 -1.1675, 0.0291 0.3514 -1.1675, 0.0334 0.3534 -1.1682, 0.0335 0.3534 -1.1682, 0.0373 0.3564 -1.1684, 0.0403 0.3602 -1.1682, 0.0403 0.3603 -1.1682, 0.0423 0.3646 -1.1675, 0.0424 0.3647 -1.1675, -0.0977 0.4775 -0.9612, -0.0978 0.4775 0.0, -0.0976 0.478 -0.9613, -0.0958 0.4823 0.0, -0.0958 0.4823 -0.9616, -0.0957 0.4825 -0.9616, -0.0927 0.4864 0.0, -0.0927 0.4864 -0.9617, -0.0888 0.4894 -0.9616, -0.0886 0.4895 0.0, -0.0886 0.4895 -0.9616, -0.0843 0.4913 -0.9613, -0.0838 0.4915 0.0, -0.0838 0.4914 -0.9612, -0.028 0.3673 -1.1806, -0.0284 0.3683 -1.1806, -0.0264 0.3657 -1.1806, -0.0273 0.3664 -1.1806, -0.0293 0.3694 -1.1804, -0.0286 0.3694 -1.1806, -0.0264 0.3614 -1.1792, -0.0412 0.3649 -1.1704, -0.0394 0.3607 -1.1704, -0.0367 0.357 -1.1704, -0.033 0.3543 -1.1704, -0.0288 0.3525 -1.1704, -0.0282 0.3548 -1.174, -0.0412 0.3694 -1.1712, -0.0418 0.3694 -1.1704, -0.0389 0.3655 -1.174, -0.0374 0.3619 -1.174, -0.035 0.3587 -1.174, -0.0318 0.3563 -1.174, -0.0274 0.3578 -1.177, -0.0303 0.359 -1.177, -0.0328 0.3609 -1.177, -0.0347 0.3634 -1.177, -0.0359 0.3663 -1.177, -0.0394 0.3694 -1.174, -0.0381 0.3694 -1.1753, -0.0363 0.3694 -1.177, -0.034 0.3694 -1.1784, -0.0284 0.3622 -1.1792, -0.0302 0.3635 -1.1792, -0.0315 0.3653 -1.1792, -0.0323 0.3673 -1.1792, -0.0326 0.3694 -1.1792, -0.0254 0.3653 -1.1806, 0.0264 0.3657 -1.1806, 0.0254 0.3653 -1.1806, 0.028 0.3673 -1.1806, 0.0273 0.3664 -1.1806, 0.0293 0.3694 -1.1804, 0.0326 0.3694 -1.1792, 0.0323 0.3673 -1.1792, 0.0288 0.3525 -1.1704, 0.033 0.3543 -1.1704, 0.0367 0.357 -1.1704, 0.0394 0.3607 -1.1704, 0.0412 0.3649 -1.1704, 0.0418 0.3694 -1.1704, 0.0381 0.3694 -1.1753, 0.0394 0.3694 -1.174, 0.0389 0.3655 -1.174, 0.0412 0.3694 -1.1712, 0.0282 0.3548 -1.174, 0.0318 0.3563 -1.174, 0.035 0.3587 -1.174, 0.0374 0.3619 -1.174, 0.0359 0.3663 -1.177, 0.0347 0.3634 -1.177, 0.0328 0.3609 -1.177, 0.0303 0.359 -1.177, 0.0274 0.3578 -1.177, 0.034 0.3694 -1.1784, 0.0363 0.3694 -1.177, 0.0315 0.3653 -1.1792, 0.0302 0.3635 -1.1792, 0.0284 0.3622 -1.1792, 0.0264 0.3614 -1.1792, 0.0286 0.3694 -1.1806, 0.0284 0.3683 -1.1806, 0.0838 0.4914 -0.9612, 0.0838 0.4915 0.0, 0.0843 0.4913 -0.9613, 0.0886 0.4895 0.0, 0.0886 0.4895 -0.9616, 0.0888 0.4894 -0.9616, 0.0927 0.4864 0.0, 0.0927 0.4864 -0.9617, 0.0957 0.4825 -0.9616, 0.0958 0.4823 0.0, 0.0958 0.4823 -0.9616, 0.0976 0.478 -0.9613, 0.0978 0.4775 0.0, 0.0977 0.4775 -0.9612, -0.029 0.4361 -1.1675, -0.0291 0.436 -1.1675, -0.0334 0.434 -1.1682, -0.0335 0.434 -1.1682, -0.0373 0.431 -1.1684, -0.0403 0.4272 -1.1682, -0.0403 0.4271 -1.1682, -0.0423 0.4228 -1.1675, -0.0424 0.4227 -1.1675, -0.0418 0.418 -1.1704, -0.0412 0.418 -1.1712, -0.0394 0.418 -1.174, -0.0381 0.418 -1.1753, -0.0363 0.418 -1.177, -0.034 0.418 -1.1784, -0.0326 0.418 -1.1792, -0.0293 0.418 -1.1804, -0.0286 0.418 -1.1806, 0.0286 0.418 -1.1806, 0.0293 0.418 -1.1804, 0.0326 0.418 -1.1792, 0.034 0.418 -1.1784, 0.0363 0.418 -1.177, 0.0381 0.418 -1.1753, 0.0394 0.418 -1.174, 0.0412 0.418 -1.1712, 0.0418 0.418 -1.1704, 0.0424 0.4227 -1.1675, 0.0423 0.4228 -1.1675, 0.0403 0.4271 -1.1682, 0.0403 0.4272 -1.1682, 0.0373 0.431 -1.1684, 0.0335 0.434 -1.1682, 0.0334 0.434 -1.1682, 0.0291 0.436 -1.1675, 0.029 0.4361 -1.1675, -0.0264 0.4217 -1.1806, -0.0254 0.4221 -1.1806, -0.028 0.4201 -1.1806, -0.0273 0.421 -1.1806, -0.0243 0.423 -1.1804, -0.0243 0.4223 -1.1806, -0.0323 0.4201 -1.1792, -0.0288 0.4349 -1.1704, -0.033 0.4331 -1.1704, -0.0367 0.4304 -1.1704, -0.0394 0.4267 -1.1704, -0.0412 0.4225 -1.1704, -0.0389 0.4219 -1.174, -0.0243 0.4349 -1.1712, -0.0243 0.4355 -1.1704, -0.0282 0.4326 -1.174, -0.0318 0.4311 -1.174, -0.035 0.4287 -1.174, -0.0374 0.4255 -1.174, -0.0359 0.4211 -1.177, -0.0347 0.424 -1.177, -0.0328 0.4265 -1.177, -0.0303 0.4284 -1.177, -0.0274 0.4296 -1.177, -0.0243 0.4331 -1.174, -0.0243 0.4318 -1.1753, -0.0243 0.43 -1.177, -0.0243 0.4277 -1.1784, -0.0315 0.4221 -1.1792, -0.0302 0.4239 -1.1792, -0.0284 0.4252 -1.1792, -0.0264 0.426 -1.1792, -0.0243 0.4263 -1.1792, -0.0284 0.4191 -1.1806, 0.028 0.4201 -1.1806, 0.0284 0.4191 -1.1806, 0.0264 0.4217 -1.1806, 0.0273 0.421 -1.1806, 0.0243 0.423 -1.1804, 0.0243 0.4263 -1.1792, 0.0264 0.426 -1.1792, 0.0412 0.4225 -1.1704, 0.0394 0.4267 -1.1704, 0.0367 0.4304 -1.1704, 0.033 0.4331 -1.1704, 0.0288 0.4349 -1.1704, 0.0243 0.4355 -1.1704, 0.0243 0.4318 -1.1753, 0.0243 0.4331 -1.174, 0.0282 0.4326 -1.174, 0.0243 0.4349 -1.1712, 0.0389 0.4219 -1.174, 0.0374 0.4255 -1.174, 0.035 0.4287 -1.174, 0.0318 0.4311 -1.174, 0.0274 0.4296 -1.177, 0.0303 0.4284 -1.177, 0.0328 0.4265 -1.177, 0.0347 0.424 -1.177, 0.0359 0.4211 -1.177, 0.0243 0.4277 -1.1784, 0.0243 0.43 -1.177, 0.0284 0.4252 -1.1792, 0.0302 0.4239 -1.1792, 0.0315 0.4221 -1.1792, 0.0323 0.4201 -1.1792, 0.0243 0.4223 -1.1806, 0.0254 0.4221 -1.1806, -0.0838 -0.4914 -0.9612, -0.0838 -0.4915 0.0, -0.0843 -0.4913 -0.9613, -0.0886 -0.4895 0.0, -0.0886 -0.4895 -0.9616, -0.0888 -0.4894 -0.9616, -0.0927 -0.4864 0.0, -0.0927 -0.4864 -0.9617, -0.0957 -0.4825 -0.9616, -0.0958 -0.4823 0.0, -0.0958 -0.4823 -0.9616, -0.0976 -0.478 -0.9613, -0.0978 -0.4775 0.0, -0.0977 -0.4775 -0.9612, 0.0977 -0.4775 -0.9612, 0.0978 -0.4775 0.0, 0.0976 -0.478 -0.9613, 0.0958 -0.4823 0.0, 0.0958 -0.4823 -0.9616, 0.0957 -0.4825 -0.9616, 0.0927 -0.4864 0.0, 0.0927 -0.4864 -0.9617, 0.0888 -0.4894 -0.9616, 0.0886 -0.4895 0.0, 0.0886 -0.4895 -0.9616, 0.0843 -0.4913 -0.9613, 0.0838 -0.4915 0.0, 0.0838 -0.4914 -0.9612, -0.0424 -0.4227 -1.1675, -0.0423 -0.4228 -1.1675, -0.0403 -0.4271 -1.1682, -0.0403 -0.4272 -1.1682, -0.0373 -0.431 -1.1684, -0.0335 -0.434 -1.1682, -0.0334 -0.434 -1.1682, -0.0291 -0.436 -1.1675, -0.029 -0.4361 -1.1675, 0.0243 -0.4355 -1.1704, -0.0243 -0.4355 -1.1704, 0.0243 -0.4349 -1.1712, -0.0243 -0.4349 -1.1712, 0.0243 -0.4331 -1.174, -0.0243 -0.4331 -1.174, 0.0243 -0.4318 -1.1753, -0.0243 -0.4318 -1.1753, 0.0243 -0.43 -1.177, -0.0243 -0.43 -1.177, 0.0243 -0.4277 -1.1784, -0.0243 -0.4277 -1.1784, 0.0243 -0.4263 -1.1792, -0.0243 -0.4263 -1.1792, 0.0243 -0.423 -1.1804, -0.0243 -0.423 -1.1804, 0.0243 -0.4223 -1.1806, -0.0243 -0.4223 -1.1806, 0.029 -0.4361 -1.1675, 0.0291 -0.436 -1.1675, 0.0334 -0.434 -1.1682, 0.0335 -0.434 -1.1682, 0.0373 -0.431 -1.1684, 0.0403 -0.4272 -1.1682, 0.0403 -0.4271 -1.1682, 0.0423 -0.4228 -1.1675, 0.0424 -0.4227 -1.1675, -0.0977 -0.3099 -0.9612, -0.0978 -0.3099 0.0, -0.0976 -0.3094 -0.9613, -0.0958 -0.3051 0.0, -0.0958 -0.3051 -0.9616, -0.0957 -0.3049 -0.9616, -0.0927 -0.301 0.0, -0.0927 -0.301 -0.9617, -0.0888 -0.298 -0.9616, -0.0886 -0.2979 0.0, -0.0886 -0.2979 -0.9616, -0.0843 -0.2961 -0.9613, -0.0838 -0.2959 0.0, -0.0838 -0.296 -0.9612, -0.028 -0.4201 -1.1806, -0.0284 -0.4191 -1.1806, -0.0264 -0.4217 -1.1806, -0.0273 -0.421 -1.1806, -0.0293 -0.418 -1.1804, -0.0286 -0.418 -1.1806, -0.0264 -0.426 -1.1792, -0.0412 -0.4225 -1.1704, -0.0394 -0.4267 -1.1704, -0.0367 -0.4304 -1.1704, -0.033 -0.4331 -1.1704, -0.0288 -0.4349 -1.1704, -0.0282 -0.4326 -1.174, -0.0412 -0.418 -1.1712, -0.0418 -0.418 -1.1704, -0.0389 -0.4219 -1.174, -0.0374 -0.4255 -1.174, -0.035 -0.4287 -1.174, -0.0318 -0.4311 -1.174, -0.0274 -0.4296 -1.177, -0.0303 -0.4284 -1.177, -0.0328 -0.4265 -1.177, -0.0347 -0.424 -1.177, -0.0359 -0.4211 -1.177, -0.0394 -0.418 -1.174, -0.0381 -0.418 -1.1753, -0.0363 -0.418 -1.177, -0.034 -0.418 -1.1784, -0.0284 -0.4252 -1.1792, -0.0302 -0.4239 -1.1792, -0.0315 -0.4221 -1.1792, -0.0323 -0.4201 -1.1792, -0.0326 -0.418 -1.1792, -0.0254 -0.4221 -1.1806, 0.0264 -0.4217 -1.1806, 0.0254 -0.4221 -1.1806, 0.028 -0.4201 -1.1806, 0.0273 -0.421 -1.1806, 0.0293 -0.418 -1.1804, 0.0326 -0.418 -1.1792, 0.0323 -0.4201 -1.1792, 0.0288 -0.4349 -1.1704, 0.033 -0.4331 -1.1704, 0.0367 -0.4304 -1.1704, 0.0394 -0.4267 -1.1704, 0.0412 -0.4225 -1.1704, 0.0418 -0.418 -1.1704, 0.0381 -0.418 -1.1753, 0.0394 -0.418 -1.174, 0.0389 -0.4219 -1.174, 0.0412 -0.418 -1.1712, 0.0282 -0.4326 -1.174, 0.0318 -0.4311 -1.174, 0.035 -0.4287 -1.174, 0.0374 -0.4255 -1.174, 0.0359 -0.4211 -1.177, 0.0347 -0.424 -1.177, 0.0328 -0.4265 -1.177, 0.0303 -0.4284 -1.177, 0.0274 -0.4296 -1.177, 0.034 -0.418 -1.1784, 0.0363 -0.418 -1.177, 0.0315 -0.4221 -1.1792, 0.0302 -0.4239 -1.1792, 0.0284 -0.4252 -1.1792, 0.0264 -0.426 -1.1792, 0.0286 -0.418 -1.1806, 0.0284 -0.4191 -1.1806, 0.0838 -0.296 -0.9612, 0.0838 -0.2959 0.0, 0.0843 -0.2961 -0.9613, 0.0886 -0.2979 0.0, 0.0886 -0.2979 -0.9616, 0.0888 -0.298 -0.9616, 0.0927 -0.301 0.0, 0.0927 -0.301 -0.9617, 0.0957 -0.3049 -0.9616, 0.0958 -0.3051 0.0, 0.0958 -0.3051 -0.9616, 0.0976 -0.3094 -0.9613, 0.0978 -0.3099 0.0, 0.0977 -0.3099 -0.9612, -0.029 -0.3513 -1.1675, -0.0291 -0.3514 -1.1675, -0.0334 -0.3534 -1.1682, -0.0335 -0.3534 -1.1682, -0.0373 -0.3564 -1.1684, -0.0403 -0.3602 -1.1682, -0.0403 -0.3603 -1.1682, -0.0423 -0.3646 -1.1675, -0.0424 -0.3647 -1.1675, -0.0286 -0.3694 -1.1806, -0.0293 -0.3694 -1.1804, -0.0326 -0.3694 -1.1792, -0.034 -0.3694 -1.1784, -0.0363 -0.3694 -1.177, -0.0381 -0.3694 -1.1753, -0.0394 -0.3694 -1.174, -0.0412 -0.3694 -1.1712, -0.0418 -0.3694 -1.1704, 0.0418 -0.3694 -1.1704, 0.0412 -0.3694 -1.1712, 0.0394 -0.3694 -1.174, 0.0381 -0.3694 -1.1753, 0.0363 -0.3694 -1.177, 0.034 -0.3694 -1.1784, 0.0326 -0.3694 -1.1792, 0.0293 -0.3694 -1.1804, 0.0286 -0.3694 -1.1806, 0.0424 -0.3647 -1.1675, 0.0423 -0.3646 -1.1675, 0.0403 -0.3603 -1.1682, 0.0403 -0.3602 -1.1682, 0.0373 -0.3564 -1.1684, 0.0335 -0.3534 -1.1682, 0.0334 -0.3534 -1.1682, 0.0291 -0.3514 -1.1675, 0.029 -0.3513 -1.1675, -0.0264 -0.3657 -1.1806, -0.0254 -0.3653 -1.1806, -0.028 -0.3673 -1.1806, -0.0273 -0.3664 -1.1806, -0.0243 -0.3644 -1.1804, -0.0243 -0.3651 -1.1806, -0.0323 -0.3673 -1.1792, -0.0288 -0.3525 -1.1704, -0.033 -0.3543 -1.1704, -0.0367 -0.357 -1.1704, -0.0394 -0.3607 -1.1704, -0.0412 -0.3649 -1.1704, -0.0389 -0.3655 -1.174, -0.0243 -0.3525 -1.1712, -0.0243 -0.3519 -1.1704, -0.0282 -0.3548 -1.174, -0.0318 -0.3563 -1.174, -0.035 -0.3587 -1.174, -0.0374 -0.3619 -1.174, -0.0359 -0.3663 -1.177, -0.0347 -0.3634 -1.177, -0.0328 -0.3609 -1.177, -0.0303 -0.359 -1.177, -0.0274 -0.3578 -1.177, -0.0243 -0.3543 -1.174, -0.0243 -0.3556 -1.1753, -0.0243 -0.3574 -1.177, -0.0243 -0.3597 -1.1784, -0.0315 -0.3653 -1.1792, -0.0302 -0.3635 -1.1792, -0.0284 -0.3622 -1.1792, -0.0264 -0.3614 -1.1792, -0.0243 -0.3611 -1.1792, -0.0284 -0.3683 -1.1806, 0.028 -0.3673 -1.1806, 0.0284 -0.3683 -1.1806, 0.0264 -0.3657 -1.1806, 0.0273 -0.3664 -1.1806, 0.0243 -0.3644 -1.1804, 0.0243 -0.3611 -1.1792, 0.0264 -0.3614 -1.1792, 0.0412 -0.3649 -1.1704, 0.0394 -0.3607 -1.1704, 0.0367 -0.357 -1.1704, 0.033 -0.3543 -1.1704, 0.0288 -0.3525 -1.1704, 0.0243 -0.3519 -1.1704, 0.0243 -0.3556 -1.1753, 0.0243 -0.3543 -1.174, 0.0282 -0.3548 -1.174, 0.0243 -0.3525 -1.1712, 0.0389 -0.3655 -1.174, 0.0374 -0.3619 -1.174, 0.035 -0.3587 -1.174, 0.0318 -0.3563 -1.174, 0.0274 -0.3578 -1.177, 0.0303 -0.359 -1.177, 0.0328 -0.3609 -1.177, 0.0347 -0.3634 -1.177, 0.0359 -0.3663 -1.177, 0.0243 -0.3597 -1.1784, 0.0243 -0.3574 -1.177, 0.0284 -0.3622 -1.1792, 0.0302 -0.3635 -1.1792, 0.0315 -0.3653 -1.1792, 0.0323 -0.3673 -1.1792, 0.0243 -0.3651 -1.1806, 0.0254 -0.3653 -1.1806, 0.7036 -0.296 1.5757, 0.7036 -0.2959 0.5906, 0.7031 -0.2961 1.5757, 0.6988 -0.2979 0.5906, 0.6988 -0.2979 1.5761, 0.6986 -0.298 1.5761, 0.6947 -0.301 0.5906, 0.6947 -0.301 1.5762, 0.6917 -0.3049 1.5761, 0.6916 -0.3051 0.5906, 0.6916 -0.3051 1.5761, 0.6898 -0.3094 1.5757, 0.6896 -0.3099 0.5906, 0.6897 -0.3099 1.5757, 0.8851 -0.3099 1.5757, 0.8852 -0.3099 0.5906, 0.885 -0.3094 1.5757, 0.8832 -0.3051 0.5906, 0.8832 -0.3051 1.5761, 0.8831 -0.3049 1.5761, 0.8801 -0.301 0.5906, 0.8801 -0.301 1.5762, 0.8762 -0.298 1.5761, 0.876 -0.2979 0.5906, 0.876 -0.2979 1.5761, 0.8717 -0.2961 1.5757, 0.8712 -0.2959 0.5906, 0.8712 -0.296 1.5757, 0.7449 -0.3653 1.7819, 0.745 -0.3647 1.782, 0.7465 -0.3614 1.7825, 0.7471 -0.3603 1.7826, 0.7501 -0.3564 1.7829, 0.7517 -0.3551 1.7828, 0.754 -0.3534 1.7826, 0.7584 -0.3513 1.782, 0.759 -0.3512 1.7819, 0.8117 -0.3652 1.7951, 0.8117 -0.3519 1.7849, 0.7631 -0.3519 1.7849, 0.8117 -0.352 1.785, 0.7631 -0.352 1.785, 0.8117 -0.3543 1.7885, 0.7631 -0.3543 1.7885, 0.8117 -0.3544 1.7885, 0.7631 -0.3544 1.7885, 0.8117 -0.3574 1.7914, 0.7631 -0.3574 1.7914, 0.8117 -0.3575 1.7915, 0.7631 -0.3575 1.7915, 0.8117 -0.3611 1.7937, 0.7631 -0.3611 1.7937, 0.8117 -0.3611 1.7937, 0.7631 -0.3611 1.7937, 0.8117 -0.3651 1.7951, 0.7631 -0.3651 1.7951, 0.7631 -0.3652 1.7951, 0.8164 -0.3513 1.782, 0.8165 -0.3514 1.782, 0.8208 -0.3534 1.7826, 0.8209 -0.3534 1.7826, 0.8247 -0.3564 1.7829, 0.8277 -0.3602 1.7826, 0.8277 -0.3603 1.7826, 0.8297 -0.3646 1.782, 0.8298 -0.3647 1.782, 0.6897 -0.4775 1.5757, 0.6896 -0.4775 0.5906, 0.6898 -0.478 1.5757, 0.6916 -0.4823 0.5906, 0.6916 -0.4823 1.5761, 0.6917 -0.4825 1.5761, 0.6947 -0.4864 0.5906, 0.6947 -0.4864 1.5762, 0.6986 -0.4894 1.5761, 0.6988 -0.4895 0.5906, 0.6988 -0.4895 1.5761, 0.7031 -0.4913 1.5757, 0.7036 -0.4915 0.5906, 0.7036 -0.4914 1.5757, 0.7457 -0.3694 1.785, 0.748 -0.3694 1.7885, 0.7484 -0.3661 1.7885, 0.7481 -0.3694 1.7885, 0.7511 -0.3694 1.7914, 0.7514 -0.3668 1.7914, 0.755 -0.3676 1.7937, 0.759 -0.3685 1.7951, 0.7593 -0.3676 1.7951, 0.7613 -0.3656 1.7951, 0.7605 -0.3661 1.7951, 0.7622 -0.3653 1.7951, 0.7589 -0.3694 1.7951, 0.7461 -0.3655 1.7849, 0.7474 -0.3618 1.7849, 0.7494 -0.3585 1.7849, 0.7522 -0.3557 1.7849, 0.7555 -0.3537 1.7849, 0.7592 -0.3524 1.7849, 0.7512 -0.3694 1.7915, 0.7548 -0.3694 1.7937, 0.7548 -0.3694 1.7937, 0.7589 -0.3694 1.7951, 0.7566 -0.3642 1.7937, 0.7579 -0.3629 1.7937, 0.7595 -0.3619 1.7937, 0.7613 -0.3613 1.7937, 0.7556 -0.3658 1.7937, 0.7598 -0.3668 1.7951, 0.7523 -0.3642 1.7914, 0.7537 -0.3619 1.7914, 0.7556 -0.36 1.7914, 0.7579 -0.3586 1.7914, 0.7605 -0.3577 1.7914, 0.7495 -0.3629 1.7885, 0.7513 -0.36 1.7885, 0.7537 -0.3576 1.7885, 0.7566 -0.3558 1.7885, 0.7598 -0.3547 1.7885, 0.7456 -0.3694 1.7849, 0.8148 -0.3578 1.7914, 0.8138 -0.3614 1.7937, 0.8128 -0.3653 1.7951, 0.8138 -0.3657 1.7951, 0.8154 -0.3673 1.7951, 0.8147 -0.3664 1.7951, 0.8158 -0.3683 1.7951, 0.8162 -0.3525 1.7849, 0.8204 -0.3543 1.7849, 0.8241 -0.357 1.7849, 0.8268 -0.3607 1.7849, 0.8286 -0.3649 1.7849, 0.8292 -0.3694 1.7849, 0.8159 -0.3694 1.7951, 0.8158 -0.3622 1.7937, 0.8176 -0.3635 1.7937, 0.8189 -0.3653 1.7937, 0.8197 -0.3673 1.7937, 0.816 -0.3694 1.7951, 0.82 -0.3694 1.7937, 0.82 -0.3694 1.7937, 0.8236 -0.3694 1.7915, 0.8177 -0.359 1.7914, 0.8202 -0.3609 1.7914, 0.8221 -0.3634 1.7914, 0.8233 -0.3663 1.7914, 0.8156 -0.3548 1.7885, 0.8192 -0.3563 1.7885, 0.8224 -0.3587 1.7885, 0.8248 -0.3619 1.7885, 0.8263 -0.3655 1.7885, 0.8237 -0.3694 1.7914, 0.8267 -0.3694 1.7885, 0.8268 -0.3694 1.7885, 0.8291 -0.3694 1.785, 0.8712 -0.4914 1.5757, 0.8712 -0.4915 0.5906, 0.8717 -0.4913 1.5757, 0.876 -0.4895 0.5906, 0.876 -0.4895 1.5761, 0.8762 -0.4894 1.5761, 0.8801 -0.4864 0.5906, 0.8801 -0.4864 1.5762, 0.8831 -0.4825 1.5761, 0.8832 -0.4823 0.5906, 0.8832 -0.4823 1.5761, 0.885 -0.478 1.5757, 0.8852 -0.4775 0.5906, 0.8851 -0.4775 1.5757, 0.759 -0.4362 1.7819, 0.7584 -0.4361 1.782, 0.7551 -0.4346 1.7825, 0.754 -0.434 1.7826, 0.7501 -0.431 1.7829, 0.7488 -0.4294 1.7828, 0.7471 -0.4271 1.7826, 0.745 -0.4227 1.782, 0.7449 -0.4221 1.7819, 0.7456 -0.418 1.7849, 0.7457 -0.418 1.785, 0.748 -0.418 1.7885, 0.7481 -0.418 1.7885, 0.7511 -0.418 1.7914, 0.7512 -0.418 1.7915, 0.7548 -0.418 1.7937, 0.7548 -0.418 1.7937, 0.7589 -0.418 1.7951, 0.7589 -0.418 1.7951, 0.8292 -0.418 1.7849, 0.8291 -0.418 1.785, 0.8268 -0.418 1.7885, 0.8267 -0.418 1.7885, 0.8237 -0.418 1.7914, 0.8236 -0.418 1.7915, 0.82 -0.418 1.7937, 0.82 -0.418 1.7937, 0.816 -0.418 1.7951, 0.8159 -0.418 1.7951, 0.8298 -0.4227 1.782, 0.8297 -0.4228 1.782, 0.8277 -0.4271 1.7826, 0.8277 -0.4272 1.7826, 0.8247 -0.431 1.7829, 0.8209 -0.434 1.7826, 0.8208 -0.434 1.7826, 0.8165 -0.436 1.782, 0.8164 -0.4361 1.782, 0.7631 -0.4354 1.785, 0.7631 -0.4331 1.7885, 0.7598 -0.4327 1.7885, 0.7631 -0.433 1.7885, 0.7631 -0.43 1.7914, 0.7605 -0.4297 1.7914, 0.7613 -0.4261 1.7937, 0.7622 -0.4221 1.7951, 0.7613 -0.4218 1.7951, 0.7593 -0.4198 1.7951, 0.7598 -0.4206 1.7951, 0.759 -0.4189 1.7951, 0.7631 -0.4222 1.7951, 0.7592 -0.435 1.7849, 0.7555 -0.4338 1.7849, 0.7522 -0.4317 1.7849, 0.7494 -0.4289 1.7849, 0.7474 -0.4256 1.7849, 0.7461 -0.4219 1.7849, 0.7631 -0.4299 1.7915, 0.7631 -0.4263 1.7937, 0.7631 -0.4263 1.7937, 0.7631 -0.4223 1.7951, 0.7579 -0.4245 1.7937, 0.7566 -0.4232 1.7937, 0.7556 -0.4216 1.7937, 0.755 -0.4198 1.7937, 0.7595 -0.4255 1.7937, 0.7605 -0.4213 1.7951, 0.7579 -0.4288 1.7914, 0.7556 -0.4274 1.7914, 0.7537 -0.4255 1.7914, 0.7523 -0.4232 1.7914, 0.7514 -0.4206 1.7914, 0.7566 -0.4316 1.7885, 0.7537 -0.4298 1.7885, 0.7513 -0.4274 1.7885, 0.7495 -0.4245 1.7885, 0.7484 -0.4213 1.7885, 0.7631 -0.4355 1.7849, 0.8233 -0.4211 1.7914, 0.8197 -0.4201 1.7937, 0.8158 -0.4191 1.7951, 0.8154 -0.4201 1.7951, 0.8138 -0.4217 1.7951, 0.8147 -0.421 1.7951, 0.8128 -0.4221 1.7951, 0.8286 -0.4225 1.7849, 0.8268 -0.4267 1.7849, 0.8241 -0.4304 1.7849, 0.8204 -0.4331 1.7849, 0.8162 -0.4349 1.7849, 0.8117 -0.4355 1.7849, 0.8117 -0.4222 1.7951, 0.8189 -0.4221 1.7937, 0.8176 -0.4239 1.7937, 0.8158 -0.4252 1.7937, 0.8138 -0.426 1.7937, 0.8117 -0.4223 1.7951, 0.8117 -0.4263 1.7937, 0.8117 -0.4263 1.7937, 0.8117 -0.4299 1.7915, 0.8221 -0.424 1.7914, 0.8202 -0.4265 1.7914, 0.8177 -0.4284 1.7914, 0.8148 -0.4296 1.7914, 0.8263 -0.4219 1.7885, 0.8248 -0.4255 1.7885, 0.8224 -0.4287 1.7885, 0.8192 -0.4311 1.7885, 0.8156 -0.4326 1.7885, 0.8117 -0.43 1.7914, 0.8117 -0.433 1.7885, 0.8117 -0.4331 1.7885, 0.8117 -0.4354 1.785, 0.7036 0.4914 1.5757, 0.7036 0.4915 0.5906, 0.7031 0.4913 1.5757, 0.6988 0.4895 0.5906, 0.6988 0.4895 1.5761, 0.6986 0.4894 1.5761, 0.6947 0.4864 0.5906, 0.6947 0.4864 1.5762, 0.6917 0.4825 1.5761, 0.6916 0.4823 0.5906, 0.6916 0.4823 1.5761, 0.6898 0.478 1.5757, 0.6896 0.4775 0.5906, 0.6897 0.4775 1.5757, 0.8851 0.4775 1.5757, 0.8852 0.4775 0.5906, 0.885 0.478 1.5757, 0.8832 0.4823 0.5906, 0.8832 0.4823 1.5761, 0.8831 0.4825 1.5761, 0.8801 0.4864 0.5906, 0.8801 0.4864 1.5762, 0.8762 0.4894 1.5761, 0.876 0.4895 0.5906, 0.876 0.4895 1.5761, 0.8717 0.4913 1.5757, 0.8712 0.4915 0.5906, 0.8712 0.4914 1.5757, 0.7449 0.4221 1.7819, 0.745 0.4227 1.782, 0.7465 0.426 1.7825, 0.7471 0.4271 1.7826, 0.7501 0.431 1.7829, 0.7517 0.4323 1.7828, 0.754 0.434 1.7826, 0.7584 0.4361 1.782, 0.759 0.4362 1.7819, 0.8117 0.4355 1.7849, 0.7631 0.4355 1.7849, 0.8117 0.4354 1.785, 0.7631 0.4354 1.785, 0.8117 0.4331 1.7885, 0.7631 0.4331 1.7885, 0.8117 0.433 1.7885, 0.7631 0.433 1.7885, 0.8117 0.43 1.7914, 0.7631 0.43 1.7914, 0.8117 0.4299 1.7915, 0.7631 0.4299 1.7915, 0.8117 0.4263 1.7937, 0.7631 0.4263 1.7937, 0.8117 0.4263 1.7937, 0.7631 0.4263 1.7937, 0.8117 0.4223 1.7951, 0.7631 0.4223 1.7951, 0.8117 0.4222 1.7951, 0.7631 0.4222 1.7951, 0.8164 0.4361 1.782, 0.8165 0.436 1.782, 0.8208 0.434 1.7826, 0.8209 0.434 1.7826, 0.8247 0.431 1.7829, 0.8277 0.4272 1.7826, 0.8277 0.4271 1.7826, 0.8297 0.4228 1.782, 0.8298 0.4227 1.782, 0.6897 0.3099 1.5757, 0.6896 0.3099 0.5906, 0.6898 0.3094 1.5757, 0.6916 0.3051 0.5906, 0.6916 0.3051 1.5761, 0.6917 0.3049 1.5761, 0.6947 0.301 0.5906, 0.6947 0.301 1.5762, 0.6986 0.298 1.5761, 0.6988 0.2979 0.5906, 0.6988 0.2979 1.5761, 0.7031 0.2961 1.5757, 0.7036 0.2959 0.5906, 0.7036 0.296 1.5757, 0.7457 0.418 1.785, 0.748 0.418 1.7885, 0.7484 0.4213 1.7885, 0.7481 0.418 1.7885, 0.7511 0.418 1.7914, 0.7514 0.4206 1.7914, 0.755 0.4198 1.7937, 0.759 0.4189 1.7951, 0.7593 0.4198 1.7951, 0.7613 0.4218 1.7951, 0.7605 0.4213 1.7951, 0.7622 0.4221 1.7951, 0.7589 0.418 1.7951, 0.7461 0.4219 1.7849, 0.7474 0.4256 1.7849, 0.7494 0.4289 1.7849, 0.7522 0.4317 1.7849, 0.7555 0.4338 1.7849, 0.7592 0.435 1.7849, 0.7512 0.418 1.7915, 0.7548 0.418 1.7937, 0.7548 0.418 1.7937, 0.7589 0.418 1.7951, 0.7566 0.4232 1.7937, 0.7579 0.4245 1.7937, 0.7595 0.4255 1.7937, 0.7613 0.4261 1.7937, 0.7556 0.4216 1.7937, 0.7598 0.4206 1.7951, 0.7523 0.4232 1.7914, 0.7537 0.4255 1.7914, 0.7556 0.4274 1.7914, 0.7579 0.4288 1.7914, 0.7605 0.4297 1.7914, 0.7495 0.4245 1.7885, 0.7513 0.4274 1.7885, 0.7537 0.4298 1.7885, 0.7566 0.4316 1.7885, 0.7598 0.4327 1.7885, 0.7456 0.418 1.7849, 0.8148 0.4296 1.7914, 0.8138 0.426 1.7937, 0.8128 0.4221 1.7951, 0.8138 0.4217 1.7951, 0.8154 0.4201 1.7951, 0.8147 0.421 1.7951, 0.8158 0.4191 1.7951, 0.8162 0.4349 1.7849, 0.8204 0.4331 1.7849, 0.8241 0.4304 1.7849, 0.8268 0.4267 1.7849, 0.8286 0.4225 1.7849, 0.8292 0.418 1.7849, 0.8159 0.418 1.7951, 0.8158 0.4252 1.7937, 0.8176 0.4239 1.7937, 0.8189 0.4221 1.7937, 0.8197 0.4201 1.7937, 0.816 0.418 1.7951, 0.82 0.418 1.7937, 0.82 0.418 1.7937, 0.8236 0.418 1.7915, 0.8177 0.4284 1.7914, 0.8202 0.4265 1.7914, 0.8221 0.424 1.7914, 0.8233 0.4211 1.7914, 0.8156 0.4326 1.7885, 0.8192 0.4311 1.7885, 0.8224 0.4287 1.7885, 0.8248 0.4255 1.7885, 0.8263 0.4219 1.7885, 0.8237 0.418 1.7914, 0.8267 0.418 1.7885, 0.8268 0.418 1.7885, 0.8291 0.418 1.785, 0.8712 0.296 1.5757, 0.8712 0.2959 0.5906, 0.8717 0.2961 1.5757, 0.876 0.2979 0.5906, 0.876 0.2979 1.5761, 0.8762 0.298 1.5761, 0.8801 0.301 0.5906, 0.8801 0.301 1.5762, 0.8831 0.3049 1.5761, 0.8832 0.3051 0.5906, 0.8832 0.3051 1.5761, 0.885 0.3094 1.5757, 0.8852 0.3099 0.5906, 0.8851 0.3099 1.5757, 0.759 0.3512 1.7819, 0.7584 0.3513 1.782, 0.7551 0.3528 1.7825, 0.754 0.3534 1.7826, 0.7501 0.3564 1.7829, 0.7488 0.358 1.7828, 0.7471 0.3603 1.7826, 0.745 0.3647 1.782, 0.7449 0.3653 1.7819, 0.7456 0.3694 1.7849, 0.7457 0.3694 1.785, 0.748 0.3694 1.7885, 0.7481 0.3694 1.7885, 0.7511 0.3694 1.7914, 0.7512 0.3694 1.7915, 0.7548 0.3694 1.7937, 0.7548 0.3694 1.7937, 0.7589 0.3694 1.7951, 0.7589 0.3694 1.7951, 0.8292 0.3694 1.7849, 0.8291 0.3694 1.785, 0.8268 0.3694 1.7885, 0.8267 0.3694 1.7885, 0.8237 0.3694 1.7914, 0.8236 0.3694 1.7915, 0.82 0.3694 1.7937, 0.82 0.3694 1.7937, 0.816 0.3694 1.7951, 0.8159 0.3694 1.7951, 0.8298 0.3647 1.782, 0.8297 0.3646 1.782, 0.8277 0.3603 1.7826, 0.8277 0.3602 1.7826, 0.8247 0.3564 1.7829, 0.8209 0.3534 1.7826, 0.8208 0.3534 1.7826, 0.8165 0.3514 1.782, 0.8164 0.3513 1.782, 0.7631 0.352 1.785, 0.7631 0.3543 1.7885, 0.7598 0.3547 1.7885, 0.7631 0.3544 1.7885, 0.7631 0.3574 1.7914, 0.7605 0.3577 1.7914, 0.7613 0.3613 1.7937, 0.7622 0.3653 1.7951, 0.7613 0.3656 1.7951, 0.7593 0.3676 1.7951, 0.7598 0.3668 1.7951, 0.759 0.3685 1.7951, 0.7631 0.3652 1.7951, 0.7592 0.3524 1.7849, 0.7555 0.3537 1.7849, 0.7522 0.3557 1.7849, 0.7494 0.3585 1.7849, 0.7474 0.3618 1.7849, 0.7461 0.3655 1.7849, 0.7631 0.3575 1.7915, 0.7631 0.3611 1.7937, 0.7631 0.3611 1.7937, 0.7631 0.3651 1.7951, 0.7579 0.3629 1.7937, 0.7566 0.3642 1.7937, 0.7556 0.3658 1.7937, 0.755 0.3676 1.7937, 0.7595 0.3619 1.7937, 0.7605 0.3661 1.7951, 0.7579 0.3586 1.7914, 0.7556 0.36 1.7914, 0.7537 0.3619 1.7914, 0.7523 0.3642 1.7914, 0.7514 0.3668 1.7914, 0.7566 0.3558 1.7885, 0.7537 0.3576 1.7885, 0.7513 0.36 1.7885, 0.7495 0.3629 1.7885, 0.7484 0.3661 1.7885, 0.7631 0.3519 1.7849, 0.8233 0.3663 1.7914, 0.8197 0.3673 1.7937, 0.8158 0.3683 1.7951, 0.8154 0.3673 1.7951, 0.8138 0.3657 1.7951, 0.8147 0.3664 1.7951, 0.8128 0.3653 1.7951, 0.8286 0.3649 1.7849, 0.8268 0.3607 1.7849, 0.8241 0.357 1.7849, 0.8204 0.3543 1.7849, 0.8162 0.3525 1.7849, 0.8117 0.3519 1.7849, 0.8117 0.3652 1.7951, 0.8189 0.3653 1.7937, 0.8176 0.3635 1.7937, 0.8158 0.3622 1.7937, 0.8138 0.3614 1.7937, 0.8117 0.3651 1.7951, 0.8117 0.3611 1.7937, 0.8117 0.3611 1.7937, 0.8117 0.3575 1.7915, 0.8221 0.3634 1.7914, 0.8202 0.3609 1.7914, 0.8177 0.359 1.7914, 0.8148 0.3578 1.7914, 0.8263 0.3655 1.7885, 0.8248 0.3619 1.7885, 0.8224 0.3587 1.7885, 0.8192 0.3563 1.7885, 0.8156 0.3548 1.7885, 0.8117 0.3574 1.7914, 0.8117 0.3544 1.7885, 0.8117 0.3543 1.7885, 0.8117 0.352 1.785, 0.7036 0.296 -0.9612, 0.7036 0.2959 0.0, 0.7031 0.2961 -0.9613, 0.6988 0.2979 0.0, 0.6988 0.2979 -0.9616, 0.6986 0.298 -0.9616, 0.6947 0.301 0.0, 0.6947 0.301 -0.9617, 0.6917 0.3049 -0.9616, 0.6916 0.3051 0.0, 0.6916 0.3051 -0.9616, 0.6898 0.3094 -0.9613, 0.6896 0.3099 0.0, 0.6897 0.3099 -0.9612, 0.8851 0.3099 -0.9612, 0.8852 0.3099 0.0, 0.885 0.3094 -0.9613, 0.8832 0.3051 0.0, 0.8832 0.3051 -0.9616, 0.8831 0.3049 -0.9616, 0.8801 0.301 0.0, 0.8801 0.301 -0.9617, 0.8762 0.298 -0.9616, 0.876 0.2979 0.0, 0.876 0.2979 -0.9616, 0.8717 0.2961 -0.9613, 0.8712 0.2959 0.0, 0.8712 0.296 -0.9612, 0.745 0.3647 -1.1675, 0.7451 0.3646 -1.1675, 0.7471 0.3603 -1.1682, 0.7471 0.3602 -1.1682, 0.7501 0.3564 -1.1684, 0.7539 0.3534 -1.1682, 0.754 0.3534 -1.1682, 0.7583 0.3514 -1.1675, 0.7584 0.3513 -1.1675, 0.7631 0.3651 -1.1806, 0.8117 0.3651 -1.1806, 0.7631 0.3644 -1.1804, 0.8117 0.3644 -1.1804, 0.7631 0.3611 -1.1792, 0.8117 0.3611 -1.1792, 0.7631 0.3597 -1.1784, 0.8117 0.3597 -1.1784, 0.7631 0.3574 -1.177, 0.8117 0.3574 -1.177, 0.7631 0.3556 -1.1753, 0.8117 0.3556 -1.1753, 0.7631 0.3543 -1.174, 0.8117 0.3543 -1.174, 0.7631 0.3525 -1.1712, 0.8117 0.3525 -1.1712, 0.7631 0.3519 -1.1704, 0.8117 0.3519 -1.1704, 0.8164 0.3513 -1.1675, 0.8165 0.3514 -1.1675, 0.8208 0.3534 -1.1682, 0.8209 0.3534 -1.1682, 0.8247 0.3564 -1.1684, 0.8277 0.3602 -1.1682, 0.8277 0.3603 -1.1682, 0.8297 0.3646 -1.1675, 0.8298 0.3647 -1.1675, 0.6897 0.4775 -0.9612, 0.6896 0.4775 0.0, 0.6898 0.478 -0.9613, 0.6916 0.4823 0.0, 0.6916 0.4823 -0.9616, 0.6917 0.4825 -0.9616, 0.6947 0.4864 0.0, 0.6947 0.4864 -0.9617, 0.6986 0.4894 -0.9616, 0.6988 0.4895 0.0, 0.6988 0.4895 -0.9616, 0.7031 0.4913 -0.9613, 0.7036 0.4915 0.0, 0.7036 0.4914 -0.9612, 0.7594 0.3673 -1.1806, 0.759 0.3683 -1.1806, 0.761 0.3657 -1.1806, 0.7601 0.3664 -1.1806, 0.7581 0.3694 -1.1804, 0.7589 0.3694 -1.1806, 0.761 0.3614 -1.1792, 0.7462 0.3649 -1.1704, 0.748 0.3607 -1.1704, 0.7507 0.357 -1.1704, 0.7544 0.3543 -1.1704, 0.7586 0.3525 -1.1704, 0.7592 0.3548 -1.174, 0.7462 0.3694 -1.1712, 0.7456 0.3694 -1.1704, 0.7485 0.3655 -1.174, 0.75 0.3619 -1.174, 0.7524 0.3587 -1.174, 0.7556 0.3563 -1.174, 0.76 0.3578 -1.177, 0.7571 0.359 -1.177, 0.7546 0.3609 -1.177, 0.7527 0.3634 -1.177, 0.7515 0.3663 -1.177, 0.748 0.3694 -1.174, 0.7493 0.3694 -1.1753, 0.7511 0.3694 -1.177, 0.7534 0.3694 -1.1784, 0.759 0.3622 -1.1792, 0.7572 0.3635 -1.1792, 0.7559 0.3653 -1.1792, 0.7551 0.3673 -1.1792, 0.7548 0.3694 -1.1792, 0.762 0.3653 -1.1806, 0.8138 0.3657 -1.1806, 0.8128 0.3653 -1.1806, 0.8154 0.3673 -1.1806, 0.8147 0.3664 -1.1806, 0.8167 0.3694 -1.1804, 0.82 0.3694 -1.1792, 0.8197 0.3673 -1.1792, 0.8162 0.3525 -1.1704, 0.8204 0.3543 -1.1704, 0.8241 0.357 -1.1704, 0.8268 0.3607 -1.1704, 0.8286 0.3649 -1.1704, 0.8292 0.3694 -1.1704, 0.8255 0.3694 -1.1753, 0.8268 0.3694 -1.174, 0.8263 0.3655 -1.174, 0.8286 0.3694 -1.1712, 0.8156 0.3548 -1.174, 0.8192 0.3563 -1.174, 0.8224 0.3587 -1.174, 0.8248 0.3619 -1.174, 0.8233 0.3663 -1.177, 0.8221 0.3634 -1.177, 0.8202 0.3609 -1.177, 0.8177 0.359 -1.177, 0.8148 0.3578 -1.177, 0.8215 0.3694 -1.1784, 0.8237 0.3694 -1.177, 0.8189 0.3653 -1.1792, 0.8176 0.3635 -1.1792, 0.8158 0.3622 -1.1792, 0.8138 0.3614 -1.1792, 0.816 0.3694 -1.1806, 0.8158 0.3683 -1.1806, 0.8712 0.4914 -0.9612, 0.8712 0.4915 0.0, 0.8717 0.4913 -0.9613, 0.876 0.4895 0.0, 0.876 0.4895 -0.9616, 0.8762 0.4894 -0.9616, 0.8801 0.4864 0.0, 0.8801 0.4864 -0.9617, 0.8831 0.4825 -0.9616, 0.8832 0.4823 0.0, 0.8832 0.4823 -0.9616, 0.885 0.478 -0.9613, 0.8852 0.4775 0.0, 0.8851 0.4775 -0.9612, 0.7584 0.4361 -1.1675, 0.7583 0.436 -1.1675, 0.754 0.434 -1.1682, 0.7539 0.434 -1.1682, 0.7501 0.431 -1.1684, 0.7471 0.4272 -1.1682, 0.7471 0.4271 -1.1682, 0.7451 0.4228 -1.1675, 0.745 0.4227 -1.1675, 0.7589 0.418 -1.1806, 0.7581 0.418 -1.1804, 0.7548 0.418 -1.1792, 0.7534 0.418 -1.1784, 0.7511 0.418 -1.177, 0.7493 0.418 -1.1753, 0.748 0.418 -1.174, 0.7462 0.418 -1.1712, 0.7456 0.418 -1.1704, 0.8292 0.418 -1.1704, 0.8286 0.418 -1.1712, 0.8268 0.418 -1.174, 0.8255 0.418 -1.1753, 0.8237 0.418 -1.177, 0.8215 0.418 -1.1784, 0.82 0.418 -1.1792, 0.8167 0.418 -1.1804, 0.816 0.418 -1.1806, 0.8298 0.4227 -1.1675, 0.8297 0.4228 -1.1675, 0.8277 0.4271 -1.1682, 0.8277 0.4272 -1.1682, 0.8247 0.431 -1.1684, 0.8209 0.434 -1.1682, 0.8208 0.434 -1.1682, 0.8165 0.436 -1.1675, 0.8164 0.4361 -1.1675, 0.761 0.4217 -1.1806, 0.762 0.4221 -1.1806, 0.7594 0.4201 -1.1806, 0.7601 0.421 -1.1806, 0.7631 0.423 -1.1804, 0.7631 0.4223 -1.1806, 0.7551 0.4201 -1.1792, 0.7586 0.4349 -1.1704, 0.7544 0.4331 -1.1704, 0.7507 0.4304 -1.1704, 0.748 0.4267 -1.1704, 0.7462 0.4225 -1.1704, 0.7485 0.4219 -1.174, 0.7631 0.4349 -1.1712, 0.7631 0.4355 -1.1704, 0.7592 0.4326 -1.174, 0.7556 0.4311 -1.174, 0.7524 0.4287 -1.174, 0.75 0.4255 -1.174, 0.7515 0.4211 -1.177, 0.7527 0.424 -1.177, 0.7546 0.4265 -1.177, 0.7571 0.4284 -1.177, 0.76 0.4296 -1.177, 0.7631 0.4331 -1.174, 0.7631 0.4318 -1.1753, 0.7631 0.43 -1.177, 0.7631 0.4277 -1.1784, 0.7559 0.4221 -1.1792, 0.7572 0.4239 -1.1792, 0.759 0.4252 -1.1792, 0.761 0.426 -1.1792, 0.7631 0.4263 -1.1792, 0.759 0.4191 -1.1806, 0.8154 0.4201 -1.1806, 0.8158 0.4191 -1.1806, 0.8138 0.4217 -1.1806, 0.8147 0.421 -1.1806, 0.8117 0.423 -1.1804, 0.8117 0.4263 -1.1792, 0.8138 0.426 -1.1792, 0.8286 0.4225 -1.1704, 0.8268 0.4267 -1.1704, 0.8241 0.4304 -1.1704, 0.8204 0.4331 -1.1704, 0.8162 0.4349 -1.1704, 0.8117 0.4355 -1.1704, 0.8117 0.4318 -1.1753, 0.8117 0.4331 -1.174, 0.8156 0.4326 -1.174, 0.8117 0.4349 -1.1712, 0.8263 0.4219 -1.174, 0.8248 0.4255 -1.174, 0.8224 0.4287 -1.174, 0.8192 0.4311 -1.174, 0.8148 0.4296 -1.177, 0.8177 0.4284 -1.177, 0.8202 0.4265 -1.177, 0.8221 0.424 -1.177, 0.8233 0.4211 -1.177, 0.8117 0.4277 -1.1784, 0.8117 0.43 -1.177, 0.8158 0.4252 -1.1792, 0.8176 0.4239 -1.1792, 0.8189 0.4221 -1.1792, 0.8197 0.4201 -1.1792, 0.8117 0.4223 -1.1806, 0.8128 0.4221 -1.1806, 0.7036 -0.4914 -0.9612, 0.7036 -0.4915 0.0, 0.7031 -0.4913 -0.9613, 0.6988 -0.4895 0.0, 0.6988 -0.4895 -0.9616, 0.6986 -0.4894 -0.9616, 0.6947 -0.4864 0.0, 0.6947 -0.4864 -0.9617, 0.6917 -0.4825 -0.9616, 0.6916 -0.4823 0.0, 0.6916 -0.4823 -0.9616, 0.6898 -0.478 -0.9613, 0.6896 -0.4775 0.0, 0.6897 -0.4775 -0.9612, 0.8851 -0.4775 -0.9612, 0.8852 -0.4775 0.0, 0.885 -0.478 -0.9613, 0.8832 -0.4823 0.0, 0.8832 -0.4823 -0.9616, 0.8831 -0.4825 -0.9616, 0.8801 -0.4864 0.0, 0.8801 -0.4864 -0.9617, 0.8762 -0.4894 -0.9616, 0.876 -0.4895 0.0, 0.876 -0.4895 -0.9616, 0.8717 -0.4913 -0.9613, 0.8712 -0.4915 0.0, 0.8712 -0.4914 -0.9612, 0.745 -0.4227 -1.1675, 0.7451 -0.4228 -1.1675, 0.7471 -0.4271 -1.1682, 0.7471 -0.4272 -1.1682, 0.7501 -0.431 -1.1684, 0.7539 -0.434 -1.1682, 0.754 -0.434 -1.1682, 0.7583 -0.436 -1.1675, 0.7584 -0.4361 -1.1675, 0.8117 -0.4355 -1.1704, 0.7631 -0.4355 -1.1704, 0.8117 -0.4349 -1.1712, 0.7631 -0.4349 -1.1712, 0.8117 -0.4331 -1.174, 0.7631 -0.4331 -1.174, 0.8117 -0.4318 -1.1753, 0.7631 -0.4318 -1.1753, 0.8117 -0.43 -1.177, 0.7631 -0.43 -1.177, 0.8117 -0.4277 -1.1784, 0.7631 -0.4277 -1.1784, 0.8117 -0.4263 -1.1792, 0.7631 -0.4263 -1.1792, 0.8117 -0.423 -1.1804, 0.7631 -0.423 -1.1804, 0.8117 -0.4223 -1.1806, 0.7631 -0.4223 -1.1806, 0.8164 -0.4361 -1.1675, 0.8165 -0.436 -1.1675, 0.8208 -0.434 -1.1682, 0.8209 -0.434 -1.1682, 0.8247 -0.431 -1.1684, 0.8277 -0.4272 -1.1682, 0.8277 -0.4271 -1.1682, 0.8297 -0.4228 -1.1675, 0.8298 -0.4227 -1.1675, 0.6897 -0.3099 -0.9612, 0.6896 -0.3099 0.0, 0.6898 -0.3094 -0.9613, 0.6916 -0.3051 0.0, 0.6916 -0.3051 -0.9616, 0.6917 -0.3049 -0.9616, 0.6947 -0.301 0.0, 0.6947 -0.301 -0.9617, 0.6986 -0.298 -0.9616, 0.6988 -0.2979 0.0, 0.6988 -0.2979 -0.9616, 0.7031 -0.2961 -0.9613, 0.7036 -0.2959 0.0, 0.7036 -0.296 -0.9612, 0.7594 -0.4201 -1.1806, 0.759 -0.4191 -1.1806, 0.761 -0.4217 -1.1806, 0.7601 -0.421 -1.1806, 0.7581 -0.418 -1.1804, 0.7589 -0.418 -1.1806, 0.761 -0.426 -1.1792, 0.7462 -0.4225 -1.1704, 0.748 -0.4267 -1.1704, 0.7507 -0.4304 -1.1704, 0.7544 -0.4331 -1.1704, 0.7586 -0.4349 -1.1704, 0.7592 -0.4326 -1.174, 0.7462 -0.418 -1.1712, 0.7456 -0.418 -1.1704, 0.7485 -0.4219 -1.174, 0.75 -0.4255 -1.174, 0.7524 -0.4287 -1.174, 0.7556 -0.4311 -1.174, 0.76 -0.4296 -1.177, 0.7571 -0.4284 -1.177, 0.7546 -0.4265 -1.177, 0.7527 -0.424 -1.177, 0.7515 -0.4211 -1.177, 0.748 -0.418 -1.174, 0.7493 -0.418 -1.1753, 0.7511 -0.418 -1.177, 0.7534 -0.418 -1.1784, 0.759 -0.4252 -1.1792, 0.7572 -0.4239 -1.1792, 0.7559 -0.4221 -1.1792, 0.7551 -0.4201 -1.1792, 0.7548 -0.418 -1.1792, 0.762 -0.4221 -1.1806, 0.8138 -0.4217 -1.1806, 0.8128 -0.4221 -1.1806, 0.8154 -0.4201 -1.1806, 0.8147 -0.421 -1.1806, 0.8167 -0.418 -1.1804, 0.82 -0.418 -1.1792, 0.8197 -0.4201 -1.1792, 0.8162 -0.4349 -1.1704, 0.8204 -0.4331 -1.1704, 0.8241 -0.4304 -1.1704, 0.8268 -0.4267 -1.1704, 0.8286 -0.4225 -1.1704, 0.8292 -0.418 -1.1704, 0.8255 -0.418 -1.1753, 0.8268 -0.418 -1.174, 0.8263 -0.4219 -1.174, 0.8286 -0.418 -1.1712, 0.8156 -0.4326 -1.174, 0.8192 -0.4311 -1.174, 0.8224 -0.4287 -1.174, 0.8248 -0.4255 -1.174, 0.8233 -0.4211 -1.177, 0.8221 -0.424 -1.177, 0.8202 -0.4265 -1.177, 0.8177 -0.4284 -1.177, 0.8148 -0.4296 -1.177, 0.8215 -0.418 -1.1784, 0.8237 -0.418 -1.177, 0.8189 -0.4221 -1.1792, 0.8176 -0.4239 -1.1792, 0.8158 -0.4252 -1.1792, 0.8138 -0.426 -1.1792, 0.816 -0.418 -1.1806, 0.8158 -0.4191 -1.1806, 0.8712 -0.296 -0.9612, 0.8712 -0.2959 0.0, 0.8717 -0.2961 -0.9613, 0.876 -0.2979 0.0, 0.876 -0.2979 -0.9616, 0.8762 -0.298 -0.9616, 0.8801 -0.301 0.0, 0.8801 -0.301 -0.9617, 0.8831 -0.3049 -0.9616, 0.8832 -0.3051 0.0, 0.8832 -0.3051 -0.9616, 0.885 -0.3094 -0.9613, 0.8852 -0.3099 0.0, 0.8851 -0.3099 -0.9612, 0.7584 -0.3513 -1.1675, 0.7583 -0.3514 -1.1675, 0.754 -0.3534 -1.1682, 0.7539 -0.3534 -1.1682, 0.7501 -0.3564 -1.1684, 0.7471 -0.3602 -1.1682, 0.7471 -0.3603 -1.1682, 0.7451 -0.3646 -1.1675, 0.745 -0.3647 -1.1675, 0.7589 -0.3694 -1.1806, 0.7581 -0.3694 -1.1804, 0.7548 -0.3694 -1.1792, 0.7534 -0.3694 -1.1784, 0.7511 -0.3694 -1.177, 0.7493 -0.3694 -1.1753, 0.748 -0.3694 -1.174, 0.7462 -0.3694 -1.1712, 0.7456 -0.3694 -1.1704, 0.816 -0.3694 -1.1806, 0.8167 -0.3694 -1.1804, 0.82 -0.3694 -1.1792, 0.8215 -0.3694 -1.1784, 0.8237 -0.3694 -1.177, 0.8255 -0.3694 -1.1753, 0.8268 -0.3694 -1.174, 0.8286 -0.3694 -1.1712, 0.8292 -0.3694 -1.1704, 0.8298 -0.3647 -1.1675, 0.8297 -0.3646 -1.1675, 0.8277 -0.3603 -1.1682, 0.8277 -0.3602 -1.1682, 0.8247 -0.3564 -1.1684, 0.8209 -0.3534 -1.1682, 0.8208 -0.3534 -1.1682, 0.8165 -0.3514 -1.1675, 0.8164 -0.3513 -1.1675, 0.761 -0.3657 -1.1806, 0.762 -0.3653 -1.1806, 0.7594 -0.3673 -1.1806, 0.7601 -0.3664 -1.1806, 0.7631 -0.3644 -1.1804, 0.7631 -0.3651 -1.1806, 0.7551 -0.3673 -1.1792, 0.7586 -0.3525 -1.1704, 0.7544 -0.3543 -1.1704, 0.7507 -0.357 -1.1704, 0.748 -0.3607 -1.1704, 0.7462 -0.3649 -1.1704, 0.7485 -0.3655 -1.174, 0.7631 -0.3525 -1.1712, 0.7631 -0.3519 -1.1704, 0.7592 -0.3548 -1.174, 0.7556 -0.3563 -1.174, 0.7524 -0.3587 -1.174, 0.75 -0.3619 -1.174, 0.7515 -0.3663 -1.177, 0.7527 -0.3634 -1.177, 0.7546 -0.3609 -1.177, 0.7571 -0.359 -1.177, 0.76 -0.3578 -1.177, 0.7631 -0.3543 -1.174, 0.7631 -0.3556 -1.1753, 0.7631 -0.3574 -1.177, 0.7631 -0.3597 -1.1784, 0.7559 -0.3653 -1.1792, 0.7572 -0.3635 -1.1792, 0.759 -0.3622 -1.1792, 0.761 -0.3614 -1.1792, 0.7631 -0.3611 -1.1792, 0.759 -0.3683 -1.1806, 0.8154 -0.3673 -1.1806, 0.8158 -0.3683 -1.1806, 0.8138 -0.3657 -1.1806, 0.8147 -0.3664 -1.1806, 0.8117 -0.3644 -1.1804, 0.8117 -0.3611 -1.1792, 0.8138 -0.3614 -1.1792, 0.8286 -0.3649 -1.1704, 0.8268 -0.3607 -1.1704, 0.8241 -0.357 -1.1704, 0.8204 -0.3543 -1.1704, 0.8162 -0.3525 -1.1704, 0.8117 -0.3519 -1.1704, 0.8117 -0.3556 -1.1753, 0.8117 -0.3543 -1.174, 0.8156 -0.3548 -1.174, 0.8117 -0.3525 -1.1712, 0.8263 -0.3655 -1.174, 0.8248 -0.3619 -1.174, 0.8224 -0.3587 -1.174, 0.8192 -0.3563 -1.174, 0.8148 -0.3578 -1.177, 0.8177 -0.359 -1.177, 0.8202 -0.3609 -1.177, 0.8221 -0.3634 -1.177, 0.8233 -0.3663 -1.177, 0.8117 -0.3597 -1.1784, 0.8117 -0.3574 -1.177, 0.8158 -0.3622 -1.1792, 0.8176 -0.3635 -1.1792, 0.8189 -0.3653 -1.1792, 0.8197 -0.3673 -1.1792, 0.8117 -0.3651 -1.1806, 0.8128 -0.3653 -1.1806, 1.491 -0.296 1.5757, 1.491 -0.2959 0.5906, 1.4905 -0.2961 1.5757, 1.4862 -0.2979 0.5906, 1.4862 -0.2979 1.5761, 1.486 -0.298 1.5761, 1.4821 -0.301 0.5906, 1.4821 -0.301 1.5762, 1.4791 -0.3049 1.5761, 1.479 -0.3051 0.5906, 1.479 -0.3051 1.5761, 1.4772 -0.3094 1.5757, 1.477 -0.3099 0.5906, 1.4771 -0.3099 1.5757, 1.6725 -0.3099 1.5757, 1.6726 -0.3099 0.5906, 1.6724 -0.3094 1.5757, 1.6706 -0.3051 0.5906, 1.6706 -0.3051 1.5761, 1.6705 -0.3049 1.5761, 1.6675 -0.301 0.5906, 1.6675 -0.301 1.5762, 1.6636 -0.298 1.5761, 1.6634 -0.2979 0.5906, 1.6634 -0.2979 1.5761, 1.6591 -0.2961 1.5757, 1.6586 -0.2959 0.5906, 1.6586 -0.296 1.5757, 1.5324 -0.3647 1.782, 1.5325 -0.3646 1.782, 1.5345 -0.3603 1.7826, 1.5345 -0.3602 1.7826, 1.5375 -0.3564 1.7829, 1.5413 -0.3534 1.7826, 1.5414 -0.3534 1.7826, 1.5457 -0.3514 1.782, 1.5458 -0.3513 1.782, 1.5991 -0.3652 1.7951, 1.5991 -0.3519 1.7849, 1.5505 -0.3519 1.7849, 1.5991 -0.352 1.785, 1.5505 -0.352 1.785, 1.5991 -0.3543 1.7885, 1.5505 -0.3543 1.7885, 1.5991 -0.3544 1.7885, 1.5505 -0.3544 1.7885, 1.5991 -0.3574 1.7914, 1.5505 -0.3574 1.7914, 1.5991 -0.3575 1.7915, 1.5505 -0.3575 1.7915, 1.5991 -0.3611 1.7937, 1.5505 -0.3611 1.7937, 1.5991 -0.3611 1.7937, 1.5505 -0.3611 1.7937, 1.5991 -0.3651 1.7951, 1.5505 -0.3651 1.7951, 1.5505 -0.3652 1.7951, 1.6038 -0.3513 1.782, 1.6039 -0.3514 1.782, 1.6082 -0.3534 1.7826, 1.6083 -0.3534 1.7826, 1.6121 -0.3564 1.7829, 1.6151 -0.3602 1.7826, 1.6151 -0.3603 1.7826, 1.6171 -0.3646 1.782, 1.6172 -0.3647 1.782, 1.4771 -0.4775 1.5757, 1.477 -0.4775 0.5906, 1.4772 -0.478 1.5757, 1.479 -0.4823 0.5906, 1.479 -0.4823 1.5761, 1.4791 -0.4825 1.5761, 1.4821 -0.4864 0.5906, 1.4821 -0.4864 1.5762, 1.486 -0.4894 1.5761, 1.4862 -0.4895 0.5906, 1.4862 -0.4895 1.5761, 1.4905 -0.4913 1.5757, 1.491 -0.4915 0.5906, 1.491 -0.4914 1.5757, 1.5355 -0.3694 1.7885, 1.5385 -0.3694 1.7914, 1.5389 -0.3663 1.7914, 1.5425 -0.3673 1.7937, 1.5464 -0.3683 1.7951, 1.5468 -0.3673 1.7951, 1.5484 -0.3657 1.7951, 1.5475 -0.3664 1.7951, 1.5494 -0.3653 1.7951, 1.5463 -0.3694 1.7951, 1.5336 -0.3649 1.7849, 1.5354 -0.3607 1.7849, 1.5381 -0.357 1.7849, 1.5418 -0.3543 1.7849, 1.546 -0.3525 1.7849, 1.5386 -0.3694 1.7915, 1.5422 -0.3694 1.7937, 1.5422 -0.3694 1.7937, 1.5463 -0.3694 1.7951, 1.5433 -0.3653 1.7937, 1.5446 -0.3635 1.7937, 1.5464 -0.3622 1.7937, 1.5484 -0.3614 1.7937, 1.5401 -0.3634 1.7914, 1.542 -0.3609 1.7914, 1.5445 -0.359 1.7914, 1.5474 -0.3578 1.7914, 1.5331 -0.3694 1.785, 1.5354 -0.3694 1.7885, 1.5359 -0.3655 1.7885, 1.5374 -0.3619 1.7885, 1.5398 -0.3587 1.7885, 1.543 -0.3563 1.7885, 1.5466 -0.3548 1.7885, 1.533 -0.3694 1.7849, 1.6022 -0.3578 1.7914, 1.6012 -0.3614 1.7937, 1.6002 -0.3653 1.7951, 1.6012 -0.3657 1.7951, 1.6028 -0.3673 1.7951, 1.6021 -0.3664 1.7951, 1.6032 -0.3683 1.7951, 1.6036 -0.3525 1.7849, 1.6078 -0.3543 1.7849, 1.6115 -0.357 1.7849, 1.6142 -0.3607 1.7849, 1.616 -0.3649 1.7849, 1.6166 -0.3694 1.7849, 1.6033 -0.3694 1.7951, 1.6033 -0.3622 1.7937, 1.605 -0.3635 1.7937, 1.6063 -0.3653 1.7937, 1.6071 -0.3673 1.7937, 1.6034 -0.3694 1.7951, 1.6074 -0.3694 1.7937, 1.6074 -0.3694 1.7937, 1.611 -0.3694 1.7915, 1.6051 -0.359 1.7914, 1.6076 -0.3609 1.7914, 1.6095 -0.3634 1.7914, 1.6107 -0.3663 1.7914, 1.603 -0.3548 1.7885, 1.6066 -0.3563 1.7885, 1.6098 -0.3587 1.7885, 1.6122 -0.3619 1.7885, 1.6137 -0.3655 1.7885, 1.6111 -0.3694 1.7914, 1.6141 -0.3694 1.7885, 1.6142 -0.3694 1.7885, 1.6165 -0.3694 1.785, 1.6586 -0.4914 1.5757, 1.6586 -0.4915 0.5906, 1.6591 -0.4913 1.5757, 1.6634 -0.4895 0.5906, 1.6634 -0.4895 1.5761, 1.6636 -0.4894 1.5761, 1.6675 -0.4864 0.5906, 1.6675 -0.4864 1.5762, 1.6705 -0.4825 1.5761, 1.6706 -0.4823 0.5906, 1.6706 -0.4823 1.5761, 1.6724 -0.478 1.5757, 1.6726 -0.4775 0.5906, 1.6725 -0.4775 1.5757, 1.5464 -0.4362 1.7819, 1.5458 -0.4361 1.782, 1.5425 -0.4346 1.7825, 1.5414 -0.434 1.7826, 1.5375 -0.431 1.7829, 1.5362 -0.4294 1.7828, 1.5345 -0.4271 1.7826, 1.5324 -0.4227 1.782, 1.5323 -0.4221 1.7819, 1.533 -0.418 1.7849, 1.5331 -0.418 1.785, 1.5354 -0.418 1.7885, 1.5355 -0.418 1.7885, 1.5385 -0.418 1.7914, 1.5386 -0.418 1.7915, 1.5422 -0.418 1.7937, 1.5422 -0.418 1.7937, 1.5463 -0.418 1.7951, 1.5463 -0.418 1.7951, 1.6166 -0.418 1.7849, 1.6165 -0.418 1.785, 1.6142 -0.418 1.7885, 1.6141 -0.418 1.7885, 1.6111 -0.418 1.7914, 1.611 -0.418 1.7915, 1.6074 -0.418 1.7937, 1.6074 -0.418 1.7937, 1.6034 -0.418 1.7951, 1.6033 -0.418 1.7951, 1.6173 -0.4221 1.7819, 1.6172 -0.4227 1.782, 1.6157 -0.426 1.7825, 1.6151 -0.4271 1.7826, 1.6121 -0.431 1.7829, 1.6105 -0.4323 1.7828, 1.6082 -0.434 1.7826, 1.6038 -0.4361 1.782, 1.6032 -0.4362 1.7819, 1.5505 -0.4354 1.785, 1.5505 -0.4331 1.7885, 1.5472 -0.4327 1.7885, 1.5505 -0.433 1.7885, 1.5505 -0.43 1.7914, 1.5479 -0.4297 1.7914, 1.5487 -0.4261 1.7937, 1.5496 -0.4221 1.7951, 1.5487 -0.4218 1.7951, 1.5467 -0.4198 1.7951, 1.5472 -0.4206 1.7951, 1.5464 -0.4189 1.7951, 1.5505 -0.4222 1.7951, 1.5466 -0.435 1.7849, 1.5429 -0.4338 1.7849, 1.5396 -0.4317 1.7849, 1.5368 -0.4289 1.7849, 1.5348 -0.4256 1.7849, 1.5335 -0.4219 1.7849, 1.5505 -0.4299 1.7915, 1.5505 -0.4263 1.7937, 1.5505 -0.4263 1.7937, 1.5505 -0.4223 1.7951, 1.5453 -0.4245 1.7937, 1.544 -0.4232 1.7937, 1.543 -0.4216 1.7937, 1.5424 -0.4198 1.7937, 1.5469 -0.4255 1.7937, 1.5479 -0.4213 1.7951, 1.5453 -0.4288 1.7914, 1.543 -0.4274 1.7914, 1.5411 -0.4255 1.7914, 1.5397 -0.4232 1.7914, 1.5388 -0.4206 1.7914, 1.544 -0.4316 1.7885, 1.5411 -0.4298 1.7885, 1.5387 -0.4274 1.7885, 1.5369 -0.4245 1.7885, 1.5358 -0.4213 1.7885, 1.5505 -0.4355 1.7849, 1.6138 -0.4213 1.7885, 1.6108 -0.4206 1.7914, 1.6072 -0.4198 1.7937, 1.6032 -0.4189 1.7951, 1.6029 -0.4198 1.7951, 1.6009 -0.4218 1.7951, 1.6017 -0.4213 1.7951, 1.6 -0.4221 1.7951, 1.6161 -0.4219 1.7849, 1.6149 -0.4256 1.7849, 1.6128 -0.4289 1.7849, 1.61 -0.4317 1.7849, 1.6067 -0.4338 1.7849, 1.603 -0.435 1.7849, 1.5991 -0.4355 1.7849, 1.5991 -0.4222 1.7951, 1.6056 -0.4232 1.7937, 1.6043 -0.4245 1.7937, 1.6027 -0.4255 1.7937, 1.6009 -0.4261 1.7937, 1.6066 -0.4216 1.7937, 1.6024 -0.4206 1.7951, 1.5991 -0.4223 1.7951, 1.5991 -0.4263 1.7937, 1.5991 -0.4263 1.7937, 1.5991 -0.4299 1.7915, 1.6099 -0.4232 1.7914, 1.6085 -0.4255 1.7914, 1.6066 -0.4274 1.7914, 1.6043 -0.4288 1.7914, 1.6017 -0.4297 1.7914, 1.6127 -0.4245 1.7885, 1.6109 -0.4274 1.7885, 1.6085 -0.4298 1.7885, 1.6056 -0.4316 1.7885, 1.6024 -0.4327 1.7885, 1.5991 -0.43 1.7914, 1.5991 -0.433 1.7885, 1.5991 -0.4331 1.7885, 1.5991 -0.4354 1.785, 1.491 0.4914 1.5757, 1.491 0.4915 0.5906, 1.4905 0.4913 1.5757, 1.4862 0.4895 0.5906, 1.4862 0.4895 1.5761, 1.486 0.4894 1.5761, 1.4821 0.4864 0.5906, 1.4821 0.4864 1.5762, 1.4791 0.4825 1.5761, 1.479 0.4823 0.5906, 1.479 0.4823 1.5761, 1.4772 0.478 1.5757, 1.477 0.4775 0.5906, 1.4771 0.4775 1.5757, 1.6725 0.4775 1.5757, 1.6726 0.4775 0.5906, 1.6724 0.478 1.5757, 1.6706 0.4823 0.5906, 1.6706 0.4823 1.5761, 1.6705 0.4825 1.5761, 1.6675 0.4864 0.5906, 1.6675 0.4864 1.5762, 1.6636 0.4894 1.5761, 1.6634 0.4895 0.5906, 1.6634 0.4895 1.5761, 1.6591 0.4913 1.5757, 1.6586 0.4915 0.5906, 1.6586 0.4914 1.5757, 1.5323 0.4221 1.7819, 1.5324 0.4227 1.782, 1.5339 0.426 1.7825, 1.5345 0.4271 1.7826, 1.5375 0.431 1.7829, 1.5391 0.4323 1.7828, 1.5414 0.434 1.7826, 1.5458 0.4361 1.782, 1.5464 0.4362 1.7819, 1.5991 0.4355 1.7849, 1.5505 0.4355 1.7849, 1.5991 0.4354 1.785, 1.5505 0.4354 1.785, 1.5991 0.4331 1.7885, 1.5505 0.4331 1.7885, 1.5991 0.433 1.7885, 1.5505 0.433 1.7885, 1.5991 0.43 1.7914, 1.5505 0.43 1.7914, 1.5991 0.4299 1.7915, 1.5505 0.4299 1.7915, 1.5991 0.4263 1.7937, 1.5505 0.4263 1.7937, 1.5991 0.4263 1.7937, 1.5505 0.4263 1.7937, 1.5991 0.4223 1.7951, 1.5505 0.4223 1.7951, 1.5991 0.4222 1.7951, 1.5505 0.4222 1.7951, 1.6038 0.4361 1.782, 1.6039 0.436 1.782, 1.6082 0.434 1.7826, 1.6083 0.434 1.7826, 1.6121 0.431 1.7829, 1.6151 0.4272 1.7826, 1.6151 0.4271 1.7826, 1.6171 0.4228 1.782, 1.6172 0.4227 1.782, 1.4771 0.3099 1.5757, 1.477 0.3099 0.5906, 1.4772 0.3094 1.5757, 1.479 0.3051 0.5906, 1.479 0.3051 1.5761, 1.4791 0.3049 1.5761, 1.4821 0.301 0.5906, 1.4821 0.301 1.5762, 1.486 0.298 1.5761, 1.4862 0.2979 0.5906, 1.4862 0.2979 1.5761, 1.4905 0.2961 1.5757, 1.491 0.2959 0.5906, 1.491 0.296 1.5757, 1.5331 0.418 1.785, 1.5354 0.418 1.7885, 1.5358 0.4213 1.7885, 1.5355 0.418 1.7885, 1.5385 0.418 1.7914, 1.5388 0.4206 1.7914, 1.5424 0.4198 1.7937, 1.5464 0.4189 1.7951, 1.5467 0.4198 1.7951, 1.5487 0.4218 1.7951, 1.5479 0.4213 1.7951, 1.5496 0.4221 1.7951, 1.5463 0.418 1.7951, 1.5335 0.4219 1.7849, 1.5348 0.4256 1.7849, 1.5368 0.4289 1.7849, 1.5396 0.4317 1.7849, 1.5429 0.4338 1.7849, 1.5466 0.435 1.7849, 1.5386 0.418 1.7915, 1.5422 0.418 1.7937, 1.5422 0.418 1.7937, 1.5463 0.418 1.7951, 1.544 0.4232 1.7937, 1.5453 0.4245 1.7937, 1.5469 0.4255 1.7937, 1.5487 0.4261 1.7937, 1.543 0.4216 1.7937, 1.5472 0.4206 1.7951, 1.5397 0.4232 1.7914, 1.5411 0.4255 1.7914, 1.543 0.4274 1.7914, 1.5453 0.4288 1.7914, 1.5479 0.4297 1.7914, 1.5369 0.4245 1.7885, 1.5387 0.4274 1.7885, 1.5411 0.4298 1.7885, 1.544 0.4316 1.7885, 1.5472 0.4327 1.7885, 1.533 0.418 1.7849, 1.6022 0.4296 1.7914, 1.6012 0.426 1.7937, 1.6002 0.4221 1.7951, 1.6012 0.4217 1.7951, 1.6028 0.4201 1.7951, 1.6021 0.421 1.7951, 1.6032 0.4191 1.7951, 1.6036 0.4349 1.7849, 1.6078 0.4331 1.7849, 1.6115 0.4304 1.7849, 1.6142 0.4267 1.7849, 1.616 0.4225 1.7849, 1.6166 0.418 1.7849, 1.6033 0.418 1.7951, 1.6033 0.4252 1.7937, 1.605 0.4239 1.7937, 1.6063 0.4221 1.7937, 1.6071 0.4201 1.7937, 1.6034 0.418 1.7951, 1.6074 0.418 1.7937, 1.6074 0.418 1.7937, 1.611 0.418 1.7915, 1.6051 0.4284 1.7914, 1.6076 0.4265 1.7914, 1.6095 0.424 1.7914, 1.6107 0.4211 1.7914, 1.603 0.4326 1.7885, 1.6066 0.4311 1.7885, 1.6098 0.4287 1.7885, 1.6122 0.4255 1.7885, 1.6137 0.4219 1.7885, 1.6111 0.418 1.7914, 1.6141 0.418 1.7885, 1.6142 0.418 1.7885, 1.6165 0.418 1.785, 1.6586 0.296 1.5757, 1.6586 0.2959 0.5906, 1.6591 0.2961 1.5757, 1.6634 0.2979 0.5906, 1.6634 0.2979 1.5761, 1.6636 0.298 1.5761, 1.6675 0.301 0.5906, 1.6675 0.301 1.5762, 1.6705 0.3049 1.5761, 1.6706 0.3051 0.5906, 1.6706 0.3051 1.5761, 1.6724 0.3094 1.5757, 1.6726 0.3099 0.5906, 1.6725 0.3099 1.5757, 1.5458 0.3513 1.782, 1.5457 0.3514 1.782, 1.5414 0.3534 1.7826, 1.5413 0.3534 1.7826, 1.5375 0.3564 1.7829, 1.5345 0.3602 1.7826, 1.5345 0.3603 1.7826, 1.5325 0.3646 1.782, 1.5324 0.3647 1.782, 1.533 0.3694 1.7849, 1.5331 0.3694 1.785, 1.5354 0.3694 1.7885, 1.5355 0.3694 1.7885, 1.5385 0.3694 1.7914, 1.5386 0.3694 1.7915, 1.5422 0.3694 1.7937, 1.5422 0.3694 1.7937, 1.5463 0.3694 1.7951, 1.5463 0.3694 1.7951, 1.6166 0.3694 1.7849, 1.6165 0.3694 1.785, 1.6142 0.3694 1.7885, 1.6141 0.3694 1.7885, 1.6111 0.3694 1.7914, 1.611 0.3694 1.7915, 1.6074 0.3694 1.7937, 1.6074 0.3694 1.7937, 1.6034 0.3694 1.7951, 1.6033 0.3694 1.7951, 1.6172 0.3647 1.782, 1.6171 0.3646 1.782, 1.6151 0.3603 1.7826, 1.6151 0.3602 1.7826, 1.6121 0.3564 1.7829, 1.6083 0.3534 1.7826, 1.6082 0.3534 1.7826, 1.6039 0.3514 1.782, 1.6038 0.3513 1.782, 1.5505 0.3544 1.7885, 1.5505 0.3574 1.7914, 1.5474 0.3578 1.7914, 1.5484 0.3614 1.7937, 1.5494 0.3653 1.7951, 1.5484 0.3657 1.7951, 1.5468 0.3673 1.7951, 1.5475 0.3664 1.7951, 1.5464 0.3683 1.7951, 1.5505 0.3652 1.7951, 1.546 0.3525 1.7849, 1.5418 0.3543 1.7849, 1.5381 0.357 1.7849, 1.5354 0.3607 1.7849, 1.5336 0.3649 1.7849, 1.5505 0.3575 1.7915, 1.5505 0.3611 1.7937, 1.5505 0.3611 1.7937, 1.5505 0.3651 1.7951, 1.5464 0.3622 1.7937, 1.5446 0.3635 1.7937, 1.5433 0.3653 1.7937, 1.5425 0.3673 1.7937, 1.5445 0.359 1.7914, 1.542 0.3609 1.7914, 1.5401 0.3634 1.7914, 1.5389 0.3663 1.7914, 1.5505 0.352 1.785, 1.5505 0.3543 1.7885, 1.5466 0.3548 1.7885, 1.543 0.3563 1.7885, 1.5398 0.3587 1.7885, 1.5374 0.3619 1.7885, 1.5359 0.3655 1.7885, 1.5505 0.3519 1.7849, 1.6107 0.3663 1.7914, 1.6071 0.3673 1.7937, 1.6032 0.3683 1.7951, 1.6028 0.3673 1.7951, 1.6012 0.3657 1.7951, 1.6021 0.3664 1.7951, 1.6002 0.3653 1.7951, 1.616 0.3649 1.7849, 1.6142 0.3607 1.7849, 1.6115 0.357 1.7849, 1.6078 0.3543 1.7849, 1.6036 0.3525 1.7849, 1.5991 0.3519 1.7849, 1.5991 0.3652 1.7951, 1.6063 0.3653 1.7937, 1.605 0.3635 1.7937, 1.6033 0.3622 1.7937, 1.6012 0.3614 1.7937, 1.5991 0.3651 1.7951, 1.5991 0.3611 1.7937, 1.5991 0.3611 1.7937, 1.5991 0.3575 1.7915, 1.6095 0.3634 1.7914, 1.6076 0.3609 1.7914, 1.6051 0.359 1.7914, 1.6022 0.3578 1.7914, 1.6137 0.3655 1.7885, 1.6122 0.3619 1.7885, 1.6098 0.3587 1.7885, 1.6066 0.3563 1.7885, 1.603 0.3548 1.7885, 1.5991 0.3574 1.7914, 1.5991 0.3544 1.7885, 1.5991 0.3543 1.7885, 1.5991 0.352 1.785, 1.491 0.296 -0.9612, 1.491 0.2959 0.0, 1.4905 0.2961 -0.9613, 1.4862 0.2979 0.0, 1.4862 0.2979 -0.9616, 1.486 0.298 -0.9616, 1.4821 0.301 0.0, 1.4821 0.301 -0.9617, 1.4791 0.3049 -0.9616, 1.479 0.3051 0.0, 1.479 0.3051 -0.9616, 1.4772 0.3094 -0.9613, 1.477 0.3099 0.0, 1.4771 0.3099 -0.9612, 1.6725 0.3099 -0.9612, 1.6726 0.3099 0.0, 1.6724 0.3094 -0.9613, 1.6706 0.3051 0.0, 1.6706 0.3051 -0.9616, 1.6705 0.3049 -0.9616, 1.6675 0.301 0.0, 1.6675 0.301 -0.9617, 1.6636 0.298 -0.9616, 1.6634 0.2979 0.0, 1.6634 0.2979 -0.9616, 1.6591 0.2961 -0.9613, 1.6586 0.2959 0.0, 1.6586 0.296 -0.9612, 1.5324 0.3647 -1.1675, 1.5325 0.3646 -1.1675, 1.5345 0.3603 -1.1682, 1.5345 0.3602 -1.1682, 1.5375 0.3564 -1.1684, 1.5413 0.3534 -1.1682, 1.5414 0.3534 -1.1682, 1.5457 0.3514 -1.1675, 1.5458 0.3513 -1.1675, 1.5505 0.3651 -1.1806, 1.5991 0.3651 -1.1806, 1.5505 0.3644 -1.1804, 1.5991 0.3644 -1.1804, 1.5505 0.3611 -1.1792, 1.5991 0.3611 -1.1792, 1.5505 0.3597 -1.1784, 1.5991 0.3597 -1.1784, 1.5505 0.3574 -1.177, 1.5991 0.3574 -1.177, 1.5505 0.3556 -1.1753, 1.5991 0.3556 -1.1753, 1.5505 0.3543 -1.174, 1.5991 0.3543 -1.174, 1.5505 0.3525 -1.1712, 1.5991 0.3525 -1.1712, 1.5505 0.3519 -1.1704, 1.5991 0.3519 -1.1704, 1.6038 0.3513 -1.1675, 1.6039 0.3514 -1.1675, 1.6082 0.3534 -1.1682, 1.6083 0.3534 -1.1682, 1.6121 0.3564 -1.1684, 1.6151 0.3602 -1.1682, 1.6151 0.3603 -1.1682, 1.6171 0.3646 -1.1675, 1.6172 0.3647 -1.1675, 1.4771 0.4775 -0.9612, 1.477 0.4775 0.0, 1.4772 0.478 -0.9613, 1.479 0.4823 0.0, 1.479 0.4823 -0.9616, 1.4791 0.4825 -0.9616, 1.4821 0.4864 0.0, 1.4821 0.4864 -0.9617, 1.486 0.4894 -0.9616, 1.4862 0.4895 0.0, 1.4862 0.4895 -0.9616, 1.4905 0.4913 -0.9613, 1.491 0.4915 0.0, 1.491 0.4914 -0.9612, 1.5468 0.3673 -1.1806, 1.5464 0.3683 -1.1806, 1.5484 0.3657 -1.1806, 1.5475 0.3664 -1.1806, 1.5455 0.3694 -1.1804, 1.5463 0.3694 -1.1806, 1.5484 0.3614 -1.1792, 1.5336 0.3649 -1.1704, 1.5354 0.3607 -1.1704, 1.5381 0.357 -1.1704, 1.5418 0.3543 -1.1704, 1.546 0.3525 -1.1704, 1.5466 0.3548 -1.174, 1.5336 0.3694 -1.1712, 1.533 0.3694 -1.1704, 1.5359 0.3655 -1.174, 1.5374 0.3619 -1.174, 1.5398 0.3587 -1.174, 1.543 0.3563 -1.174, 1.5474 0.3578 -1.177, 1.5445 0.359 -1.177, 1.542 0.3609 -1.177, 1.5401 0.3634 -1.177, 1.5389 0.3663 -1.177, 1.5354 0.3694 -1.174, 1.5367 0.3694 -1.1753, 1.5385 0.3694 -1.177, 1.5408 0.3694 -1.1784, 1.5464 0.3622 -1.1792, 1.5446 0.3635 -1.1792, 1.5433 0.3653 -1.1792, 1.5425 0.3673 -1.1792, 1.5422 0.3694 -1.1792, 1.5494 0.3653 -1.1806, 1.6012 0.3657 -1.1806, 1.6002 0.3653 -1.1806, 1.6028 0.3673 -1.1806, 1.6021 0.3664 -1.1806, 1.6041 0.3694 -1.1804, 1.6074 0.3694 -1.1792, 1.6071 0.3673 -1.1792, 1.6036 0.3525 -1.1704, 1.6078 0.3543 -1.1704, 1.6115 0.357 -1.1704, 1.6142 0.3607 -1.1704, 1.616 0.3649 -1.1704, 1.6166 0.3694 -1.1704, 1.6129 0.3694 -1.1753, 1.6142 0.3694 -1.174, 1.6137 0.3655 -1.174, 1.616 0.3694 -1.1712, 1.603 0.3548 -1.174, 1.6066 0.3563 -1.174, 1.6098 0.3587 -1.174, 1.6122 0.3619 -1.174, 1.6107 0.3663 -1.177, 1.6095 0.3634 -1.177, 1.6076 0.3609 -1.177, 1.6051 0.359 -1.177, 1.6022 0.3578 -1.177, 1.6089 0.3694 -1.1784, 1.6111 0.3694 -1.177, 1.6063 0.3653 -1.1792, 1.605 0.3635 -1.1792, 1.6033 0.3622 -1.1792, 1.6012 0.3614 -1.1792, 1.6034 0.3694 -1.1806, 1.6032 0.3683 -1.1806, 1.6586 0.4914 -0.9612, 1.6586 0.4915 0.0, 1.6591 0.4913 -0.9613, 1.6634 0.4895 0.0, 1.6634 0.4895 -0.9616, 1.6636 0.4894 -0.9616, 1.6675 0.4864 0.0, 1.6675 0.4864 -0.9617, 1.6705 0.4825 -0.9616, 1.6706 0.4823 0.0, 1.6706 0.4823 -0.9616, 1.6724 0.478 -0.9613, 1.6726 0.4775 0.0, 1.6725 0.4775 -0.9612, 1.5458 0.4361 -1.1675, 1.5457 0.436 -1.1675, 1.5414 0.434 -1.1682, 1.5413 0.434 -1.1682, 1.5375 0.431 -1.1684, 1.5345 0.4272 -1.1682, 1.5345 0.4271 -1.1682, 1.5325 0.4228 -1.1675, 1.5324 0.4227 -1.1675, 1.533 0.418 -1.1704, 1.5336 0.418 -1.1712, 1.5354 0.418 -1.174, 1.5367 0.418 -1.1753, 1.5385 0.418 -1.177, 1.5408 0.418 -1.1784, 1.5422 0.418 -1.1792, 1.5455 0.418 -1.1804, 1.5463 0.418 -1.1806, 1.6166 0.418 -1.1704, 1.616 0.418 -1.1712, 1.6142 0.418 -1.174, 1.6129 0.418 -1.1753, 1.6111 0.418 -1.177, 1.6089 0.418 -1.1784, 1.6074 0.418 -1.1792, 1.6041 0.418 -1.1804, 1.6034 0.418 -1.1806, 1.6172 0.4227 -1.1675, 1.6171 0.4228 -1.1675, 1.6151 0.4271 -1.1682, 1.6151 0.4272 -1.1682, 1.6121 0.431 -1.1684, 1.6083 0.434 -1.1682, 1.6082 0.434 -1.1682, 1.6039 0.436 -1.1675, 1.6038 0.4361 -1.1675, 1.5484 0.4217 -1.1806, 1.5494 0.4221 -1.1806, 1.5468 0.4201 -1.1806, 1.5475 0.421 -1.1806, 1.5505 0.423 -1.1804, 1.5505 0.4223 -1.1806, 1.5425 0.4201 -1.1792, 1.546 0.4349 -1.1704, 1.5418 0.4331 -1.1704, 1.5381 0.4304 -1.1704, 1.5354 0.4267 -1.1704, 1.5336 0.4225 -1.1704, 1.5359 0.4219 -1.174, 1.5505 0.4349 -1.1712, 1.5505 0.4355 -1.1704, 1.5466 0.4326 -1.174, 1.543 0.4311 -1.174, 1.5398 0.4287 -1.174, 1.5374 0.4255 -1.174, 1.5389 0.4211 -1.177, 1.5401 0.424 -1.177, 1.542 0.4265 -1.177, 1.5445 0.4284 -1.177, 1.5474 0.4296 -1.177, 1.5505 0.4331 -1.174, 1.5505 0.4318 -1.1753, 1.5505 0.43 -1.177, 1.5505 0.4277 -1.1784, 1.5433 0.4221 -1.1792, 1.5446 0.4239 -1.1792, 1.5464 0.4252 -1.1792, 1.5484 0.426 -1.1792, 1.5505 0.4263 -1.1792, 1.5464 0.4191 -1.1806, 1.6028 0.4201 -1.1806, 1.6032 0.4191 -1.1806, 1.6012 0.4217 -1.1806, 1.6021 0.421 -1.1806, 1.5991 0.423 -1.1804, 1.5991 0.4263 -1.1792, 1.6012 0.426 -1.1792, 1.616 0.4225 -1.1704, 1.6142 0.4267 -1.1704, 1.6115 0.4304 -1.1704, 1.6078 0.4331 -1.1704, 1.6036 0.4349 -1.1704, 1.5991 0.4355 -1.1704, 1.5991 0.4318 -1.1753, 1.5991 0.4331 -1.174, 1.603 0.4326 -1.174, 1.5991 0.4349 -1.1712, 1.6137 0.4219 -1.174, 1.6122 0.4255 -1.174, 1.6098 0.4287 -1.174, 1.6066 0.4311 -1.174, 1.6022 0.4296 -1.177, 1.6051 0.4284 -1.177, 1.6076 0.4265 -1.177, 1.6095 0.424 -1.177, 1.6107 0.4211 -1.177, 1.5991 0.4277 -1.1784, 1.5991 0.43 -1.177, 1.6033 0.4252 -1.1792, 1.605 0.4239 -1.1792, 1.6063 0.4221 -1.1792, 1.6071 0.4201 -1.1792, 1.5991 0.4223 -1.1806, 1.6002 0.4221 -1.1806, 1.491 -0.4914 -0.9612, 1.491 -0.4915 0.0, 1.4905 -0.4913 -0.9613, 1.4862 -0.4895 0.0, 1.4862 -0.4895 -0.9616, 1.486 -0.4894 -0.9616, 1.4821 -0.4864 0.0, 1.4821 -0.4864 -0.9617, 1.4791 -0.4825 -0.9616, 1.479 -0.4823 0.0, 1.479 -0.4823 -0.9616, 1.4772 -0.478 -0.9613, 1.477 -0.4775 0.0, 1.4771 -0.4775 -0.9612, 1.6725 -0.4775 -0.9612, 1.6726 -0.4775 0.0, 1.6724 -0.478 -0.9613, 1.6706 -0.4823 0.0, 1.6706 -0.4823 -0.9616, 1.6705 -0.4825 -0.9616, 1.6675 -0.4864 0.0, 1.6675 -0.4864 -0.9617, 1.6636 -0.4894 -0.9616, 1.6634 -0.4895 0.0, 1.6634 -0.4895 -0.9616, 1.6591 -0.4913 -0.9613, 1.6586 -0.4915 0.0, 1.6586 -0.4914 -0.9612, 1.5324 -0.4227 -1.1675, 1.5325 -0.4228 -1.1675, 1.5345 -0.4271 -1.1682, 1.5345 -0.4272 -1.1682, 1.5375 -0.431 -1.1684, 1.5413 -0.434 -1.1682, 1.5414 -0.434 -1.1682, 1.5457 -0.436 -1.1675, 1.5458 -0.4361 -1.1675, 1.5991 -0.4355 -1.1704, 1.5505 -0.4355 -1.1704, 1.5991 -0.4349 -1.1712, 1.5505 -0.4349 -1.1712, 1.5991 -0.4331 -1.174, 1.5505 -0.4331 -1.174, 1.5991 -0.4318 -1.1753, 1.5505 -0.4318 -1.1753, 1.5991 -0.43 -1.177, 1.5505 -0.43 -1.177, 1.5991 -0.4277 -1.1784, 1.5505 -0.4277 -1.1784, 1.5991 -0.4263 -1.1792, 1.5505 -0.4263 -1.1792, 1.5991 -0.423 -1.1804, 1.5505 -0.423 -1.1804, 1.5991 -0.4223 -1.1806, 1.5505 -0.4223 -1.1806, 1.6038 -0.4361 -1.1675, 1.6039 -0.436 -1.1675, 1.6082 -0.434 -1.1682, 1.6083 -0.434 -1.1682, 1.6121 -0.431 -1.1684, 1.6151 -0.4272 -1.1682, 1.6151 -0.4271 -1.1682, 1.6171 -0.4228 -1.1675, 1.6172 -0.4227 -1.1675, 1.4771 -0.3099 -0.9612, 1.477 -0.3099 0.0, 1.4772 -0.3094 -0.9613, 1.479 -0.3051 0.0, 1.479 -0.3051 -0.9616, 1.4791 -0.3049 -0.9616, 1.4821 -0.301 0.0, 1.4821 -0.301 -0.9617, 1.486 -0.298 -0.9616, 1.4862 -0.2979 0.0, 1.4862 -0.2979 -0.9616, 1.4905 -0.2961 -0.9613, 1.491 -0.2959 0.0, 1.491 -0.296 -0.9612, 1.5468 -0.4201 -1.1806, 1.5464 -0.4191 -1.1806, 1.5484 -0.4217 -1.1806, 1.5475 -0.421 -1.1806, 1.5455 -0.418 -1.1804, 1.5463 -0.418 -1.1806, 1.5484 -0.426 -1.1792, 1.5336 -0.4225 -1.1704, 1.5354 -0.4267 -1.1704, 1.5381 -0.4304 -1.1704, 1.5418 -0.4331 -1.1704, 1.546 -0.4349 -1.1704, 1.5466 -0.4326 -1.174, 1.5336 -0.418 -1.1712, 1.533 -0.418 -1.1704, 1.5359 -0.4219 -1.174, 1.5374 -0.4255 -1.174, 1.5398 -0.4287 -1.174, 1.543 -0.4311 -1.174, 1.5474 -0.4296 -1.177, 1.5445 -0.4284 -1.177, 1.542 -0.4265 -1.177, 1.5401 -0.424 -1.177, 1.5389 -0.4211 -1.177, 1.5354 -0.418 -1.174, 1.5367 -0.418 -1.1753, 1.5385 -0.418 -1.177, 1.5408 -0.418 -1.1784, 1.5464 -0.4252 -1.1792, 1.5446 -0.4239 -1.1792, 1.5433 -0.4221 -1.1792, 1.5425 -0.4201 -1.1792, 1.5422 -0.418 -1.1792, 1.5494 -0.4221 -1.1806, 1.6012 -0.4217 -1.1806, 1.6002 -0.4221 -1.1806, 1.6028 -0.4201 -1.1806, 1.6021 -0.421 -1.1806, 1.6041 -0.418 -1.1804, 1.6074 -0.418 -1.1792, 1.6071 -0.4201 -1.1792, 1.6036 -0.4349 -1.1704, 1.6078 -0.4331 -1.1704, 1.6115 -0.4304 -1.1704, 1.6142 -0.4267 -1.1704, 1.616 -0.4225 -1.1704, 1.6166 -0.418 -1.1704, 1.6129 -0.418 -1.1753, 1.6142 -0.418 -1.174, 1.6137 -0.4219 -1.174, 1.616 -0.418 -1.1712, 1.603 -0.4326 -1.174, 1.6066 -0.4311 -1.174, 1.6098 -0.4287 -1.174, 1.6122 -0.4255 -1.174, 1.6107 -0.4211 -1.177, 1.6095 -0.424 -1.177, 1.6076 -0.4265 -1.177, 1.6051 -0.4284 -1.177, 1.6022 -0.4296 -1.177, 1.6089 -0.418 -1.1784, 1.6111 -0.418 -1.177, 1.6063 -0.4221 -1.1792, 1.605 -0.4239 -1.1792, 1.6033 -0.4252 -1.1792, 1.6012 -0.426 -1.1792, 1.6034 -0.418 -1.1806, 1.6032 -0.4191 -1.1806, 1.6586 -0.296 -0.9612, 1.6586 -0.2959 0.0, 1.6591 -0.2961 -0.9613, 1.6634 -0.2979 0.0, 1.6634 -0.2979 -0.9616, 1.6636 -0.298 -0.9616, 1.6675 -0.301 0.0, 1.6675 -0.301 -0.9617, 1.6705 -0.3049 -0.9616, 1.6706 -0.3051 0.0, 1.6706 -0.3051 -0.9616, 1.6724 -0.3094 -0.9613, 1.6726 -0.3099 0.0, 1.6725 -0.3099 -0.9612, 1.5458 -0.3513 -1.1675, 1.5457 -0.3514 -1.1675, 1.5414 -0.3534 -1.1682, 1.5413 -0.3534 -1.1682, 1.5375 -0.3564 -1.1684, 1.5345 -0.3602 -1.1682, 1.5345 -0.3603 -1.1682, 1.5325 -0.3646 -1.1675, 1.5324 -0.3647 -1.1675, 1.5463 -0.3694 -1.1806, 1.5455 -0.3694 -1.1804, 1.5422 -0.3694 -1.1792, 1.5408 -0.3694 -1.1784, 1.5385 -0.3694 -1.177, 1.5367 -0.3694 -1.1753, 1.5354 -0.3694 -1.174, 1.5336 -0.3694 -1.1712, 1.533 -0.3694 -1.1704, 1.6166 -0.3694 -1.1704, 1.616 -0.3694 -1.1712, 1.6142 -0.3694 -1.174, 1.6129 -0.3694 -1.1753, 1.6111 -0.3694 -1.177, 1.6089 -0.3694 -1.1784, 1.6074 -0.3694 -1.1792, 1.6041 -0.3694 -1.1804, 1.6034 -0.3694 -1.1806, 1.6172 -0.3647 -1.1675, 1.6171 -0.3646 -1.1675, 1.6151 -0.3603 -1.1682, 1.6151 -0.3602 -1.1682, 1.6121 -0.3564 -1.1684, 1.6083 -0.3534 -1.1682, 1.6082 -0.3534 -1.1682, 1.6039 -0.3514 -1.1675, 1.6038 -0.3513 -1.1675, 1.5484 -0.3657 -1.1806, 1.5494 -0.3653 -1.1806, 1.5468 -0.3673 -1.1806, 1.5475 -0.3664 -1.1806, 1.5505 -0.3644 -1.1804, 1.5505 -0.3651 -1.1806, 1.5425 -0.3673 -1.1792, 1.546 -0.3525 -1.1704, 1.5418 -0.3543 -1.1704, 1.5381 -0.357 -1.1704, 1.5354 -0.3607 -1.1704, 1.5336 -0.3649 -1.1704, 1.5359 -0.3655 -1.174, 1.5505 -0.3525 -1.1712, 1.5505 -0.3519 -1.1704, 1.5466 -0.3548 -1.174, 1.543 -0.3563 -1.174, 1.5398 -0.3587 -1.174, 1.5374 -0.3619 -1.174, 1.5389 -0.3663 -1.177, 1.5401 -0.3634 -1.177, 1.542 -0.3609 -1.177, 1.5445 -0.359 -1.177, 1.5474 -0.3578 -1.177, 1.5505 -0.3543 -1.174, 1.5505 -0.3556 -1.1753, 1.5505 -0.3574 -1.177, 1.5505 -0.3597 -1.1784, 1.5433 -0.3653 -1.1792, 1.5446 -0.3635 -1.1792, 1.5464 -0.3622 -1.1792, 1.5484 -0.3614 -1.1792, 1.5505 -0.3611 -1.1792, 1.5464 -0.3683 -1.1806, 1.6028 -0.3673 -1.1806, 1.6032 -0.3683 -1.1806, 1.6012 -0.3657 -1.1806, 1.6021 -0.3664 -1.1806, 1.5991 -0.3644 -1.1804, 1.5991 -0.3611 -1.1792, 1.6012 -0.3614 -1.1792, 1.616 -0.3649 -1.1704, 1.6142 -0.3607 -1.1704, 1.6115 -0.357 -1.1704, 1.6078 -0.3543 -1.1704, 1.6036 -0.3525 -1.1704, 1.5991 -0.3519 -1.1704, 1.5991 -0.3556 -1.1753, 1.5991 -0.3543 -1.174, 1.603 -0.3548 -1.174, 1.5991 -0.3525 -1.1712, 1.6137 -0.3655 -1.174, 1.6122 -0.3619 -1.174, 1.6098 -0.3587 -1.174, 1.6066 -0.3563 -1.174, 1.6022 -0.3578 -1.177, 1.6051 -0.359 -1.177, 1.6076 -0.3609 -1.177, 1.6095 -0.3634 -1.177, 1.6107 -0.3663 -1.177, 1.5991 -0.3597 -1.1784, 1.5991 -0.3574 -1.177, 1.6033 -0.3622 -1.1792, 1.605 -0.3635 -1.1792, 1.6063 -0.3653 -1.1792, 1.6071 -0.3673 -1.1792, 1.5991 -0.3651 -1.1806, 1.6002 -0.3653 -1.1806, 2.2784 -0.296 1.5757, 2.2784 -0.2959 0.5906, 2.2779 -0.2961 1.5757, 2.2736 -0.2979 0.5906, 2.2736 -0.2979 1.5761, 2.2734 -0.298 1.5761, 2.2695 -0.301 0.5906, 2.2695 -0.301 1.5762, 2.2665 -0.3049 1.5761, 2.2664 -0.3051 0.5906, 2.2664 -0.3051 1.5761, 2.2646 -0.3094 1.5757, 2.2645 -0.3099 0.5906, 2.2645 -0.3099 1.5757, 2.4599 -0.3099 1.5757, 2.46 -0.3099 0.5906, 2.4598 -0.3094 1.5757, 2.458 -0.3051 0.5906, 2.458 -0.3051 1.5761, 2.4579 -0.3049 1.5761, 2.4549 -0.301 0.5906, 2.4549 -0.301 1.5762, 2.451 -0.298 1.5761, 2.4508 -0.2979 0.5906, 2.4508 -0.2979 1.5761, 2.4465 -0.2961 1.5757, 2.446 -0.2959 0.5906, 2.446 -0.296 1.5757, 2.3198 -0.3647 1.782, 2.3199 -0.3646 1.782, 2.3219 -0.3603 1.7826, 2.3219 -0.3602 1.7826, 2.3249 -0.3564 1.7829, 2.3287 -0.3534 1.7826, 2.3288 -0.3534 1.7826, 2.3331 -0.3514 1.782, 2.3332 -0.3513 1.782, 2.3865 -0.3652 1.7951, 2.3865 -0.3519 1.7849, 2.3379 -0.3519 1.7849, 2.3865 -0.352 1.785, 2.3379 -0.352 1.785, 2.3865 -0.3543 1.7885, 2.3379 -0.3543 1.7885, 2.3865 -0.3544 1.7885, 2.3379 -0.3544 1.7885, 2.3865 -0.3574 1.7914, 2.3379 -0.3574 1.7914, 2.3865 -0.3575 1.7915, 2.3379 -0.3575 1.7915, 2.3865 -0.3611 1.7937, 2.3379 -0.3611 1.7937, 2.3865 -0.3611 1.7937, 2.3379 -0.3611 1.7937, 2.3865 -0.3651 1.7951, 2.3379 -0.3651 1.7951, 2.3379 -0.3652 1.7951, 2.3912 -0.3513 1.782, 2.3913 -0.3514 1.782, 2.3956 -0.3534 1.7826, 2.3957 -0.3534 1.7826, 2.3995 -0.3564 1.7829, 2.4025 -0.3602 1.7826, 2.4025 -0.3603 1.7826, 2.4045 -0.3646 1.782, 2.4046 -0.3647 1.782, 2.2645 -0.4775 1.5757, 2.2645 -0.4775 0.5906, 2.2646 -0.478 1.5757, 2.2664 -0.4823 0.5906, 2.2664 -0.4823 1.5761, 2.2665 -0.4825 1.5761, 2.2695 -0.4864 0.5906, 2.2695 -0.4864 1.5762, 2.2734 -0.4894 1.5761, 2.2736 -0.4895 0.5906, 2.2736 -0.4895 1.5761, 2.2779 -0.4913 1.5757, 2.2784 -0.4915 0.5906, 2.2784 -0.4914 1.5757, 2.3229 -0.3694 1.7885, 2.3259 -0.3694 1.7914, 2.3263 -0.3663 1.7914, 2.3299 -0.3673 1.7937, 2.3338 -0.3683 1.7951, 2.3342 -0.3673 1.7951, 2.3358 -0.3657 1.7951, 2.3349 -0.3664 1.7951, 2.3368 -0.3653 1.7951, 2.3337 -0.3694 1.7951, 2.321 -0.3649 1.7849, 2.3228 -0.3607 1.7849, 2.3256 -0.357 1.7849, 2.3292 -0.3543 1.7849, 2.3334 -0.3525 1.7849, 2.326 -0.3694 1.7915, 2.3296 -0.3694 1.7937, 2.3296 -0.3694 1.7937, 2.3337 -0.3694 1.7951, 2.3307 -0.3653 1.7937, 2.332 -0.3635 1.7937, 2.3338 -0.3622 1.7937, 2.3358 -0.3614 1.7937, 2.3275 -0.3634 1.7914, 2.3294 -0.3609 1.7914, 2.3319 -0.359 1.7914, 2.3348 -0.3578 1.7914, 2.3205 -0.3694 1.785, 2.3228 -0.3694 1.7885, 2.3233 -0.3655 1.7885, 2.3248 -0.3619 1.7885, 2.3272 -0.3587 1.7885, 2.3304 -0.3563 1.7885, 2.334 -0.3548 1.7885, 2.3204 -0.3694 1.7849, 2.3896 -0.3578 1.7914, 2.3886 -0.3614 1.7937, 2.3876 -0.3653 1.7951, 2.3886 -0.3657 1.7951, 2.3902 -0.3673 1.7951, 2.3895 -0.3664 1.7951, 2.3906 -0.3683 1.7951, 2.391 -0.3525 1.7849, 2.3952 -0.3543 1.7849, 2.3989 -0.357 1.7849, 2.4016 -0.3607 1.7849, 2.4034 -0.3649 1.7849, 2.404 -0.3694 1.7849, 2.3907 -0.3694 1.7951, 2.3907 -0.3622 1.7937, 2.3924 -0.3635 1.7937, 2.3937 -0.3653 1.7937, 2.3946 -0.3673 1.7937, 2.3908 -0.3694 1.7951, 2.3948 -0.3694 1.7937, 2.3948 -0.3694 1.7937, 2.3984 -0.3694 1.7915, 2.3925 -0.359 1.7914, 2.395 -0.3609 1.7914, 2.3969 -0.3634 1.7914, 2.3981 -0.3663 1.7914, 2.3904 -0.3548 1.7885, 2.394 -0.3563 1.7885, 2.3972 -0.3587 1.7885, 2.3996 -0.3619 1.7885, 2.4011 -0.3655 1.7885, 2.3985 -0.3694 1.7914, 2.4015 -0.3694 1.7885, 2.4016 -0.3694 1.7885, 2.4039 -0.3694 1.785, 2.446 -0.4914 1.5757, 2.446 -0.4915 0.5906, 2.4465 -0.4913 1.5757, 2.4508 -0.4895 0.5906, 2.4508 -0.4895 1.5761, 2.451 -0.4894 1.5761, 2.4549 -0.4864 0.5906, 2.4549 -0.4864 1.5762, 2.4579 -0.4825 1.5761, 2.458 -0.4823 0.5906, 2.458 -0.4823 1.5761, 2.4598 -0.478 1.5757, 2.46 -0.4775 0.5906, 2.4599 -0.4775 1.5757, 2.3338 -0.4362 1.7819, 2.3332 -0.4361 1.782, 2.3299 -0.4346 1.7825, 2.3288 -0.434 1.7826, 2.3249 -0.431 1.7829, 2.3236 -0.4294 1.7828, 2.3219 -0.4271 1.7826, 2.3198 -0.4227 1.782, 2.3197 -0.4221 1.7819, 2.3204 -0.418 1.7849, 2.3205 -0.418 1.785, 2.3228 -0.418 1.7885, 2.3229 -0.418 1.7885, 2.3259 -0.418 1.7914, 2.326 -0.418 1.7915, 2.3296 -0.418 1.7937, 2.3296 -0.418 1.7937, 2.3337 -0.418 1.7951, 2.3337 -0.418 1.7951, 2.404 -0.418 1.7849, 2.4039 -0.418 1.785, 2.4016 -0.418 1.7885, 2.4015 -0.418 1.7885, 2.3985 -0.418 1.7914, 2.3984 -0.418 1.7915, 2.3948 -0.418 1.7937, 2.3948 -0.418 1.7937, 2.3908 -0.418 1.7951, 2.3907 -0.418 1.7951, 2.4047 -0.4221 1.7819, 2.4046 -0.4227 1.782, 2.4031 -0.426 1.7825, 2.4025 -0.4271 1.7826, 2.3995 -0.431 1.7829, 2.3979 -0.4323 1.7828, 2.3956 -0.434 1.7826, 2.3912 -0.4361 1.782, 2.3906 -0.4362 1.7819, 2.3379 -0.4354 1.785, 2.3379 -0.4331 1.7885, 2.3346 -0.4327 1.7885, 2.3379 -0.433 1.7885, 2.3379 -0.43 1.7914, 2.3353 -0.4297 1.7914, 2.3361 -0.4261 1.7937, 2.337 -0.4221 1.7951, 2.3361 -0.4218 1.7951, 2.3341 -0.4198 1.7951, 2.3346 -0.4206 1.7951, 2.3338 -0.4189 1.7951, 2.3379 -0.4222 1.7951, 2.334 -0.435 1.7849, 2.3303 -0.4338 1.7849, 2.327 -0.4317 1.7849, 2.3242 -0.4289 1.7849, 2.3222 -0.4256 1.7849, 2.3209 -0.4219 1.7849, 2.3379 -0.4299 1.7915, 2.3379 -0.4263 1.7937, 2.3379 -0.4263 1.7937, 2.3379 -0.4223 1.7951, 2.3327 -0.4245 1.7937, 2.3314 -0.4232 1.7937, 2.3304 -0.4216 1.7937, 2.3298 -0.4198 1.7937, 2.3343 -0.4255 1.7937, 2.3353 -0.4213 1.7951, 2.3327 -0.4288 1.7914, 2.3304 -0.4274 1.7914, 2.3285 -0.4255 1.7914, 2.3271 -0.4232 1.7914, 2.3262 -0.4206 1.7914, 2.3314 -0.4316 1.7885, 2.3285 -0.4298 1.7885, 2.3261 -0.4274 1.7885, 2.3243 -0.4245 1.7885, 2.3232 -0.4213 1.7885, 2.3379 -0.4355 1.7849, 2.4012 -0.4213 1.7885, 2.3982 -0.4206 1.7914, 2.3946 -0.4198 1.7937, 2.3906 -0.4189 1.7951, 2.3903 -0.4198 1.7951, 2.3883 -0.4218 1.7951, 2.3891 -0.4213 1.7951, 2.3874 -0.4221 1.7951, 2.4036 -0.4219 1.7849, 2.4023 -0.4256 1.7849, 2.4002 -0.4289 1.7849, 2.3974 -0.4317 1.7849, 2.3941 -0.4338 1.7849, 2.3904 -0.435 1.7849, 2.3865 -0.4355 1.7849, 2.3865 -0.4222 1.7951, 2.393 -0.4232 1.7937, 2.3917 -0.4245 1.7937, 2.3901 -0.4255 1.7937, 2.3883 -0.4261 1.7937, 2.394 -0.4216 1.7937, 2.3898 -0.4206 1.7951, 2.3865 -0.4223 1.7951, 2.3865 -0.4263 1.7937, 2.3865 -0.4263 1.7937, 2.3865 -0.4299 1.7915, 2.3973 -0.4232 1.7914, 2.3959 -0.4255 1.7914, 2.394 -0.4274 1.7914, 2.3917 -0.4288 1.7914, 2.3891 -0.4297 1.7914, 2.4001 -0.4245 1.7885, 2.3983 -0.4274 1.7885, 2.3959 -0.4298 1.7885, 2.393 -0.4316 1.7885, 2.3898 -0.4327 1.7885, 2.3865 -0.43 1.7914, 2.3865 -0.433 1.7885, 2.3865 -0.4331 1.7885, 2.3865 -0.4354 1.785, 2.2784 0.4914 1.5757, 2.2784 0.4915 0.5906, 2.2779 0.4913 1.5757, 2.2736 0.4895 0.5906, 2.2736 0.4895 1.5761, 2.2734 0.4894 1.5761, 2.2695 0.4864 0.5906, 2.2695 0.4864 1.5762, 2.2665 0.4825 1.5761, 2.2664 0.4823 0.5906, 2.2664 0.4823 1.5761, 2.2646 0.478 1.5757, 2.2645 0.4775 0.5906, 2.2645 0.4775 1.5757, 2.4599 0.4775 1.5757, 2.46 0.4775 0.5906, 2.4598 0.478 1.5757, 2.458 0.4823 0.5906, 2.458 0.4823 1.5761, 2.4579 0.4825 1.5761, 2.4549 0.4864 0.5906, 2.4549 0.4864 1.5762, 2.451 0.4894 1.5761, 2.4508 0.4895 0.5906, 2.4508 0.4895 1.5761, 2.4465 0.4913 1.5757, 2.446 0.4915 0.5906, 2.446 0.4914 1.5757, 2.3197 0.4221 1.7819, 2.3198 0.4227 1.782, 2.3213 0.426 1.7825, 2.3219 0.4271 1.7826, 2.3249 0.431 1.7829, 2.3265 0.4323 1.7828, 2.3288 0.434 1.7826, 2.3332 0.4361 1.782, 2.3338 0.4362 1.7819, 2.3865 0.4355 1.7849, 2.3379 0.4355 1.7849, 2.3865 0.4354 1.785, 2.3379 0.4354 1.785, 2.3865 0.4331 1.7885, 2.3379 0.4331 1.7885, 2.3865 0.433 1.7885, 2.3379 0.433 1.7885, 2.3865 0.43 1.7914, 2.3379 0.43 1.7914, 2.3865 0.4299 1.7915, 2.3379 0.4299 1.7915, 2.3865 0.4263 1.7937, 2.3379 0.4263 1.7937, 2.3865 0.4263 1.7937, 2.3379 0.4263 1.7937, 2.3865 0.4223 1.7951, 2.3379 0.4223 1.7951, 2.3865 0.4222 1.7951, 2.3379 0.4222 1.7951, 2.3912 0.4361 1.782, 2.3913 0.436 1.782, 2.3956 0.434 1.7826, 2.3957 0.434 1.7826, 2.3995 0.431 1.7829, 2.4025 0.4272 1.7826, 2.4025 0.4271 1.7826, 2.4045 0.4228 1.782, 2.4046 0.4227 1.782, 2.2645 0.3099 1.5757, 2.2645 0.3099 0.5906, 2.2646 0.3094 1.5757, 2.2664 0.3051 0.5906, 2.2664 0.3051 1.5761, 2.2665 0.3049 1.5761, 2.2695 0.301 0.5906, 2.2695 0.301 1.5762, 2.2734 0.298 1.5761, 2.2736 0.2979 0.5906, 2.2736 0.2979 1.5761, 2.2779 0.2961 1.5757, 2.2784 0.2959 0.5906, 2.2784 0.296 1.5757, 2.3205 0.418 1.785, 2.3228 0.418 1.7885, 2.3232 0.4213 1.7885, 2.3229 0.418 1.7885, 2.3259 0.418 1.7914, 2.3262 0.4206 1.7914, 2.3298 0.4198 1.7937, 2.3338 0.4189 1.7951, 2.3341 0.4198 1.7951, 2.3361 0.4218 1.7951, 2.3353 0.4213 1.7951, 2.337 0.4221 1.7951, 2.3337 0.418 1.7951, 2.3209 0.4219 1.7849, 2.3222 0.4256 1.7849, 2.3242 0.4289 1.7849, 2.327 0.4317 1.7849, 2.3303 0.4338 1.7849, 2.334 0.435 1.7849, 2.326 0.418 1.7915, 2.3296 0.418 1.7937, 2.3296 0.418 1.7937, 2.3337 0.418 1.7951, 2.3314 0.4232 1.7937, 2.3327 0.4245 1.7937, 2.3343 0.4255 1.7937, 2.3361 0.4261 1.7937, 2.3304 0.4216 1.7937, 2.3346 0.4206 1.7951, 2.3271 0.4232 1.7914, 2.3285 0.4255 1.7914, 2.3304 0.4274 1.7914, 2.3327 0.4288 1.7914, 2.3353 0.4297 1.7914, 2.3243 0.4245 1.7885, 2.3261 0.4274 1.7885, 2.3285 0.4298 1.7885, 2.3314 0.4316 1.7885, 2.3346 0.4327 1.7885, 2.3204 0.418 1.7849, 2.3896 0.4296 1.7914, 2.3886 0.426 1.7937, 2.3876 0.4221 1.7951, 2.3886 0.4217 1.7951, 2.3902 0.4201 1.7951, 2.3895 0.421 1.7951, 2.3906 0.4191 1.7951, 2.391 0.4349 1.7849, 2.3952 0.4331 1.7849, 2.3989 0.4304 1.7849, 2.4016 0.4267 1.7849, 2.4034 0.4225 1.7849, 2.404 0.418 1.7849, 2.3907 0.418 1.7951, 2.3907 0.4252 1.7937, 2.3924 0.4239 1.7937, 2.3937 0.4221 1.7937, 2.3946 0.4201 1.7937, 2.3908 0.418 1.7951, 2.3948 0.418 1.7937, 2.3948 0.418 1.7937, 2.3984 0.418 1.7915, 2.3925 0.4284 1.7914, 2.395 0.4265 1.7914, 2.3969 0.424 1.7914, 2.3981 0.4211 1.7914, 2.3904 0.4326 1.7885, 2.394 0.4311 1.7885, 2.3972 0.4287 1.7885, 2.3996 0.4255 1.7885, 2.4011 0.4219 1.7885, 2.3985 0.418 1.7914, 2.4015 0.418 1.7885, 2.4016 0.418 1.7885, 2.4039 0.418 1.785, 2.446 0.296 1.5757, 2.446 0.2959 0.5906, 2.4465 0.2961 1.5757, 2.4508 0.2979 0.5906, 2.4508 0.2979 1.5761, 2.451 0.298 1.5761, 2.4549 0.301 0.5906, 2.4549 0.301 1.5762, 2.4579 0.3049 1.5761, 2.458 0.3051 0.5906, 2.458 0.3051 1.5761, 2.4598 0.3094 1.5757, 2.46 0.3099 0.5906, 2.4599 0.3099 1.5757, 2.3332 0.3513 1.782, 2.3331 0.3514 1.782, 2.3288 0.3534 1.7826, 2.3287 0.3534 1.7826, 2.3249 0.3564 1.7829, 2.3219 0.3602 1.7826, 2.3219 0.3603 1.7826, 2.3199 0.3646 1.782, 2.3198 0.3647 1.782, 2.3204 0.3694 1.7849, 2.3205 0.3694 1.785, 2.3228 0.3694 1.7885, 2.3229 0.3694 1.7885, 2.3259 0.3694 1.7914, 2.326 0.3694 1.7915, 2.3296 0.3694 1.7937, 2.3296 0.3694 1.7937, 2.3337 0.3694 1.7951, 2.3337 0.3694 1.7951, 2.404 0.3694 1.7849, 2.4039 0.3694 1.785, 2.4016 0.3694 1.7885, 2.4015 0.3694 1.7885, 2.3985 0.3694 1.7914, 2.3984 0.3694 1.7915, 2.3948 0.3694 1.7937, 2.3948 0.3694 1.7937, 2.3908 0.3694 1.7951, 2.3907 0.3694 1.7951, 2.4046 0.3647 1.782, 2.4045 0.3646 1.782, 2.4025 0.3603 1.7826, 2.4025 0.3602 1.7826, 2.3995 0.3564 1.7829, 2.3957 0.3534 1.7826, 2.3956 0.3534 1.7826, 2.3913 0.3514 1.782, 2.3912 0.3513 1.782, 2.3379 0.3544 1.7885, 2.3379 0.3574 1.7914, 2.3348 0.3578 1.7914, 2.3358 0.3614 1.7937, 2.3368 0.3653 1.7951, 2.3358 0.3657 1.7951, 2.3342 0.3673 1.7951, 2.3349 0.3664 1.7951, 2.3338 0.3683 1.7951, 2.3379 0.3652 1.7951, 2.3334 0.3525 1.7849, 2.3292 0.3543 1.7849, 2.3256 0.357 1.7849, 2.3228 0.3607 1.7849, 2.321 0.3649 1.7849, 2.3379 0.3575 1.7915, 2.3379 0.3611 1.7937, 2.3379 0.3611 1.7937, 2.3379 0.3651 1.7951, 2.3338 0.3622 1.7937, 2.332 0.3635 1.7937, 2.3307 0.3653 1.7937, 2.3299 0.3673 1.7937, 2.3319 0.359 1.7914, 2.3294 0.3609 1.7914, 2.3275 0.3634 1.7914, 2.3263 0.3663 1.7914, 2.3379 0.352 1.785, 2.3379 0.3543 1.7885, 2.334 0.3548 1.7885, 2.3304 0.3563 1.7885, 2.3272 0.3587 1.7885, 2.3248 0.3619 1.7885, 2.3233 0.3655 1.7885, 2.3379 0.3519 1.7849, 2.3981 0.3663 1.7914, 2.3946 0.3673 1.7937, 2.3906 0.3683 1.7951, 2.3902 0.3673 1.7951, 2.3886 0.3657 1.7951, 2.3895 0.3664 1.7951, 2.3876 0.3653 1.7951, 2.4034 0.3649 1.7849, 2.4016 0.3607 1.7849, 2.3989 0.357 1.7849, 2.3952 0.3543 1.7849, 2.391 0.3525 1.7849, 2.3865 0.3519 1.7849, 2.3865 0.3652 1.7951, 2.3937 0.3653 1.7937, 2.3924 0.3635 1.7937, 2.3907 0.3622 1.7937, 2.3886 0.3614 1.7937, 2.3865 0.3651 1.7951, 2.3865 0.3611 1.7937, 2.3865 0.3611 1.7937, 2.3865 0.3575 1.7915, 2.3969 0.3634 1.7914, 2.395 0.3609 1.7914, 2.3925 0.359 1.7914, 2.3896 0.3578 1.7914, 2.4011 0.3655 1.7885, 2.3996 0.3619 1.7885, 2.3972 0.3587 1.7885, 2.394 0.3563 1.7885, 2.3904 0.3548 1.7885, 2.3865 0.3574 1.7914, 2.3865 0.3544 1.7885, 2.3865 0.3543 1.7885, 2.3865 0.352 1.785, 2.2784 0.296 -0.9612, 2.2784 0.2959 0.0, 2.2779 0.2961 -0.9613, 2.2736 0.2979 0.0, 2.2736 0.2979 -0.9616, 2.2734 0.298 -0.9616, 2.2695 0.301 0.0, 2.2695 0.301 -0.9617, 2.2665 0.3049 -0.9616, 2.2664 0.3051 0.0, 2.2664 0.3051 -0.9616, 2.2646 0.3094 -0.9613, 2.2645 0.3099 0.0, 2.2645 0.3099 -0.9612, 2.4599 0.3099 -0.9612, 2.46 0.3099 0.0, 2.4598 0.3094 -0.9613, 2.458 0.3051 0.0, 2.458 0.3051 -0.9616, 2.4579 0.3049 -0.9616, 2.4549 0.301 0.0, 2.4549 0.301 -0.9617, 2.451 0.298 -0.9616, 2.4508 0.2979 0.0, 2.4508 0.2979 -0.9616, 2.4465 0.2961 -0.9613, 2.446 0.2959 0.0, 2.446 0.296 -0.9612, 2.3198 0.3647 -1.1675, 2.3199 0.3646 -1.1675, 2.3219 0.3603 -1.1682, 2.3219 0.3602 -1.1682, 2.3249 0.3564 -1.1684, 2.3287 0.3534 -1.1682, 2.3288 0.3534 -1.1682, 2.3331 0.3514 -1.1675, 2.3332 0.3513 -1.1675, 2.3865 0.3519 -1.1704, 2.3379 0.3519 -1.1704, 2.3865 0.3525 -1.1712, 2.3379 0.3525 -1.1712, 2.3865 0.3543 -1.174, 2.3379 0.3543 -1.174, 2.3865 0.3556 -1.1753, 2.3379 0.3556 -1.1753, 2.3865 0.3574 -1.177, 2.3379 0.3574 -1.177, 2.3865 0.3597 -1.1784, 2.3379 0.3597 -1.1784, 2.3865 0.3611 -1.1792, 2.3379 0.3611 -1.1792, 2.3865 0.3644 -1.1804, 2.3379 0.3644 -1.1804, 2.3865 0.3651 -1.1806, 2.3379 0.3651 -1.1806, 2.3912 0.3513 -1.1675, 2.3913 0.3514 -1.1675, 2.3956 0.3534 -1.1682, 2.3957 0.3534 -1.1682, 2.3995 0.3564 -1.1684, 2.4025 0.3602 -1.1682, 2.4025 0.3603 -1.1682, 2.4045 0.3646 -1.1675, 2.4046 0.3647 -1.1675, 2.2645 0.4775 -0.9612, 2.2645 0.4775 0.0, 2.2646 0.478 -0.9613, 2.2664 0.4823 0.0, 2.2664 0.4823 -0.9616, 2.2665 0.4825 -0.9616, 2.2695 0.4864 0.0, 2.2695 0.4864 -0.9617, 2.2734 0.4894 -0.9616, 2.2736 0.4895 0.0, 2.2736 0.4895 -0.9616, 2.2779 0.4913 -0.9613, 2.2784 0.4915 0.0, 2.2784 0.4914 -0.9612, 2.3342 0.3673 -1.1806, 2.3338 0.3683 -1.1806, 2.3358 0.3657 -1.1806, 2.3349 0.3664 -1.1806, 2.3329 0.3694 -1.1804, 2.3337 0.3694 -1.1806, 2.3358 0.3614 -1.1792, 2.321 0.3649 -1.1704, 2.3228 0.3607 -1.1704, 2.3256 0.357 -1.1704, 2.3292 0.3543 -1.1704, 2.3334 0.3525 -1.1704, 2.334 0.3548 -1.174, 2.321 0.3694 -1.1712, 2.3204 0.3694 -1.1704, 2.3233 0.3655 -1.174, 2.3248 0.3619 -1.174, 2.3272 0.3587 -1.174, 2.3304 0.3563 -1.174, 2.3348 0.3578 -1.177, 2.3319 0.359 -1.177, 2.3294 0.3609 -1.177, 2.3275 0.3634 -1.177, 2.3263 0.3663 -1.177, 2.3228 0.3694 -1.174, 2.3241 0.3694 -1.1753, 2.3259 0.3694 -1.177, 2.3282 0.3694 -1.1784, 2.3338 0.3622 -1.1792, 2.332 0.3635 -1.1792, 2.3307 0.3653 -1.1792, 2.3299 0.3673 -1.1792, 2.3296 0.3694 -1.1792, 2.3368 0.3653 -1.1806, 2.3886 0.3657 -1.1806, 2.3876 0.3653 -1.1806, 2.3902 0.3673 -1.1806, 2.3895 0.3664 -1.1806, 2.3915 0.3694 -1.1804, 2.3948 0.3694 -1.1792, 2.3946 0.3673 -1.1792, 2.391 0.3525 -1.1704, 2.3952 0.3543 -1.1704, 2.3989 0.357 -1.1704, 2.4016 0.3607 -1.1704, 2.4034 0.3649 -1.1704, 2.404 0.3694 -1.1704, 2.4003 0.3694 -1.1753, 2.4016 0.3694 -1.174, 2.4011 0.3655 -1.174, 2.4034 0.3694 -1.1712, 2.3904 0.3548 -1.174, 2.394 0.3563 -1.174, 2.3972 0.3587 -1.174, 2.3996 0.3619 -1.174, 2.3981 0.3663 -1.177, 2.3969 0.3634 -1.177, 2.395 0.3609 -1.177, 2.3925 0.359 -1.177, 2.3896 0.3578 -1.177, 2.3963 0.3694 -1.1784, 2.3985 0.3694 -1.177, 2.3937 0.3653 -1.1792, 2.3924 0.3635 -1.1792, 2.3907 0.3622 -1.1792, 2.3886 0.3614 -1.1792, 2.3908 0.3694 -1.1806, 2.3906 0.3683 -1.1806, 2.446 0.4914 -0.9612, 2.446 0.4915 0.0, 2.4465 0.4913 -0.9613, 2.4508 0.4895 0.0, 2.4508 0.4895 -0.9616, 2.451 0.4894 -0.9616, 2.4549 0.4864 0.0, 2.4549 0.4864 -0.9617, 2.4579 0.4825 -0.9616, 2.458 0.4823 0.0, 2.458 0.4823 -0.9616, 2.4598 0.478 -0.9613, 2.46 0.4775 0.0, 2.4599 0.4775 -0.9612, 2.3332 0.4361 -1.1675, 2.3331 0.436 -1.1675, 2.3288 0.434 -1.1682, 2.3287 0.434 -1.1682, 2.3249 0.431 -1.1684, 2.3219 0.4272 -1.1682, 2.3219 0.4271 -1.1682, 2.3199 0.4228 -1.1675, 2.3198 0.4227 -1.1675, 2.3337 0.418 -1.1806, 2.3329 0.418 -1.1804, 2.3296 0.418 -1.1792, 2.3282 0.418 -1.1784, 2.3259 0.418 -1.177, 2.3241 0.418 -1.1753, 2.3228 0.418 -1.174, 2.321 0.418 -1.1712, 2.3204 0.418 -1.1704, 2.404 0.418 -1.1704, 2.4034 0.418 -1.1712, 2.4016 0.418 -1.174, 2.4003 0.418 -1.1753, 2.3985 0.418 -1.177, 2.3963 0.418 -1.1784, 2.3948 0.418 -1.1792, 2.3915 0.418 -1.1804, 2.3908 0.418 -1.1806, 2.4046 0.4227 -1.1675, 2.4045 0.4228 -1.1675, 2.4025 0.4271 -1.1682, 2.4025 0.4272 -1.1682, 2.3995 0.431 -1.1684, 2.3957 0.434 -1.1682, 2.3956 0.434 -1.1682, 2.3913 0.436 -1.1675, 2.3912 0.4361 -1.1675, 2.3358 0.4217 -1.1806, 2.3368 0.4221 -1.1806, 2.3342 0.4201 -1.1806, 2.3349 0.421 -1.1806, 2.3379 0.423 -1.1804, 2.3379 0.4223 -1.1806, 2.3299 0.4201 -1.1792, 2.3334 0.4349 -1.1704, 2.3292 0.4331 -1.1704, 2.3256 0.4304 -1.1704, 2.3228 0.4267 -1.1704, 2.321 0.4225 -1.1704, 2.3233 0.4219 -1.174, 2.3379 0.4349 -1.1712, 2.3379 0.4355 -1.1704, 2.334 0.4326 -1.174, 2.3304 0.4311 -1.174, 2.3272 0.4287 -1.174, 2.3248 0.4255 -1.174, 2.3263 0.4211 -1.177, 2.3275 0.424 -1.177, 2.3294 0.4265 -1.177, 2.3319 0.4284 -1.177, 2.3348 0.4296 -1.177, 2.3379 0.4331 -1.174, 2.3379 0.4318 -1.1753, 2.3379 0.43 -1.177, 2.3379 0.4277 -1.1784, 2.3307 0.4221 -1.1792, 2.332 0.4239 -1.1792, 2.3338 0.4252 -1.1792, 2.3358 0.426 -1.1792, 2.3379 0.4263 -1.1792, 2.3338 0.4191 -1.1806, 2.3902 0.4201 -1.1806, 2.3906 0.4191 -1.1806, 2.3886 0.4217 -1.1806, 2.3895 0.421 -1.1806, 2.3865 0.423 -1.1804, 2.3865 0.4263 -1.1792, 2.3886 0.426 -1.1792, 2.4034 0.4225 -1.1704, 2.4016 0.4267 -1.1704, 2.3989 0.4304 -1.1704, 2.3952 0.4331 -1.1704, 2.391 0.4349 -1.1704, 2.3865 0.4355 -1.1704, 2.3865 0.4318 -1.1753, 2.3865 0.4331 -1.174, 2.3904 0.4326 -1.174, 2.3865 0.4349 -1.1712, 2.4011 0.4219 -1.174, 2.3996 0.4255 -1.174, 2.3972 0.4287 -1.174, 2.394 0.4311 -1.174, 2.3896 0.4296 -1.177, 2.3925 0.4284 -1.177, 2.395 0.4265 -1.177, 2.3969 0.424 -1.177, 2.3981 0.4211 -1.177, 2.3865 0.4277 -1.1784, 2.3865 0.43 -1.177, 2.3907 0.4252 -1.1792, 2.3924 0.4239 -1.1792, 2.3937 0.4221 -1.1792, 2.3946 0.4201 -1.1792, 2.3865 0.4223 -1.1806, 2.3876 0.4221 -1.1806, 2.2784 -0.4914 -0.9612, 2.2784 -0.4915 0.0, 2.2779 -0.4913 -0.9613, 2.2736 -0.4895 0.0, 2.2736 -0.4895 -0.9616, 2.2734 -0.4894 -0.9616, 2.2695 -0.4864 0.0, 2.2695 -0.4864 -0.9617, 2.2665 -0.4825 -0.9616, 2.2664 -0.4823 0.0, 2.2664 -0.4823 -0.9616, 2.2646 -0.478 -0.9613, 2.2645 -0.4775 0.0, 2.2645 -0.4775 -0.9612, 2.4599 -0.4775 -0.9612, 2.46 -0.4775 0.0, 2.4598 -0.478 -0.9613, 2.458 -0.4823 0.0, 2.458 -0.4823 -0.9616, 2.4579 -0.4825 -0.9616, 2.4549 -0.4864 0.0, 2.4549 -0.4864 -0.9617, 2.451 -0.4894 -0.9616, 2.4508 -0.4895 0.0, 2.4508 -0.4895 -0.9616, 2.4465 -0.4913 -0.9613, 2.446 -0.4915 0.0, 2.446 -0.4914 -0.9612, 2.3198 -0.4227 -1.1675, 2.3199 -0.4228 -1.1675, 2.3219 -0.4271 -1.1682, 2.3219 -0.4272 -1.1682, 2.3249 -0.431 -1.1684, 2.3287 -0.434 -1.1682, 2.3288 -0.434 -1.1682, 2.3331 -0.436 -1.1675, 2.3332 -0.4361 -1.1675, 2.3865 -0.4355 -1.1704, 2.3379 -0.4355 -1.1704, 2.3865 -0.4349 -1.1712, 2.3379 -0.4349 -1.1712, 2.3865 -0.4331 -1.174, 2.3379 -0.4331 -1.174, 2.3865 -0.4318 -1.1753, 2.3379 -0.4318 -1.1753, 2.3865 -0.43 -1.177, 2.3379 -0.43 -1.177, 2.3865 -0.4277 -1.1784, 2.3379 -0.4277 -1.1784, 2.3865 -0.4263 -1.1792, 2.3379 -0.4263 -1.1792, 2.3865 -0.423 -1.1804, 2.3379 -0.423 -1.1804, 2.3865 -0.4223 -1.1806, 2.3379 -0.4223 -1.1806, 2.3912 -0.4361 -1.1675, 2.3913 -0.436 -1.1675, 2.3956 -0.434 -1.1682, 2.3957 -0.434 -1.1682, 2.3995 -0.431 -1.1684, 2.4025 -0.4272 -1.1682, 2.4025 -0.4271 -1.1682, 2.4045 -0.4228 -1.1675, 2.4046 -0.4227 -1.1675, 2.2645 -0.3099 -0.9612, 2.2645 -0.3099 0.0, 2.2646 -0.3094 -0.9613, 2.2664 -0.3051 0.0, 2.2664 -0.3051 -0.9616, 2.2665 -0.3049 -0.9616, 2.2695 -0.301 0.0, 2.2695 -0.301 -0.9617, 2.2734 -0.298 -0.9616, 2.2736 -0.2979 0.0, 2.2736 -0.2979 -0.9616, 2.2779 -0.2961 -0.9613, 2.2784 -0.2959 0.0, 2.2784 -0.296 -0.9612, 2.3342 -0.4201 -1.1806, 2.3338 -0.4191 -1.1806, 2.3358 -0.4217 -1.1806, 2.3349 -0.421 -1.1806, 2.3329 -0.418 -1.1804, 2.3337 -0.418 -1.1806, 2.3358 -0.426 -1.1792, 2.321 -0.4225 -1.1704, 2.3228 -0.4267 -1.1704, 2.3256 -0.4304 -1.1704, 2.3292 -0.4331 -1.1704, 2.3334 -0.4349 -1.1704, 2.334 -0.4326 -1.174, 2.321 -0.418 -1.1712, 2.3204 -0.418 -1.1704, 2.3233 -0.4219 -1.174, 2.3248 -0.4255 -1.174, 2.3272 -0.4287 -1.174, 2.3304 -0.4311 -1.174, 2.3348 -0.4296 -1.177, 2.3319 -0.4284 -1.177, 2.3294 -0.4265 -1.177, 2.3275 -0.424 -1.177, 2.3263 -0.4211 -1.177, 2.3228 -0.418 -1.174, 2.3241 -0.418 -1.1753, 2.3259 -0.418 -1.177, 2.3282 -0.418 -1.1784, 2.3338 -0.4252 -1.1792, 2.332 -0.4239 -1.1792, 2.3307 -0.4221 -1.1792, 2.3299 -0.4201 -1.1792, 2.3296 -0.418 -1.1792, 2.3368 -0.4221 -1.1806, 2.3886 -0.4217 -1.1806, 2.3876 -0.4221 -1.1806, 2.3902 -0.4201 -1.1806, 2.3895 -0.421 -1.1806, 2.3915 -0.418 -1.1804, 2.3948 -0.418 -1.1792, 2.3946 -0.4201 -1.1792, 2.391 -0.4349 -1.1704, 2.3952 -0.4331 -1.1704, 2.3989 -0.4304 -1.1704, 2.4016 -0.4267 -1.1704, 2.4034 -0.4225 -1.1704, 2.404 -0.418 -1.1704, 2.4003 -0.418 -1.1753, 2.4016 -0.418 -1.174, 2.4011 -0.4219 -1.174, 2.4034 -0.418 -1.1712, 2.3904 -0.4326 -1.174, 2.394 -0.4311 -1.174, 2.3972 -0.4287 -1.174, 2.3996 -0.4255 -1.174, 2.3981 -0.4211 -1.177, 2.3969 -0.424 -1.177, 2.395 -0.4265 -1.177, 2.3925 -0.4284 -1.177, 2.3896 -0.4296 -1.177, 2.3963 -0.418 -1.1784, 2.3985 -0.418 -1.177, 2.3937 -0.4221 -1.1792, 2.3924 -0.4239 -1.1792, 2.3907 -0.4252 -1.1792, 2.3886 -0.426 -1.1792, 2.3908 -0.418 -1.1806, 2.3906 -0.4191 -1.1806, 2.446 -0.296 -0.9612, 2.446 -0.2959 0.0, 2.4465 -0.2961 -0.9613, 2.4508 -0.2979 0.0, 2.4508 -0.2979 -0.9616, 2.451 -0.298 -0.9616, 2.4549 -0.301 0.0, 2.4549 -0.301 -0.9617, 2.4579 -0.3049 -0.9616, 2.458 -0.3051 0.0, 2.458 -0.3051 -0.9616, 2.4598 -0.3094 -0.9613, 2.46 -0.3099 0.0, 2.4599 -0.3099 -0.9612, 2.3332 -0.3513 -1.1675, 2.3331 -0.3514 -1.1675, 2.3288 -0.3534 -1.1682, 2.3287 -0.3534 -1.1682, 2.3249 -0.3564 -1.1684, 2.3219 -0.3602 -1.1682, 2.3219 -0.3603 -1.1682, 2.3199 -0.3646 -1.1675, 2.3198 -0.3647 -1.1675, 2.3337 -0.3694 -1.1806, 2.3329 -0.3694 -1.1804, 2.3296 -0.3694 -1.1792, 2.3282 -0.3694 -1.1784, 2.3259 -0.3694 -1.177, 2.3241 -0.3694 -1.1753, 2.3228 -0.3694 -1.174, 2.321 -0.3694 -1.1712, 2.3204 -0.3694 -1.1704, 2.3908 -0.3694 -1.1806, 2.3915 -0.3694 -1.1804, 2.3948 -0.3694 -1.1792, 2.3963 -0.3694 -1.1784, 2.3985 -0.3694 -1.177, 2.4003 -0.3694 -1.1753, 2.4016 -0.3694 -1.174, 2.4034 -0.3694 -1.1712, 2.404 -0.3694 -1.1704, 2.4046 -0.3647 -1.1675, 2.4045 -0.3646 -1.1675, 2.4025 -0.3603 -1.1682, 2.4025 -0.3602 -1.1682, 2.3995 -0.3564 -1.1684, 2.3957 -0.3534 -1.1682, 2.3956 -0.3534 -1.1682, 2.3913 -0.3514 -1.1675, 2.3912 -0.3513 -1.1675, 2.3358 -0.3657 -1.1806, 2.3368 -0.3653 -1.1806, 2.3342 -0.3673 -1.1806, 2.3349 -0.3664 -1.1806, 2.3379 -0.3644 -1.1804, 2.3379 -0.3651 -1.1806, 2.3299 -0.3673 -1.1792, 2.3334 -0.3525 -1.1704, 2.3292 -0.3543 -1.1704, 2.3256 -0.357 -1.1704, 2.3228 -0.3607 -1.1704, 2.321 -0.3649 -1.1704, 2.3233 -0.3655 -1.174, 2.3379 -0.3525 -1.1712, 2.3379 -0.3519 -1.1704, 2.334 -0.3548 -1.174, 2.3304 -0.3563 -1.174, 2.3272 -0.3587 -1.174, 2.3248 -0.3619 -1.174, 2.3263 -0.3663 -1.177, 2.3275 -0.3634 -1.177, 2.3294 -0.3609 -1.177, 2.3319 -0.359 -1.177, 2.3348 -0.3578 -1.177, 2.3379 -0.3543 -1.174, 2.3379 -0.3556 -1.1753, 2.3379 -0.3574 -1.177, 2.3379 -0.3597 -1.1784, 2.3307 -0.3653 -1.1792, 2.332 -0.3635 -1.1792, 2.3338 -0.3622 -1.1792, 2.3358 -0.3614 -1.1792, 2.3379 -0.3611 -1.1792, 2.3338 -0.3683 -1.1806, 2.3902 -0.3673 -1.1806, 2.3906 -0.3683 -1.1806, 2.3886 -0.3657 -1.1806, 2.3895 -0.3664 -1.1806, 2.3865 -0.3644 -1.1804, 2.3865 -0.3611 -1.1792, 2.3886 -0.3614 -1.1792, 2.4034 -0.3649 -1.1704, 2.4016 -0.3607 -1.1704, 2.3989 -0.357 -1.1704, 2.3952 -0.3543 -1.1704, 2.391 -0.3525 -1.1704, 2.3865 -0.3519 -1.1704, 2.3865 -0.3556 -1.1753, 2.3865 -0.3543 -1.174, 2.3904 -0.3548 -1.174, 2.3865 -0.3525 -1.1712, 2.4011 -0.3655 -1.174, 2.3996 -0.3619 -1.174, 2.3972 -0.3587 -1.174, 2.394 -0.3563 -1.174, 2.3896 -0.3578 -1.177, 2.3925 -0.359 -1.177, 2.395 -0.3609 -1.177, 2.3969 -0.3634 -1.177, 2.3981 -0.3663 -1.177, 2.3865 -0.3597 -1.1784, 2.3865 -0.3574 -1.177, 2.3907 -0.3622 -1.1792, 2.3924 -0.3635 -1.1792, 2.3937 -0.3653 -1.1792, 2.3946 -0.3673 -1.1792, 2.3865 -0.3651 -1.1806, 2.3876 -0.3653 -1.1806, 3.0658 -0.296 1.5757, 3.0658 -0.2959 0.5906, 3.0653 -0.2961 1.5757, 3.061 -0.2979 0.5906, 3.061 -0.2979 1.5761, 3.0608 -0.298 1.5761, 3.0569 -0.301 0.5906, 3.0569 -0.301 1.5762, 3.0539 -0.3049 1.5761, 3.0538 -0.3051 0.5906, 3.0538 -0.3051 1.5761, 3.052 -0.3094 1.5757, 3.0519 -0.3099 0.5906, 3.0519 -0.3099 1.5757, 3.2473 -0.3099 1.5757, 3.2474 -0.3099 0.5906, 3.2472 -0.3094 1.5757, 3.2454 -0.3051 0.5906, 3.2454 -0.3051 1.5761, 3.2453 -0.3049 1.5761, 3.2423 -0.301 0.5906, 3.2423 -0.301 1.5762, 3.2384 -0.298 1.5761, 3.2382 -0.2979 0.5906, 3.2382 -0.2979 1.5761, 3.2339 -0.2961 1.5757, 3.2334 -0.2959 0.5906, 3.2334 -0.296 1.5757, 3.1072 -0.3647 1.782, 3.1073 -0.3646 1.782, 3.1093 -0.3603 1.7826, 3.1093 -0.3602 1.7826, 3.1123 -0.3564 1.7829, 3.1161 -0.3534 1.7826, 3.1162 -0.3534 1.7826, 3.1205 -0.3514 1.782, 3.1206 -0.3513 1.782, 3.1739 -0.3652 1.7951, 3.1739 -0.3519 1.7849, 3.1253 -0.3519 1.7849, 3.1739 -0.352 1.785, 3.1253 -0.352 1.785, 3.1739 -0.3543 1.7885, 3.1253 -0.3543 1.7885, 3.1739 -0.3544 1.7885, 3.1253 -0.3544 1.7885, 3.1739 -0.3574 1.7914, 3.1253 -0.3574 1.7914, 3.1739 -0.3575 1.7915, 3.1253 -0.3575 1.7915, 3.1739 -0.3611 1.7937, 3.1253 -0.3611 1.7937, 3.1739 -0.3611 1.7937, 3.1253 -0.3611 1.7937, 3.1739 -0.3651 1.7951, 3.1253 -0.3651 1.7951, 3.1253 -0.3652 1.7951, 3.1786 -0.3513 1.782, 3.1787 -0.3514 1.782, 3.183 -0.3534 1.7826, 3.1831 -0.3534 1.7826, 3.1869 -0.3564 1.7829, 3.1899 -0.3602 1.7826, 3.1899 -0.3603 1.7826, 3.1919 -0.3646 1.782, 3.192 -0.3647 1.782, 3.0519 -0.4775 1.5757, 3.0519 -0.4775 0.5906, 3.052 -0.478 1.5757, 3.0538 -0.4823 0.5906, 3.0538 -0.4823 1.5761, 3.0539 -0.4825 1.5761, 3.0569 -0.4864 0.5906, 3.0569 -0.4864 1.5762, 3.0608 -0.4894 1.5761, 3.061 -0.4895 0.5906, 3.061 -0.4895 1.5761, 3.0653 -0.4913 1.5757, 3.0658 -0.4915 0.5906, 3.0658 -0.4914 1.5757, 3.1103 -0.3694 1.7885, 3.1133 -0.3694 1.7914, 3.1137 -0.3663 1.7914, 3.1173 -0.3673 1.7937, 3.1212 -0.3683 1.7951, 3.1216 -0.3673 1.7951, 3.1232 -0.3657 1.7951, 3.1223 -0.3664 1.7951, 3.1242 -0.3653 1.7951, 3.1211 -0.3694 1.7951, 3.1084 -0.3649 1.7849, 3.1102 -0.3607 1.7849, 3.113 -0.357 1.7849, 3.1166 -0.3543 1.7849, 3.1208 -0.3525 1.7849, 3.1134 -0.3694 1.7915, 3.117 -0.3694 1.7937, 3.117 -0.3694 1.7937, 3.1211 -0.3694 1.7951, 3.1181 -0.3653 1.7937, 3.1194 -0.3635 1.7937, 3.1212 -0.3622 1.7937, 3.1232 -0.3614 1.7937, 3.1149 -0.3634 1.7914, 3.1168 -0.3609 1.7914, 3.1193 -0.359 1.7914, 3.1222 -0.3578 1.7914, 3.1079 -0.3694 1.785, 3.1102 -0.3694 1.7885, 3.1107 -0.3655 1.7885, 3.1122 -0.3619 1.7885, 3.1146 -0.3587 1.7885, 3.1178 -0.3563 1.7885, 3.1214 -0.3548 1.7885, 3.1078 -0.3694 1.7849, 3.177 -0.3578 1.7914, 3.176 -0.3614 1.7937, 3.175 -0.3653 1.7951, 3.176 -0.3657 1.7951, 3.1776 -0.3673 1.7951, 3.1769 -0.3664 1.7951, 3.178 -0.3683 1.7951, 3.1784 -0.3525 1.7849, 3.1826 -0.3543 1.7849, 3.1863 -0.357 1.7849, 3.189 -0.3607 1.7849, 3.1908 -0.3649 1.7849, 3.1914 -0.3694 1.7849, 3.1781 -0.3694 1.7951, 3.1781 -0.3622 1.7937, 3.1798 -0.3635 1.7937, 3.1811 -0.3653 1.7937, 3.182 -0.3673 1.7937, 3.1782 -0.3694 1.7951, 3.1822 -0.3694 1.7937, 3.1822 -0.3694 1.7937, 3.1859 -0.3694 1.7915, 3.1799 -0.359 1.7914, 3.1824 -0.3609 1.7914, 3.1843 -0.3634 1.7914, 3.1855 -0.3663 1.7914, 3.1778 -0.3548 1.7885, 3.1814 -0.3563 1.7885, 3.1846 -0.3587 1.7885, 3.187 -0.3619 1.7885, 3.1885 -0.3655 1.7885, 3.1859 -0.3694 1.7914, 3.1889 -0.3694 1.7885, 3.189 -0.3694 1.7885, 3.1913 -0.3694 1.785, 3.2334 -0.4914 1.5757, 3.2334 -0.4915 0.5906, 3.2339 -0.4913 1.5757, 3.2382 -0.4895 0.5906, 3.2382 -0.4895 1.5761, 3.2384 -0.4894 1.5761, 3.2423 -0.4864 0.5906, 3.2423 -0.4864 1.5762, 3.2453 -0.4825 1.5761, 3.2454 -0.4823 0.5906, 3.2454 -0.4823 1.5761, 3.2472 -0.478 1.5757, 3.2474 -0.4775 0.5906, 3.2473 -0.4775 1.5757, 3.1206 -0.4361 1.782, 3.1205 -0.436 1.782, 3.1162 -0.434 1.7826, 3.1161 -0.434 1.7826, 3.1123 -0.431 1.7829, 3.1093 -0.4272 1.7826, 3.1093 -0.4271 1.7826, 3.1073 -0.4228 1.782, 3.1072 -0.4227 1.782, 3.1078 -0.418 1.7849, 3.1079 -0.418 1.785, 3.1102 -0.418 1.7885, 3.1103 -0.418 1.7885, 3.1133 -0.418 1.7914, 3.1134 -0.418 1.7915, 3.117 -0.418 1.7937, 3.117 -0.418 1.7937, 3.1211 -0.418 1.7951, 3.1211 -0.418 1.7951, 3.1914 -0.418 1.7849, 3.1913 -0.418 1.785, 3.189 -0.418 1.7885, 3.1889 -0.418 1.7885, 3.1859 -0.418 1.7914, 3.1859 -0.418 1.7915, 3.1822 -0.418 1.7937, 3.1822 -0.418 1.7937, 3.1782 -0.418 1.7951, 3.1781 -0.418 1.7951, 3.192 -0.4227 1.782, 3.1919 -0.4228 1.782, 3.1899 -0.4271 1.7826, 3.1899 -0.4272 1.7826, 3.1869 -0.431 1.7829, 3.1831 -0.434 1.7826, 3.183 -0.434 1.7826, 3.1787 -0.436 1.782, 3.1786 -0.4361 1.782, 3.1253 -0.433 1.7885, 3.1253 -0.43 1.7914, 3.1222 -0.4296 1.7914, 3.1232 -0.426 1.7937, 3.1242 -0.4221 1.7951, 3.1232 -0.4217 1.7951, 3.1216 -0.4201 1.7951, 3.1223 -0.421 1.7951, 3.1212 -0.4191 1.7951, 3.1253 -0.4222 1.7951, 3.1208 -0.4349 1.7849, 3.1166 -0.4331 1.7849, 3.113 -0.4304 1.7849, 3.1102 -0.4267 1.7849, 3.1084 -0.4225 1.7849, 3.1253 -0.4299 1.7915, 3.1253 -0.4263 1.7937, 3.1253 -0.4263 1.7937, 3.1253 -0.4223 1.7951, 3.1212 -0.4252 1.7937, 3.1194 -0.4239 1.7937, 3.1181 -0.4221 1.7937, 3.1173 -0.4201 1.7937, 3.1193 -0.4284 1.7914, 3.1168 -0.4265 1.7914, 3.1149 -0.424 1.7914, 3.1137 -0.4211 1.7914, 3.1253 -0.4354 1.785, 3.1253 -0.4331 1.7885, 3.1214 -0.4326 1.7885, 3.1178 -0.4311 1.7885, 3.1146 -0.4287 1.7885, 3.1122 -0.4255 1.7885, 3.1107 -0.4219 1.7885, 3.1253 -0.4355 1.7849, 3.1855 -0.4211 1.7914, 3.182 -0.4201 1.7937, 3.178 -0.4191 1.7951, 3.1776 -0.4201 1.7951, 3.176 -0.4217 1.7951, 3.1769 -0.421 1.7951, 3.175 -0.4221 1.7951, 3.1908 -0.4225 1.7849, 3.189 -0.4267 1.7849, 3.1863 -0.4304 1.7849, 3.1826 -0.4331 1.7849, 3.1784 -0.4349 1.7849, 3.1739 -0.4355 1.7849, 3.1739 -0.4222 1.7951, 3.1811 -0.4221 1.7937, 3.1798 -0.4239 1.7937, 3.1781 -0.4252 1.7937, 3.176 -0.426 1.7937, 3.1739 -0.4223 1.7951, 3.1739 -0.4263 1.7937, 3.1739 -0.4263 1.7937, 3.1739 -0.4299 1.7915, 3.1843 -0.424 1.7914, 3.1824 -0.4265 1.7914, 3.1799 -0.4284 1.7914, 3.177 -0.4296 1.7914, 3.1885 -0.4219 1.7885, 3.187 -0.4255 1.7885, 3.1846 -0.4287 1.7885, 3.1814 -0.4311 1.7885, 3.1778 -0.4326 1.7885, 3.1739 -0.43 1.7914, 3.1739 -0.433 1.7885, 3.1739 -0.4331 1.7885, 3.1739 -0.4354 1.785, 3.0658 0.4914 1.5757, 3.0658 0.4915 0.5906, 3.0653 0.4913 1.5757, 3.061 0.4895 0.5906, 3.061 0.4895 1.5761, 3.0608 0.4894 1.5761, 3.0569 0.4864 0.5906, 3.0569 0.4864 1.5762, 3.0539 0.4825 1.5761, 3.0538 0.4823 0.5906, 3.0538 0.4823 1.5761, 3.052 0.478 1.5757, 3.0519 0.4775 0.5906, 3.0519 0.4775 1.5757, 3.2473 0.4775 1.5757, 3.2474 0.4775 0.5906, 3.2472 0.478 1.5757, 3.2454 0.4823 0.5906, 3.2454 0.4823 1.5761, 3.2453 0.4825 1.5761, 3.2423 0.4864 0.5906, 3.2423 0.4864 1.5762, 3.2384 0.4894 1.5761, 3.2382 0.4895 0.5906, 3.2382 0.4895 1.5761, 3.2339 0.4913 1.5757, 3.2334 0.4915 0.5906, 3.2334 0.4914 1.5757, 3.1072 0.4227 1.782, 3.1073 0.4228 1.782, 3.1093 0.4271 1.7826, 3.1093 0.4272 1.7826, 3.1123 0.431 1.7829, 3.1161 0.434 1.7826, 3.1162 0.434 1.7826, 3.1205 0.436 1.782, 3.1206 0.4361 1.782, 3.1739 0.4355 1.7849, 3.1253 0.4355 1.7849, 3.1739 0.4354 1.785, 3.1253 0.4354 1.785, 3.1739 0.4331 1.7885, 3.1253 0.4331 1.7885, 3.1739 0.433 1.7885, 3.1253 0.433 1.7885, 3.1739 0.43 1.7914, 3.1253 0.43 1.7914, 3.1739 0.4299 1.7915, 3.1253 0.4299 1.7915, 3.1739 0.4263 1.7937, 3.1253 0.4263 1.7937, 3.1739 0.4263 1.7937, 3.1253 0.4263 1.7937, 3.1739 0.4223 1.7951, 3.1253 0.4223 1.7951, 3.1739 0.4222 1.7951, 3.1253 0.4222 1.7951, 3.1786 0.4361 1.782, 3.1787 0.436 1.782, 3.183 0.434 1.7826, 3.1831 0.434 1.7826, 3.1869 0.431 1.7829, 3.1899 0.4272 1.7826, 3.1899 0.4271 1.7826, 3.1919 0.4228 1.782, 3.192 0.4227 1.782, 3.0519 0.3099 1.5757, 3.0519 0.3099 0.5906, 3.052 0.3094 1.5757, 3.0538 0.3051 0.5906, 3.0538 0.3051 1.5761, 3.0539 0.3049 1.5761, 3.0569 0.301 0.5906, 3.0569 0.301 1.5762, 3.0608 0.298 1.5761, 3.061 0.2979 0.5906, 3.061 0.2979 1.5761, 3.0653 0.2961 1.5757, 3.0658 0.2959 0.5906, 3.0658 0.296 1.5757, 3.1103 0.418 1.7885, 3.1133 0.418 1.7914, 3.1137 0.4211 1.7914, 3.1173 0.4201 1.7937, 3.1212 0.4191 1.7951, 3.1216 0.4201 1.7951, 3.1232 0.4217 1.7951, 3.1223 0.421 1.7951, 3.1242 0.4221 1.7951, 3.1211 0.418 1.7951, 3.1084 0.4225 1.7849, 3.1102 0.4267 1.7849, 3.113 0.4304 1.7849, 3.1166 0.4331 1.7849, 3.1208 0.4349 1.7849, 3.1134 0.418 1.7915, 3.117 0.418 1.7937, 3.117 0.418 1.7937, 3.1211 0.418 1.7951, 3.1181 0.4221 1.7937, 3.1194 0.4239 1.7937, 3.1212 0.4252 1.7937, 3.1232 0.426 1.7937, 3.1149 0.424 1.7914, 3.1168 0.4265 1.7914, 3.1193 0.4284 1.7914, 3.1222 0.4296 1.7914, 3.1079 0.418 1.785, 3.1102 0.418 1.7885, 3.1107 0.4219 1.7885, 3.1122 0.4255 1.7885, 3.1146 0.4287 1.7885, 3.1178 0.4311 1.7885, 3.1214 0.4326 1.7885, 3.1078 0.418 1.7849, 3.177 0.4296 1.7914, 3.176 0.426 1.7937, 3.175 0.4221 1.7951, 3.176 0.4217 1.7951, 3.1776 0.4201 1.7951, 3.1769 0.421 1.7951, 3.178 0.4191 1.7951, 3.1784 0.4349 1.7849, 3.1826 0.4331 1.7849, 3.1863 0.4304 1.7849, 3.189 0.4267 1.7849, 3.1908 0.4225 1.7849, 3.1914 0.418 1.7849, 3.1781 0.418 1.7951, 3.1781 0.4252 1.7937, 3.1798 0.4239 1.7937, 3.1811 0.4221 1.7937, 3.182 0.4201 1.7937, 3.1782 0.418 1.7951, 3.1822 0.418 1.7937, 3.1822 0.418 1.7937, 3.1859 0.418 1.7915, 3.1799 0.4284 1.7914, 3.1824 0.4265 1.7914, 3.1843 0.424 1.7914, 3.1855 0.4211 1.7914, 3.1778 0.4326 1.7885, 3.1814 0.4311 1.7885, 3.1846 0.4287 1.7885, 3.187 0.4255 1.7885, 3.1885 0.4219 1.7885, 3.1859 0.418 1.7914, 3.1889 0.418 1.7885, 3.189 0.418 1.7885, 3.1913 0.418 1.785, 3.2334 0.296 1.5757, 3.2334 0.2959 0.5906, 3.2339 0.2961 1.5757, 3.2382 0.2979 0.5906, 3.2382 0.2979 1.5761, 3.2384 0.298 1.5761, 3.2423 0.301 0.5906, 3.2423 0.301 1.5762, 3.2453 0.3049 1.5761, 3.2454 0.3051 0.5906, 3.2454 0.3051 1.5761, 3.2472 0.3094 1.5757, 3.2474 0.3099 0.5906, 3.2473 0.3099 1.5757, 3.1212 0.3512 1.7819, 3.1206 0.3513 1.782, 3.1173 0.3528 1.7825, 3.1162 0.3534 1.7826, 3.1123 0.3564 1.7829, 3.111 0.358 1.7828, 3.1093 0.3603 1.7826, 3.1072 0.3647 1.782, 3.1071 0.3653 1.7819, 3.1078 0.3694 1.7849, 3.1079 0.3694 1.785, 3.1102 0.3694 1.7885, 3.1103 0.3694 1.7885, 3.1133 0.3694 1.7914, 3.1134 0.3694 1.7915, 3.117 0.3694 1.7937, 3.117 0.3694 1.7937, 3.1211 0.3694 1.7951, 3.1211 0.3694 1.7951, 3.1914 0.3694 1.7849, 3.1913 0.3694 1.785, 3.189 0.3694 1.7885, 3.1889 0.3694 1.7885, 3.1859 0.3694 1.7914, 3.1859 0.3694 1.7915, 3.1822 0.3694 1.7937, 3.1822 0.3694 1.7937, 3.1782 0.3694 1.7951, 3.1781 0.3694 1.7951, 3.192 0.3647 1.782, 3.1919 0.3646 1.782, 3.1899 0.3603 1.7826, 3.1899 0.3602 1.7826, 3.1869 0.3564 1.7829, 3.1831 0.3534 1.7826, 3.183 0.3534 1.7826, 3.1787 0.3514 1.782, 3.1786 0.3513 1.782, 3.1253 0.352 1.785, 3.1253 0.3543 1.7885, 3.122 0.3547 1.7885, 3.1253 0.3544 1.7885, 3.1253 0.3574 1.7914, 3.1227 0.3577 1.7914, 3.1235 0.3613 1.7937, 3.1244 0.3653 1.7951, 3.1235 0.3656 1.7951, 3.1215 0.3676 1.7951, 3.122 0.3668 1.7951, 3.1212 0.3685 1.7951, 3.1253 0.3652 1.7951, 3.1214 0.3524 1.7849, 3.1177 0.3537 1.7849, 3.1144 0.3557 1.7849, 3.1116 0.3585 1.7849, 3.1096 0.3618 1.7849, 3.1083 0.3655 1.7849, 3.1253 0.3575 1.7915, 3.1253 0.3611 1.7937, 3.1253 0.3611 1.7937, 3.1253 0.3651 1.7951, 3.1201 0.3629 1.7937, 3.1188 0.3642 1.7937, 3.1178 0.3658 1.7937, 3.1172 0.3676 1.7937, 3.1217 0.3619 1.7937, 3.1227 0.3661 1.7951, 3.1201 0.3586 1.7914, 3.1178 0.36 1.7914, 3.1159 0.3619 1.7914, 3.1145 0.3642 1.7914, 3.1136 0.3668 1.7914, 3.1188 0.3558 1.7885, 3.1159 0.3576 1.7885, 3.1135 0.36 1.7885, 3.1117 0.3629 1.7885, 3.1106 0.3661 1.7885, 3.1253 0.3519 1.7849, 3.1855 0.3663 1.7914, 3.182 0.3673 1.7937, 3.178 0.3683 1.7951, 3.1776 0.3673 1.7951, 3.176 0.3657 1.7951, 3.1769 0.3664 1.7951, 3.175 0.3653 1.7951, 3.1908 0.3649 1.7849, 3.189 0.3607 1.7849, 3.1863 0.357 1.7849, 3.1826 0.3543 1.7849, 3.1784 0.3525 1.7849, 3.1739 0.3519 1.7849, 3.1739 0.3652 1.7951, 3.1811 0.3653 1.7937, 3.1798 0.3635 1.7937, 3.1781 0.3622 1.7937, 3.176 0.3614 1.7937, 3.1739 0.3651 1.7951, 3.1739 0.3611 1.7937, 3.1739 0.3611 1.7937, 3.1739 0.3575 1.7915, 3.1843 0.3634 1.7914, 3.1824 0.3609 1.7914, 3.1799 0.359 1.7914, 3.177 0.3578 1.7914, 3.1885 0.3655 1.7885, 3.187 0.3619 1.7885, 3.1846 0.3587 1.7885, 3.1814 0.3563 1.7885, 3.1778 0.3548 1.7885, 3.1739 0.3574 1.7914, 3.1739 0.3544 1.7885, 3.1739 0.3543 1.7885, 3.1739 0.352 1.785, 3.0658 0.296 -0.9612, 3.0658 0.2959 0.0787, 3.0653 0.2961 -0.9613, 3.061 0.2979 0.0787, 3.061 0.2979 -0.9616, 3.0608 0.298 -0.9616, 3.0569 0.301 0.0787, 3.0569 0.301 -0.9617, 3.0539 0.3049 -0.9616, 3.0538 0.3051 0.0787, 3.0538 0.3051 -0.9616, 3.052 0.3094 -0.9613, 3.0519 0.3099 0.0787, 3.0519 0.3099 -0.9612, 3.2473 0.3099 -0.9612, 3.2474 0.3099 0.0787, 3.2472 0.3094 -0.9613, 3.2454 0.3051 0.0787, 3.2454 0.3051 -0.9616, 3.2453 0.3049 -0.9616, 3.2423 0.301 0.0787, 3.2423 0.301 -0.9617, 3.2384 0.298 -0.9616, 3.2382 0.2979 0.0787, 3.2382 0.2979 -0.9616, 3.2339 0.2961 -0.9613, 3.2334 0.2959 0.0787, 3.2334 0.296 -0.9612, 3.1071 0.3653 -1.1674, 3.1072 0.3647 -1.1675, 3.1087 0.3614 -1.168, 3.1093 0.3603 -1.1682, 3.1123 0.3564 -1.1684, 3.1139 0.3551 -1.1683, 3.1162 0.3534 -1.1682, 3.1206 0.3513 -1.1675, 3.1212 0.3512 -1.1674, 3.1253 0.3651 -1.1806, 3.1739 0.3651 -1.1806, 3.1253 0.3644 -1.1804, 3.1739 0.3644 -1.1804, 3.1253 0.3611 -1.1792, 3.1739 0.3611 -1.1792, 3.1253 0.3597 -1.1784, 3.1739 0.3597 -1.1784, 3.1253 0.3574 -1.177, 3.1739 0.3574 -1.177, 3.1253 0.3556 -1.1753, 3.1739 0.3556 -1.1753, 3.1253 0.3543 -1.174, 3.1739 0.3543 -1.174, 3.1253 0.3525 -1.1712, 3.1739 0.3525 -1.1712, 3.1253 0.3519 -1.1704, 3.1739 0.3519 -1.1704, 3.1786 0.3513 -1.1675, 3.1787 0.3514 -1.1675, 3.183 0.3534 -1.1682, 3.1831 0.3534 -1.1682, 3.1869 0.3564 -1.1684, 3.1899 0.3602 -1.1682, 3.1899 0.3603 -1.1682, 3.1919 0.3646 -1.1675, 3.192 0.3647 -1.1675, 3.0519 0.4775 -0.9612, 3.0519 0.4775 0.0787, 3.052 0.478 -0.9613, 3.0538 0.4823 0.0787, 3.0538 0.4823 -0.9616, 3.0539 0.4825 -0.9616, 3.0569 0.4864 0.0787, 3.0569 0.4864 -0.9617, 3.0608 0.4894 -0.9616, 3.061 0.4895 0.0787, 3.061 0.4895 -0.9616, 3.0653 0.4913 -0.9613, 3.0658 0.4915 0.0787, 3.0658 0.4914 -0.9612, 3.1211 0.3694 -1.1806, 3.1212 0.3685 -1.1806, 3.1096 0.3618 -1.1704, 3.1083 0.3655 -1.1704, 3.1214 0.3524 -1.1704, 3.122 0.3547 -1.174, 3.1078 0.3694 -1.1704, 3.1079 0.3694 -1.1705, 3.1106 0.3661 -1.174, 3.1227 0.3577 -1.177, 3.1102 0.3694 -1.174, 3.1103 0.3694 -1.1741, 3.1136 0.3668 -1.177, 3.1133 0.3694 -1.177, 3.1134 0.3694 -1.177, 3.1172 0.3676 -1.1792, 3.1244 0.3653 -1.1806, 3.1235 0.3613 -1.1792, 3.1177 0.3537 -1.1704, 3.1144 0.3557 -1.1704, 3.1188 0.3558 -1.174, 3.1159 0.3576 -1.174, 3.1201 0.3586 -1.177, 3.1178 0.36 -1.177, 3.1217 0.3619 -1.1792, 3.1201 0.3629 -1.1792, 3.1235 0.3656 -1.1806, 3.1227 0.3661 -1.1806, 3.1116 0.3585 -1.1704, 3.1135 0.36 -1.174, 3.1159 0.3619 -1.177, 3.1188 0.3642 -1.1792, 3.122 0.3668 -1.1806, 3.1117 0.3629 -1.174, 3.1145 0.3642 -1.177, 3.1178 0.3658 -1.1792, 3.1215 0.3676 -1.1806, 3.117 0.3694 -1.1792, 3.117 0.3694 -1.1793, 3.1211 0.3694 -1.1806, 3.1769 0.3664 -1.1806, 3.176 0.3657 -1.1806, 3.1822 0.3694 -1.1793, 3.1822 0.3694 -1.1792, 3.182 0.3673 -1.1792, 3.1859 0.3694 -1.177, 3.1859 0.3694 -1.177, 3.1855 0.3663 -1.177, 3.1778 0.3548 -1.174, 3.1885 0.3655 -1.174, 3.1908 0.3649 -1.1704, 3.189 0.3607 -1.1704, 3.1784 0.3525 -1.1704, 3.1914 0.3694 -1.1704, 3.1913 0.3694 -1.1705, 3.189 0.3694 -1.174, 3.1889 0.3694 -1.1741, 3.187 0.3619 -1.174, 3.1863 0.357 -1.1704, 3.1843 0.3634 -1.177, 3.1846 0.3587 -1.174, 3.1826 0.3543 -1.1704, 3.177 0.3578 -1.177, 3.176 0.3614 -1.1792, 3.1781 0.3622 -1.1792, 3.1814 0.3563 -1.174, 3.1824 0.3609 -1.177, 3.1811 0.3653 -1.1792, 3.178 0.3683 -1.1806, 3.175 0.3653 -1.1806, 3.1781 0.3694 -1.1806, 3.1782 0.3694 -1.1806, 3.1799 0.359 -1.177, 3.1798 0.3635 -1.1792, 3.1776 0.3673 -1.1806, 3.2327 0.4915 -0.9611, 3.2327 0.4916 0.0787, 3.2339 0.4913 -0.9613, 3.2369 0.4902 0.0787, 3.2368 0.49 -0.9615, 3.2384 0.4894 -0.9616, 3.2406 0.4878 0.0787, 3.2405 0.4877 -0.9617, 3.2423 0.4864 -0.9617, 3.2437 0.4847 0.0787, 3.2436 0.4846 -0.9617, 3.2453 0.4825 -0.9616, 3.2461 0.481 0.0787, 3.246 0.4809 -0.9615, 3.2472 0.478 -0.9613, 3.2475 0.4768 0.0787, 3.2474 0.4768 -0.9611, 3.1212 0.4362 -1.1674, 3.1206 0.4361 -1.1675, 3.1173 0.4346 -1.168, 3.1162 0.434 -1.1682, 3.1123 0.431 -1.1684, 3.111 0.4294 -1.1683, 3.1093 0.4271 -1.1682, 3.1072 0.4227 -1.1675, 3.1071 0.4221 -1.1674, 3.1078 0.418 -1.1704, 3.1079 0.418 -1.1705, 3.1102 0.418 -1.174, 3.1103 0.418 -1.1741, 3.1133 0.418 -1.177, 3.1134 0.418 -1.177, 3.117 0.418 -1.1792, 3.117 0.418 -1.1793, 3.1211 0.418 -1.1806, 3.1211 0.418 -1.1806, 3.1914 0.418 -1.1704, 3.1913 0.418 -1.1705, 3.189 0.418 -1.174, 3.1889 0.418 -1.1741, 3.1859 0.418 -1.177, 3.1859 0.418 -1.177, 3.1822 0.418 -1.1792, 3.1822 0.418 -1.1793, 3.1782 0.418 -1.1806, 3.1781 0.418 -1.1806, 3.192 0.4227 -1.1675, 3.1899 0.4271 -1.1682, 3.1919 0.4228 -1.1675, 3.1869 0.431 -1.1684, 3.1899 0.4272 -1.1682, 3.1831 0.434 -1.1682, 3.183 0.434 -1.1682, 3.1787 0.436 -1.1675, 3.1786 0.4361 -1.1675, 3.122 0.4206 -1.1806, 3.1227 0.4213 -1.1806, 3.1172 0.4198 -1.1792, 3.1136 0.4206 -1.177, 3.1106 0.4213 -1.174, 3.1083 0.4219 -1.1704, 3.1096 0.4256 -1.1704, 3.1214 0.435 -1.1704, 3.1253 0.4355 -1.1704, 3.1177 0.4338 -1.1704, 3.1117 0.4245 -1.174, 3.1116 0.4289 -1.1704, 3.122 0.4327 -1.174, 3.1227 0.4297 -1.177, 3.1201 0.4288 -1.177, 3.1253 0.4349 -1.1712, 3.1253 0.4331 -1.174, 3.1253 0.4318 -1.1753, 3.1145 0.4232 -1.177, 3.1135 0.4274 -1.174, 3.1144 0.4317 -1.1704, 3.1217 0.4255 -1.1792, 3.1201 0.4245 -1.1792, 3.1159 0.4298 -1.174, 3.1159 0.4255 -1.177, 3.1178 0.4216 -1.1792, 3.1212 0.4189 -1.1806, 3.1235 0.4218 -1.1806, 3.1235 0.4261 -1.1792, 3.1244 0.4221 -1.1806, 3.1253 0.4223 -1.1806, 3.1253 0.43 -1.177, 3.1253 0.4277 -1.1784, 3.1253 0.4263 -1.1792, 3.1253 0.423 -1.1804, 3.1188 0.4316 -1.174, 3.1178 0.4274 -1.177, 3.1188 0.4232 -1.1792, 3.1215 0.4198 -1.1806, 3.178 0.4191 -1.1806, 3.1784 0.4349 -1.1704, 3.1826 0.4331 -1.1704, 3.1908 0.4225 -1.1704, 3.1739 0.4355 -1.1704, 3.1739 0.4349 -1.1712, 3.1778 0.4326 -1.174, 3.1739 0.4331 -1.174, 3.1885 0.4219 -1.174, 3.1739 0.4318 -1.1753, 3.177 0.4296 -1.177, 3.1739 0.43 -1.177, 3.1855 0.4211 -1.177, 3.182 0.4201 -1.1792, 3.1739 0.4223 -1.1806, 3.175 0.4221 -1.1806, 3.1739 0.423 -1.1804, 3.176 0.426 -1.1792, 3.1739 0.4263 -1.1792, 3.1739 0.4277 -1.1784, 3.1814 0.4311 -1.174, 3.1799 0.4284 -1.177, 3.1781 0.4252 -1.1792, 3.176 0.4217 -1.1806, 3.1863 0.4304 -1.1704, 3.1846 0.4287 -1.174, 3.1824 0.4265 -1.177, 3.1798 0.4239 -1.1792, 3.1769 0.421 -1.1806, 3.189 0.4267 -1.1704, 3.187 0.4255 -1.174, 3.1843 0.424 -1.177, 3.1811 0.4221 -1.1792, 3.1776 0.4201 -1.1806, 3.0658 -0.4914 -0.9612, 3.0658 -0.4915 0.0787, 3.0653 -0.4913 -0.9613, 3.061 -0.4895 0.0787, 3.061 -0.4895 -0.9616, 3.0608 -0.4894 -0.9616, 3.0569 -0.4864 0.0787, 3.0569 -0.4864 -0.9617, 3.0539 -0.4825 -0.9616, 3.0538 -0.4823 0.0787, 3.0538 -0.4823 -0.9616, 3.052 -0.478 -0.9613, 3.0519 -0.4775 0.0787, 3.0519 -0.4775 -0.9612, 3.2473 -0.4775 -0.9612, 3.2474 -0.4775 0.0787, 3.2472 -0.478 -0.9613, 3.2454 -0.4823 0.0787, 3.2454 -0.4823 -0.9616, 3.2453 -0.4825 -0.9616, 3.2423 -0.4864 0.0787, 3.2423 -0.4864 -0.9617, 3.2384 -0.4894 -0.9616, 3.2382 -0.4895 0.0787, 3.2382 -0.4895 -0.9616, 3.2339 -0.4913 -0.9613, 3.2334 -0.4915 0.0787, 3.2334 -0.4914 -0.9612, 3.1071 -0.4221 -1.1674, 3.1072 -0.4227 -1.1675, 3.1087 -0.426 -1.168, 3.1093 -0.4271 -1.1682, 3.1123 -0.431 -1.1684, 3.1139 -0.4323 -1.1683, 3.1162 -0.434 -1.1682, 3.1206 -0.4361 -1.1675, 3.1212 -0.4362 -1.1674, 3.1739 -0.4355 -1.1704, 3.1253 -0.4355 -1.1704, 3.1739 -0.4349 -1.1712, 3.1253 -0.4349 -1.1712, 3.1739 -0.4331 -1.174, 3.1253 -0.4331 -1.174, 3.1739 -0.4318 -1.1753, 3.1253 -0.4318 -1.1753, 3.1739 -0.43 -1.177, 3.1253 -0.43 -1.177, 3.1739 -0.4277 -1.1784, 3.1253 -0.4277 -1.1784, 3.1739 -0.4263 -1.1792, 3.1253 -0.4263 -1.1792, 3.1739 -0.423 -1.1804, 3.1253 -0.423 -1.1804, 3.1739 -0.4223 -1.1806, 3.1253 -0.4223 -1.1806, 3.1786 -0.4361 -1.1675, 3.1787 -0.436 -1.1675, 3.183 -0.434 -1.1682, 3.1831 -0.434 -1.1682, 3.1869 -0.431 -1.1684, 3.1899 -0.4272 -1.1682, 3.1899 -0.4271 -1.1682, 3.1919 -0.4228 -1.1675, 3.192 -0.4227 -1.1675, 3.0519 -0.3099 -0.9612, 3.0519 -0.3099 0.0787, 3.052 -0.3094 -0.9613, 3.0538 -0.3051 0.0787, 3.0538 -0.3051 -0.9616, 3.0539 -0.3049 -0.9616, 3.0569 -0.301 0.0787, 3.0569 -0.301 -0.9617, 3.0608 -0.298 -0.9616, 3.061 -0.2979 0.0787, 3.061 -0.2979 -0.9616, 3.0653 -0.2961 -0.9613, 3.0658 -0.2959 0.0787, 3.0658 -0.296 -0.9612, 3.1211 -0.418 -1.1806, 3.1212 -0.4189 -1.1806, 3.1096 -0.4256 -1.1704, 3.1083 -0.4219 -1.1704, 3.1214 -0.435 -1.1704, 3.122 -0.4327 -1.174, 3.1078 -0.418 -1.1704, 3.1079 -0.418 -1.1705, 3.1106 -0.4213 -1.174, 3.1227 -0.4297 -1.177, 3.1102 -0.418 -1.174, 3.1103 -0.418 -1.1741, 3.1136 -0.4206 -1.177, 3.1133 -0.418 -1.177, 3.1134 -0.418 -1.177, 3.1172 -0.4198 -1.1792, 3.1244 -0.4221 -1.1806, 3.1235 -0.4261 -1.1792, 3.1177 -0.4338 -1.1704, 3.1144 -0.4317 -1.1704, 3.1188 -0.4316 -1.174, 3.1159 -0.4298 -1.174, 3.1201 -0.4288 -1.177, 3.1178 -0.4274 -1.177, 3.1217 -0.4255 -1.1792, 3.1201 -0.4245 -1.1792, 3.1235 -0.4218 -1.1806, 3.1227 -0.4213 -1.1806, 3.1116 -0.4289 -1.1704, 3.1135 -0.4274 -1.174, 3.1159 -0.4255 -1.177, 3.1188 -0.4232 -1.1792, 3.122 -0.4206 -1.1806, 3.1117 -0.4245 -1.174, 3.1145 -0.4232 -1.177, 3.1178 -0.4216 -1.1792, 3.1215 -0.4198 -1.1806, 3.117 -0.418 -1.1792, 3.117 -0.418 -1.1793, 3.1211 -0.418 -1.1806, 3.1769 -0.421 -1.1806, 3.176 -0.4217 -1.1806, 3.1822 -0.418 -1.1793, 3.1822 -0.418 -1.1792, 3.182 -0.4201 -1.1792, 3.1859 -0.418 -1.177, 3.1859 -0.418 -1.177, 3.1855 -0.4211 -1.177, 3.1778 -0.4326 -1.174, 3.1885 -0.4219 -1.174, 3.1908 -0.4225 -1.1704, 3.189 -0.4267 -1.1704, 3.1784 -0.4349 -1.1704, 3.1914 -0.418 -1.1704, 3.1913 -0.418 -1.1705, 3.189 -0.418 -1.174, 3.1889 -0.418 -1.1741, 3.187 -0.4255 -1.174, 3.1863 -0.4304 -1.1704, 3.1843 -0.424 -1.177, 3.1846 -0.4287 -1.174, 3.1826 -0.4331 -1.1704, 3.177 -0.4296 -1.177, 3.176 -0.426 -1.1792, 3.1781 -0.4252 -1.1792, 3.1814 -0.4311 -1.174, 3.1824 -0.4265 -1.177, 3.1811 -0.4221 -1.1792, 3.178 -0.4191 -1.1806, 3.175 -0.4221 -1.1806, 3.1781 -0.418 -1.1806, 3.1782 -0.418 -1.1806, 3.1799 -0.4284 -1.177, 3.1798 -0.4239 -1.1792, 3.1776 -0.4201 -1.1806, 3.2334 -0.296 -0.9612, 3.2334 -0.2959 0.0787, 3.2339 -0.2961 -0.9613, 3.2382 -0.2979 0.0787, 3.2382 -0.2979 -0.9616, 3.2384 -0.298 -0.9616, 3.2423 -0.301 0.0787, 3.2423 -0.301 -0.9617, 3.2453 -0.3049 -0.9616, 3.2454 -0.3051 0.0787, 3.2454 -0.3051 -0.9616, 3.2472 -0.3094 -0.9613, 3.2474 -0.3099 0.0787, 3.2473 -0.3099 -0.9612, 3.1206 -0.3513 -1.1675, 3.1205 -0.3514 -1.1675, 3.1162 -0.3534 -1.1682, 3.1161 -0.3534 -1.1682, 3.1123 -0.3564 -1.1684, 3.1093 -0.3602 -1.1682, 3.1093 -0.3603 -1.1682, 3.1073 -0.3646 -1.1675, 3.1072 -0.3647 -1.1675, 3.1078 -0.3694 -1.1704, 3.1079 -0.3694 -1.1705, 3.1102 -0.3694 -1.174, 3.1103 -0.3694 -1.1741, 3.1133 -0.3694 -1.177, 3.1134 -0.3694 -1.177, 3.117 -0.3694 -1.1792, 3.117 -0.3694 -1.1793, 3.1211 -0.3694 -1.1806, 3.1211 -0.3694 -1.1806, 3.1914 -0.3694 -1.1704, 3.1913 -0.3694 -1.1705, 3.189 -0.3694 -1.174, 3.1889 -0.3694 -1.1741, 3.1859 -0.3694 -1.177, 3.1859 -0.3694 -1.177, 3.1822 -0.3694 -1.1792, 3.1822 -0.3694 -1.1793, 3.1782 -0.3694 -1.1806, 3.1781 -0.3694 -1.1806, 3.192 -0.3647 -1.1675, 3.1919 -0.3646 -1.1675, 3.1899 -0.3603 -1.1682, 3.1899 -0.3602 -1.1682, 3.1869 -0.3564 -1.1684, 3.1831 -0.3534 -1.1682, 3.183 -0.3534 -1.1682, 3.1787 -0.3514 -1.1675, 3.1786 -0.3513 -1.1675, 3.1223 -0.3664 -1.1806, 3.1232 -0.3657 -1.1806, 3.1173 -0.3673 -1.1792, 3.1137 -0.3663 -1.177, 3.1253 -0.3525 -1.1712, 3.1253 -0.3543 -1.174, 3.1214 -0.3548 -1.174, 3.1107 -0.3655 -1.174, 3.1084 -0.3649 -1.1704, 3.1102 -0.3607 -1.1704, 3.1253 -0.3519 -1.1704, 3.1208 -0.3525 -1.1704, 3.1122 -0.3619 -1.174, 3.113 -0.357 -1.1704, 3.1149 -0.3634 -1.177, 3.1146 -0.3587 -1.174, 3.1166 -0.3543 -1.1704, 3.1222 -0.3578 -1.177, 3.1232 -0.3614 -1.1792, 3.1212 -0.3622 -1.1792, 3.1178 -0.3563 -1.174, 3.1168 -0.3609 -1.177, 3.1181 -0.3653 -1.1792, 3.1212 -0.3683 -1.1806, 3.1242 -0.3653 -1.1806, 3.1253 -0.3651 -1.1806, 3.1253 -0.3556 -1.1753, 3.1253 -0.3574 -1.177, 3.1253 -0.3597 -1.1784, 3.1253 -0.3611 -1.1792, 3.1253 -0.3644 -1.1804, 3.1193 -0.359 -1.177, 3.1194 -0.3635 -1.1792, 3.1216 -0.3673 -1.1806, 3.178 -0.3683 -1.1806, 3.1784 -0.3525 -1.1704, 3.1826 -0.3543 -1.1704, 3.1908 -0.3649 -1.1704, 3.1739 -0.3519 -1.1704, 3.1739 -0.3525 -1.1712, 3.1778 -0.3548 -1.174, 3.1739 -0.3543 -1.174, 3.1885 -0.3655 -1.174, 3.1739 -0.3556 -1.1753, 3.177 -0.3578 -1.177, 3.1739 -0.3574 -1.177, 3.1855 -0.3663 -1.177, 3.182 -0.3673 -1.1792, 3.1739 -0.3651 -1.1806, 3.175 -0.3653 -1.1806, 3.1739 -0.3644 -1.1804, 3.176 -0.3614 -1.1792, 3.1739 -0.3611 -1.1792, 3.1739 -0.3597 -1.1784, 3.1814 -0.3563 -1.174, 3.1799 -0.359 -1.177, 3.1781 -0.3622 -1.1792, 3.176 -0.3657 -1.1806, 3.1863 -0.357 -1.1704, 3.1846 -0.3587 -1.174, 3.1824 -0.3609 -1.177, 3.1798 -0.3635 -1.1792, 3.1769 -0.3664 -1.1806, 3.189 -0.3607 -1.1704, 3.187 -0.3619 -1.174, 3.1843 -0.3634 -1.177, 3.1811 -0.3653 -1.1792, 3.1776 -0.3673 -1.1806
            ]
        }
        coordIndex [
            0,1,2,-1,2,1,3,-1,4,5,6,-1,6,5,7,-1,8,9,10,-1,10,9,11,-1,12,13,14,-1,14,13,15,-1,16,17,18,-1,18,17,19,-1,20,21,22,-1,22,21,23,-1,24,25,26,-1,26,25,27,-1,28,29,30,-1,30,29,31,-1,32,33,34,-1,34,33,35,-1,36,37,38,-1,38,37,39,-1,40,41,42,-1,42,41,43,-1,44,45,46,-1,46,45,47,-1,48,49,50,-1,50,49,51,-1,52,53,54,-1,54,53,55,-1,56,57,58,-1,58,57,59,-1,60,61,62,-1,62,61,63,-1,64,65,66,-1,66,65,67,-1,68,69,70,-1,70,69,71,-1,72,73,74,-1,74,73,75,-1,76,77,78,-1,78,77,79,-1,80,81,82,-1,82,81,83,-1,84,85,86,-1,86,85,87,-1,88,89,90,-1,90,89,91,-1,92,93,94,-1,94,93,95,-1,96,97,98,-1,98,97,99,-1,100,101,102,-1,102,101,103,-1,104,105,106,-1,106,105,107,-1,108,109,110,-1,110,109,111,-1,112,113,114,-1,114,113,115,-1,116,117,118,-1,118,117,119,-1,120,121,122,-1,122,121,123,-1,124,125,126,-1,126,125,127,-1,128,129,130,-1,130,129,131,-1,132,133,134,-1,134,133,135,-1,136,137,138,-1,138,137,139,-1,140,141,142,-1,142,141,143,-1,144,145,146,-1,146,145,147,-1,148,149,150,-1,150,149,151,-1,152,153,154,-1,154,153,155,-1,156,157,158,-1,158,157,159,-1,160,161,162,-1,162,161,163,-1,164,165,166,-1,166,165,167,-1,168,169,170,-1,170,169,171,-1,172,173,174,-1,174,173,175,-1,176,177,178,-1,178,177,179,-1,180,181,182,-1,182,181,183,-1,184,185,186,-1,186,185,187,-1,188,189,190,-1,190,189,191,-1,192,193,194,-1,194,193,195,-1,196,197,198,-1,198,197,199,-1,200,201,202,-1,202,201,203,-1,204,205,206,-1,206,205,207,-1,208,209,210,-1,210,209,211,-1,212,213,214,-1,214,213,215,-1,216,217,218,-1,218,217,219,-1,220,221,222,-1,222,221,223,-1,224,225,226,-1,226,225,227,-1,228,229,230,-1,230,229,231,-1,232,233,234,-1,234,233,235,-1,236,237,238,-1,238,237,239,-1,240,241,242,-1,242,241,243,-1,244,245,246,-1,246,245,247,-1,248,249,250,-1,250,249,251,-1,252,253,254,-1,254,253,255,-1,256,257,258,-1,258,257,259,-1,260,261,262,-1,262,261,263,-1,264,265,266,-1,266,265,267,-1,268,269,270,-1,270,269,271,-1,272,273,274,-1,274,273,275,-1,276,277,278,-1,278,277,279,-1,280,281,282,-1,282,281,283,-1,284,285,286,-1,286,285,287,-1,288,289,290,-1,290,289,291,-1,292,293,294,-1,294,293,295,-1,296,297,298,-1,298,297,299,-1,300,301,302,-1,302,301,303,-1,304,305,306,-1,306,305,307,-1,308,309,310,-1,310,309,311,-1,312,313,314,-1,314,313,315,-1,316,317,318,-1,318,317,319,-1,320,321,322,-1,322,321,323,-1,324,325,326,-1,326,325,327,-1,328,329,330,-1,330,329,331,-1,332,333,334,-1,334,333,335,-1,336,337,338,-1,338,337,339,-1,340,341,342,-1,342,341,343,-1,344,345,346,-1,346,345,347,-1,348,349,350,-1,350,349,351,-1,352,353,354,-1,354,353,355,-1,356,357,358,-1,358,357,359,-1,360,361,362,-1,362,361,363,-1,364,365,366,-1,366,365,367,-1,368,369,370,-1,370,369,371,-1,372,373,374,-1,374,373,375,-1,376,377,378,-1,378,377,379,-1,380,381,382,-1,382,381,383,-1,384,385,386,-1,386,385,387,-1,388,389,390,-1,390,389,391,-1,392,393,394,-1,394,393,395,-1,396,397,398,-1,398,397,399,-1,400,401,402,-1,402,401,403,-1,404,405,406,-1,406,405,407,-1,408,409,410,-1,410,409,411,-1,412,413,414,-1,414,413,415,-1,416,417,418,-1,418,417,419,-1,420,421,422,-1,422,421,423,-1,424,425,426,-1,426,425,427,-1,428,429,430,-1,430,429,431,-1,432,433,434,-1,434,433,435,-1,436,437,438,-1,438,437,439,-1,440,441,442,-1,442,441,443,-1,444,445,446,-1,446,445,447,-1,448,449,450,-1,450,449,451,-1,452,453,454,-1,454,453,455,-1,456,457,458,-1,458,457,459,-1,460,461,462,-1,462,461,463,-1,464,465,466,-1,466,465,467,-1,468,469,470,-1,470,469,471,-1,472,473,474,-1,474,473,475,-1,476,477,478,-1,478,477,479,-1,480,481,482,-1,482,481,483,-1,484,485,486,-1,486,485,487,-1,488,489,490,-1,490,489,491,-1,492,493,494,-1,494,493,495,-1,496,497,498,-1,498,497,499,-1,500,501,502,-1,502,501,503,-1,504,505,506,-1,506,505,507,-1,508,509,510,-1,510,509,511,-1,512,513,514,-1,514,513,515,-1,516,517,518,-1,518,517,519,-1,520,521,522,-1,522,521,523,-1,524,525,526,-1,526,525,527,-1,528,529,530,-1,530,529,531,-1,532,533,534,-1,534,533,535,-1,536,537,538,-1,538,537,539,-1,540,541,542,-1,542,541,543,-1,544,545,546,-1,546,545,547,-1,548,549,550,-1,550,549,551,-1,552,553,554,-1,554,553,555,-1,556,557,558,-1,558,557,559,-1,560,561,562,-1,562,561,563,-1,564,565,566,-1,566,565,567,-1,568,569,570,-1,570,569,571,-1,572,573,574,-1,574,573,575,-1,576,577,578,-1,578,577,579,-1,580,581,582,-1,582,581,583,-1,584,585,586,-1,586,585,587,-1,588,589,590,-1,590,589,591,-1,592,593,594,-1,594,593,595,-1,596,597,598,-1,598,597,599,-1,600,601,602,-1,602,601,603,-1,604,605,606,-1,606,605,607,-1,608,609,610,-1,610,609,611,-1,612,613,614,-1,614,613,615,-1,616,617,618,-1,618,617,619,-1,620,621,622,-1,622,621,623,-1,624,625,626,-1,626,625,627,-1,628,629,630,-1,630,629,631,-1,632,633,634,-1,634,633,635,-1,636,637,638,-1,638,637,639,-1,23,640,641,-1,23,641,22,-1,22,641,642,-1,22,642,643,-1,31,644,645,-1,31,645,30,-1,30,645,646,-1,30,646,647,-1,32,648,649,-1,32,649,33,-1,33,649,650,-1,33,650,651,-1,24,652,653,-1,24,653,25,-1,25,653,654,-1,25,654,655,-1,67,656,657,-1,67,657,66,-1,66,657,658,-1,66,658,659,-1,660,661,68,-1,68,661,662,-1,68,662,69,-1,69,662,663,-1,72,664,665,-1,72,665,73,-1,73,665,666,-1,73,666,667,-1,63,668,669,-1,63,669,62,-1,62,669,670,-1,62,670,671,-1,59,672,673,-1,59,673,58,-1,58,673,674,-1,58,674,675,-1,51,676,677,-1,51,677,50,-1,50,677,678,-1,50,678,679,-1,44,680,681,-1,44,681,45,-1,45,681,682,-1,45,682,683,-1,52,684,685,-1,52,685,53,-1,53,685,686,-1,53,686,687,-1,15,688,689,-1,15,689,14,-1,14,689,690,-1,14,690,691,-1,4,692,693,-1,4,693,5,-1,5,693,694,-1,5,694,695,-1,11,696,697,-1,11,697,10,-1,10,697,698,-1,10,698,699,-1,16,700,701,-1,16,701,17,-1,17,701,702,-1,17,702,703,-1,103,704,705,-1,103,705,102,-1,102,705,706,-1,102,706,707,-1,111,708,709,-1,111,709,110,-1,110,709,710,-1,110,710,711,-1,112,712,713,-1,112,713,113,-1,113,713,714,-1,113,714,715,-1,104,716,717,-1,104,717,105,-1,105,717,718,-1,105,718,719,-1,147,720,721,-1,147,721,146,-1,146,721,722,-1,146,722,723,-1,148,724,725,-1,148,725,149,-1,149,725,726,-1,149,726,727,-1,152,728,729,-1,152,729,153,-1,153,729,730,-1,153,730,731,-1,143,732,733,-1,143,733,142,-1,142,733,734,-1,142,734,735,-1,139,736,737,-1,139,737,138,-1,138,737,738,-1,138,738,739,-1,131,740,741,-1,131,741,130,-1,130,741,742,-1,130,742,743,-1,124,744,745,-1,124,745,125,-1,125,745,746,-1,125,746,747,-1,132,748,749,-1,132,749,133,-1,133,749,750,-1,133,750,751,-1,95,752,753,-1,95,753,94,-1,94,753,754,-1,94,754,755,-1,84,756,757,-1,84,757,85,-1,85,757,758,-1,85,758,759,-1,760,761,91,-1,91,761,762,-1,91,762,90,-1,90,762,763,-1,96,764,765,-1,96,765,97,-1,97,765,766,-1,97,766,767,-1,183,768,769,-1,183,769,182,-1,182,769,770,-1,182,770,771,-1,191,772,773,-1,191,773,190,-1,190,773,774,-1,190,774,775,-1,192,776,777,-1,192,777,193,-1,193,777,778,-1,193,778,779,-1,184,780,781,-1,184,781,185,-1,185,781,782,-1,185,782,783,-1,227,784,785,-1,227,785,226,-1,226,785,786,-1,226,786,787,-1,228,788,789,-1,228,789,229,-1,229,789,790,-1,229,790,791,-1,232,792,793,-1,232,793,233,-1,233,793,794,-1,233,794,795,-1,796,797,223,-1,223,797,798,-1,223,798,222,-1,222,798,799,-1,219,800,801,-1,219,801,218,-1,218,801,802,-1,218,802,803,-1,211,804,805,-1,211,805,210,-1,210,805,806,-1,210,806,807,-1,204,808,809,-1,204,809,205,-1,205,809,810,-1,205,810,811,-1,212,812,813,-1,212,813,213,-1,213,813,814,-1,213,814,815,-1,175,816,817,-1,175,817,174,-1,174,817,818,-1,174,818,819,-1,164,820,821,-1,164,821,165,-1,165,821,822,-1,165,822,823,-1,171,824,825,-1,171,825,170,-1,170,825,826,-1,170,826,827,-1,176,828,829,-1,176,829,177,-1,177,829,830,-1,177,830,831,-1,263,832,833,-1,263,833,262,-1,262,833,834,-1,262,834,835,-1,271,836,837,-1,271,837,270,-1,270,837,838,-1,270,838,839,-1,272,840,841,-1,272,841,273,-1,273,841,842,-1,273,842,843,-1,264,844,845,-1,264,845,265,-1,265,845,846,-1,265,846,847,-1,307,848,849,-1,307,849,306,-1,306,849,850,-1,306,850,851,-1,308,852,853,-1,308,853,309,-1,309,853,854,-1,309,854,855,-1,312,856,857,-1,312,857,313,-1,313,857,858,-1,313,858,859,-1,303,860,861,-1,303,861,302,-1,302,861,862,-1,302,862,863,-1,299,864,865,-1,299,865,298,-1,298,865,866,-1,298,866,867,-1,291,868,869,-1,291,869,290,-1,290,869,870,-1,290,870,871,-1,284,872,873,-1,284,873,285,-1,285,873,874,-1,285,874,875,-1,292,876,877,-1,292,877,293,-1,293,877,878,-1,293,878,879,-1,255,880,881,-1,255,881,254,-1,254,881,882,-1,254,882,883,-1,244,884,885,-1,244,885,245,-1,245,885,886,-1,245,886,887,-1,251,888,889,-1,251,889,250,-1,250,889,890,-1,250,890,891,-1,256,892,893,-1,256,893,257,-1,257,893,894,-1,257,894,895,-1,343,896,897,-1,343,897,342,-1,342,897,898,-1,342,898,899,-1,351,900,901,-1,351,901,350,-1,350,901,902,-1,350,902,903,-1,352,904,905,-1,352,905,353,-1,353,905,906,-1,353,906,907,-1,344,908,909,-1,344,909,345,-1,345,909,910,-1,345,910,911,-1,387,912,913,-1,387,913,386,-1,386,913,914,-1,386,914,915,-1,388,916,917,-1,388,917,389,-1,389,917,918,-1,389,918,919,-1,392,920,921,-1,392,921,393,-1,393,921,922,-1,393,922,923,-1,383,924,925,-1,383,925,382,-1,382,925,926,-1,382,926,927,-1,379,928,929,-1,379,929,378,-1,378,929,930,-1,378,930,931,-1,371,932,933,-1,371,933,370,-1,370,933,934,-1,370,934,935,-1,364,936,937,-1,364,937,365,-1,365,937,938,-1,365,938,939,-1,372,940,941,-1,372,941,373,-1,373,941,942,-1,373,942,943,-1,335,944,945,-1,335,945,334,-1,334,945,946,-1,334,946,947,-1,324,948,949,-1,324,949,325,-1,325,949,950,-1,325,950,951,-1,331,952,953,-1,331,953,330,-1,330,953,954,-1,330,954,955,-1,336,956,957,-1,336,957,337,-1,337,957,958,-1,337,958,959,-1,423,960,961,-1,423,961,422,-1,422,961,962,-1,422,962,963,-1,431,964,965,-1,431,965,430,-1,430,965,966,-1,430,966,967,-1,432,968,969,-1,432,969,433,-1,433,969,970,-1,433,970,971,-1,424,972,973,-1,424,973,425,-1,425,973,974,-1,425,974,975,-1,467,976,977,-1,467,977,466,-1,466,977,978,-1,466,978,979,-1,468,980,981,-1,468,981,469,-1,469,981,982,-1,469,982,983,-1,472,984,985,-1,472,985,473,-1,473,985,986,-1,473,986,987,-1,463,988,989,-1,463,989,462,-1,462,989,990,-1,462,990,991,-1,459,992,993,-1,459,993,458,-1,458,993,994,-1,458,994,995,-1,451,996,997,-1,451,997,450,-1,450,997,998,-1,450,998,999,-1,444,1000,1001,-1,444,1001,445,-1,445,1001,1002,-1,445,1002,1003,-1,452,1004,1005,-1,452,1005,453,-1,453,1005,1006,-1,453,1006,1007,-1,415,1008,1009,-1,415,1009,414,-1,414,1009,1010,-1,414,1010,1011,-1,404,1012,1013,-1,404,1013,405,-1,405,1013,1014,-1,405,1014,1015,-1,411,1016,1017,-1,411,1017,410,-1,410,1017,1018,-1,410,1018,1019,-1,416,1020,1021,-1,416,1021,417,-1,417,1021,1022,-1,417,1022,1023,-1,503,1024,1025,-1,503,1025,502,-1,502,1025,1026,-1,502,1026,1027,-1,511,1028,1029,-1,511,1029,510,-1,510,1029,1030,-1,510,1030,1031,-1,512,1032,1033,-1,512,1033,513,-1,513,1033,1034,-1,513,1034,1035,-1,504,1036,1037,-1,504,1037,505,-1,505,1037,1038,-1,505,1038,1039,-1,547,1040,1041,-1,547,1041,546,-1,546,1041,1042,-1,546,1042,1043,-1,548,1044,1045,-1,548,1045,549,-1,549,1045,1046,-1,549,1046,1047,-1,552,1048,1049,-1,552,1049,553,-1,553,1049,1050,-1,553,1050,1051,-1,543,1052,1053,-1,543,1053,542,-1,542,1053,1054,-1,542,1054,1055,-1,539,1056,1057,-1,539,1057,538,-1,538,1057,1058,-1,538,1058,1059,-1,531,1060,1061,-1,531,1061,530,-1,530,1061,1062,-1,530,1062,1063,-1,524,1064,1065,-1,524,1065,525,-1,525,1065,1066,-1,525,1066,1067,-1,532,1068,1069,-1,532,1069,533,-1,533,1069,1070,-1,533,1070,1071,-1,495,1072,1073,-1,495,1073,494,-1,494,1073,1074,-1,494,1074,1075,-1,484,1076,1077,-1,484,1077,485,-1,485,1077,1078,-1,485,1078,1079,-1,1080,1081,491,-1,491,1081,1082,-1,491,1082,490,-1,490,1082,1083,-1,496,1084,1085,-1,496,1085,497,-1,497,1085,1086,-1,497,1086,1087,-1,579,1088,1089,-1,579,1089,578,-1,578,1089,1090,-1,578,1090,1091,-1,1092,1093,567,-1,567,1093,1094,-1,567,1094,566,-1,566,1094,1095,-1,568,1096,1097,-1,568,1097,569,-1,569,1097,1098,-1,569,1098,1099,-1,572,1100,1101,-1,572,1101,573,-1,573,1101,1102,-1,573,1102,1103,-1,615,1104,1105,-1,615,1105,614,-1,614,1105,1106,-1,614,1106,1107,-1,608,1108,1109,-1,608,1109,609,-1,609,1109,1110,-1,609,1110,1111,-1,604,1112,1113,-1,604,1113,605,-1,605,1113,1114,-1,605,1114,1115,-1,619,1116,1117,-1,619,1117,618,-1,618,1117,1118,-1,618,1118,1119,-1,623,1120,1121,-1,623,1121,622,-1,622,1121,1122,-1,622,1122,1123,-1,635,1124,1125,-1,635,1125,634,-1,634,1125,1126,-1,634,1126,1127,-1,636,1128,1129,-1,636,1129,637,-1,637,1129,1130,-1,637,1130,1131,-1,624,1132,1133,-1,624,1133,625,-1,625,1133,1134,-1,625,1134,1135,-1,591,1136,1137,-1,591,1137,590,-1,590,1137,1138,-1,590,1138,1139,-1,592,1140,1141,-1,592,1141,593,-1,593,1141,1142,-1,593,1142,1143,-1,599,1144,1145,-1,599,1145,598,-1,598,1145,1146,-1,598,1146,1147,-1,580,1148,1149,-1,580,1149,581,-1,581,1149,1150,-1,581,1150,1151,-1,684,52,54,-1,684,54,1152,-1,1152,54,1153,-1,1152,1153,1154,-1,1154,1153,1155,-1,1154,1155,1156,-1,1156,1155,1157,-1,1157,1155,1158,-1,1157,1158,1159,-1,1159,1158,1160,-1,1160,1158,1161,-1,1160,1161,1162,-1,1162,1161,1163,-1,1163,1161,1164,-1,1163,1164,1165,-1,47,45,1164,-1,1164,45,683,-1,1164,683,1165,-1,676,51,49,-1,676,49,1166,-1,1166,49,1167,-1,1166,1167,1168,-1,1168,1167,1169,-1,1168,1169,1170,-1,1170,1169,1171,-1,1171,1169,1172,-1,1171,1172,1173,-1,1173,1172,1174,-1,1174,1172,1175,-1,1174,1175,1176,-1,1176,1175,1177,-1,1177,1175,1178,-1,1177,1178,1179,-1,55,53,1178,-1,1178,53,687,-1,1178,687,1179,-1,1160,1162,1180,-1,1180,1162,1163,-1,1180,1163,682,-1,682,1163,1165,-1,682,1165,683,-1,1180,1181,1160,-1,1160,1181,1182,-1,1160,1182,1159,-1,1159,1182,1183,-1,1183,1184,1159,-1,1159,1184,1185,-1,1159,1185,1157,-1,1157,1185,1186,-1,1157,1186,1156,-1,1156,1186,1187,-1,1156,1187,1154,-1,1154,1187,1188,-1,1154,1188,1152,-1,1152,1188,685,-1,1152,685,684,-1,43,41,1189,-1,686,685,1190,-1,1190,685,1191,-1,1190,1191,1192,-1,1192,1191,1193,-1,1192,1193,1194,-1,1194,1193,1195,-1,1194,1195,1196,-1,1196,1195,1197,-1,1196,1197,1198,-1,1198,1197,1199,-1,1198,1199,1200,-1,1200,1199,1201,-1,1200,1201,1202,-1,1202,1201,1203,-1,1202,1203,1204,-1,1204,1203,1205,-1,1204,1205,1206,-1,1206,1205,1207,-1,1206,1207,1189,-1,1189,1207,1208,-1,1189,1208,43,-1,1174,1176,1209,-1,1209,1176,1177,-1,1209,1177,686,-1,686,1177,1179,-1,686,1179,687,-1,1209,1210,1174,-1,1174,1210,1211,-1,1174,1211,1173,-1,1173,1211,1212,-1,1212,1213,1173,-1,1173,1213,1214,-1,1173,1214,1171,-1,1171,1214,1215,-1,1171,1215,1170,-1,1170,1215,1216,-1,1170,1216,1168,-1,1168,1216,1217,-1,1168,1217,1166,-1,1166,1217,677,-1,1166,677,676,-1,680,44,46,-1,680,46,1218,-1,1218,46,1219,-1,1218,1219,1220,-1,1220,1219,1221,-1,1220,1221,1222,-1,1222,1221,1223,-1,1223,1221,1224,-1,1223,1224,1225,-1,1225,1224,1226,-1,1226,1224,1227,-1,1226,1227,1228,-1,1228,1227,1229,-1,1229,1227,1230,-1,1229,1230,1231,-1,56,58,1230,-1,1230,58,675,-1,1230,675,1231,-1,1232,1233,1234,-1,1235,1236,1237,-1,43,1238,1239,-1,1240,1238,43,-1,1237,1236,43,-1,1241,43,1236,-1,1242,1181,1180,-1,1181,1242,1182,-1,1182,1242,1243,-1,1182,1243,1183,-1,1183,1243,1244,-1,1183,1244,1184,-1,1184,1244,1245,-1,1184,1245,1185,-1,1185,1245,1186,-1,1186,1245,1246,-1,1186,1246,1187,-1,1187,1246,1188,-1,1188,1246,1191,-1,1188,1191,685,-1,1208,1240,43,-1,1247,1248,1235,-1,1235,1248,1249,-1,1235,1249,1236,-1,1236,1249,1250,-1,1236,1250,1241,-1,1251,1239,1252,-1,1252,1239,1238,-1,1252,1238,1253,-1,1253,1238,1240,-1,1253,1240,1254,-1,1208,1207,1240,-1,1240,1207,1205,-1,1240,1205,1254,-1,1254,1205,1203,-1,1254,1203,1201,-1,1234,1251,1255,-1,1255,1251,1252,-1,1255,1252,1256,-1,1256,1252,1253,-1,1256,1253,1257,-1,1257,1253,1254,-1,1257,1254,1258,-1,1258,1254,1201,-1,1259,1260,1261,-1,1261,1260,1232,-1,1232,1234,1261,-1,1261,1234,1255,-1,1261,1255,1262,-1,1262,1255,1256,-1,1262,1256,1263,-1,1263,1256,1257,-1,1263,1257,1264,-1,1264,1257,1258,-1,1264,1258,1265,-1,1233,1247,1234,-1,1234,1247,1235,-1,1234,1235,1251,-1,1251,1235,1237,-1,1251,1237,1239,-1,1239,1237,43,-1,1259,1242,1266,-1,1266,1242,1180,-1,1266,1180,682,-1,1201,1199,1258,-1,1258,1199,1197,-1,1258,1197,1265,-1,1265,1197,1195,-1,1265,1195,1193,-1,1259,1261,1242,-1,1242,1261,1262,-1,1242,1262,1243,-1,1243,1262,1263,-1,1243,1263,1244,-1,1244,1263,1264,-1,1244,1264,1245,-1,1245,1264,1265,-1,1245,1265,1246,-1,1246,1265,1193,-1,1246,1193,1191,-1,1196,1198,1267,-1,1268,1269,1270,-1,41,1271,1272,-1,1273,1271,41,-1,1270,1269,41,-1,1189,41,1269,-1,1274,1210,1209,-1,1210,1274,1211,-1,1211,1274,1275,-1,1211,1275,1212,-1,1212,1275,1276,-1,1212,1276,1213,-1,1213,1276,1277,-1,1213,1277,1214,-1,1214,1277,1215,-1,1215,1277,1278,-1,1215,1278,1216,-1,1216,1278,1217,-1,1217,1278,1279,-1,1217,1279,677,-1,1280,1273,41,-1,1200,1202,1268,-1,1268,1202,1204,-1,1268,1204,1269,-1,1269,1204,1206,-1,1269,1206,1189,-1,1281,1272,1282,-1,1282,1272,1271,-1,1282,1271,1283,-1,1283,1271,1273,-1,1283,1273,1284,-1,1280,1285,1273,-1,1273,1285,1286,-1,1273,1286,1284,-1,1284,1286,1287,-1,1284,1287,1288,-1,1267,1281,1289,-1,1289,1281,1282,-1,1289,1282,1290,-1,1290,1282,1283,-1,1290,1283,1291,-1,1291,1283,1284,-1,1291,1284,1292,-1,1292,1284,1288,-1,1192,1194,1293,-1,1293,1194,1196,-1,1196,1267,1293,-1,1293,1267,1289,-1,1293,1289,1294,-1,1294,1289,1290,-1,1294,1290,1295,-1,1295,1290,1291,-1,1295,1291,1296,-1,1296,1291,1292,-1,1296,1292,1297,-1,1198,1200,1267,-1,1267,1200,1268,-1,1267,1268,1281,-1,1281,1268,1270,-1,1281,1270,1272,-1,1272,1270,41,-1,1192,1274,1190,-1,1190,1274,1209,-1,1190,1209,686,-1,1288,1298,1292,-1,1292,1298,1299,-1,1292,1299,1297,-1,1297,1299,1300,-1,1297,1300,1301,-1,1192,1293,1274,-1,1274,1293,1294,-1,1274,1294,1275,-1,1275,1294,1295,-1,1275,1295,1276,-1,1276,1295,1296,-1,1276,1296,1277,-1,1277,1296,1297,-1,1277,1297,1278,-1,1278,1297,1301,-1,1278,1301,1279,-1,672,59,57,-1,672,57,1302,-1,1302,57,1303,-1,1302,1303,1304,-1,1304,1303,1305,-1,1304,1305,1306,-1,1306,1305,1307,-1,1307,1305,1308,-1,1307,1308,1309,-1,1309,1308,1310,-1,1310,1308,1311,-1,1310,1311,1312,-1,1312,1311,1313,-1,1313,1311,1314,-1,1313,1314,1315,-1,48,50,1314,-1,1314,50,679,-1,1314,679,1315,-1,675,674,1231,-1,1231,674,1316,-1,1231,1316,1229,-1,1229,1316,1317,-1,1229,1317,1228,-1,1228,1317,1318,-1,1228,1318,1226,-1,1318,1319,1226,-1,1226,1319,1320,-1,1226,1320,1225,-1,1225,1320,1321,-1,1225,1321,1223,-1,1223,1321,1322,-1,1223,1322,1222,-1,1222,1322,1323,-1,1222,1323,1220,-1,1220,1323,1218,-1,1218,1323,680,-1,680,1323,1324,-1,680,1324,681,-1,42,43,1241,-1,682,681,1266,-1,1266,681,1325,-1,1266,1325,1259,-1,1259,1325,1326,-1,1259,1326,1260,-1,1260,1326,1327,-1,1260,1327,1232,-1,1232,1327,1328,-1,1232,1328,1233,-1,1233,1328,1329,-1,1233,1329,1247,-1,1247,1329,1330,-1,1247,1330,1248,-1,1248,1330,1331,-1,1248,1331,1249,-1,1249,1331,1332,-1,1249,1332,1250,-1,1250,1332,1333,-1,1250,1333,1241,-1,1241,1333,1334,-1,1241,1334,42,-1,678,677,1335,-1,1335,677,1279,-1,1335,1279,1336,-1,1336,1279,1301,-1,1336,1301,1337,-1,1337,1301,1300,-1,1337,1300,1338,-1,1338,1300,1299,-1,1338,1299,1339,-1,1339,1299,1298,-1,1339,1298,1340,-1,1340,1298,1288,-1,1340,1288,1341,-1,1341,1288,1287,-1,1341,1287,1342,-1,1342,1287,1286,-1,1342,1286,1343,-1,1343,1286,1285,-1,1343,1285,1344,-1,1285,1280,1344,-1,1344,1280,41,-1,1344,41,40,-1,679,678,1315,-1,1315,678,1345,-1,1315,1345,1313,-1,1313,1345,1346,-1,1313,1346,1312,-1,1312,1346,1347,-1,1312,1347,1310,-1,1347,1348,1310,-1,1310,1348,1349,-1,1310,1349,1309,-1,1309,1349,1350,-1,1309,1350,1307,-1,1307,1350,1351,-1,1307,1351,1306,-1,1306,1351,1352,-1,1306,1352,1304,-1,1304,1352,1302,-1,1302,1352,672,-1,672,1352,1353,-1,672,1353,673,-1,1354,1355,1356,-1,1357,1358,1359,-1,1360,1361,1362,-1,42,1363,1364,-1,1365,1363,42,-1,1362,1361,42,-1,1366,42,1361,-1,1316,1367,1317,-1,1317,1367,1368,-1,1320,1319,1368,-1,1368,1319,1318,-1,1368,1318,1317,-1,1368,1369,1320,-1,1320,1369,1370,-1,1320,1370,1321,-1,1321,1370,1371,-1,1321,1371,1322,-1,1322,1371,1323,-1,1323,1371,1372,-1,1323,1372,1324,-1,1324,1372,1325,-1,1324,1325,681,-1,1334,1365,42,-1,1373,1374,1360,-1,1360,1374,1375,-1,1360,1375,1361,-1,1361,1375,1376,-1,1361,1376,1366,-1,1377,1364,1378,-1,1378,1364,1363,-1,1378,1363,1379,-1,1379,1363,1365,-1,1379,1365,1380,-1,1358,1373,1359,-1,1359,1373,1360,-1,1359,1360,1381,-1,1381,1360,1362,-1,1381,1362,1382,-1,1382,1362,42,-1,1334,1333,1365,-1,1365,1333,1332,-1,1365,1332,1380,-1,1380,1332,1331,-1,1380,1331,1330,-1,1383,1377,1384,-1,1384,1377,1378,-1,1384,1378,1385,-1,1385,1378,1379,-1,1385,1379,1386,-1,1386,1379,1380,-1,1386,1380,1387,-1,1387,1380,1330,-1,1356,1383,1388,-1,1388,1383,1384,-1,1388,1384,1389,-1,1389,1384,1385,-1,1389,1385,1390,-1,1390,1385,1386,-1,1390,1386,1391,-1,1391,1386,1387,-1,1391,1387,1392,-1,1355,1357,1356,-1,1356,1357,1359,-1,1356,1359,1383,-1,1383,1359,1381,-1,1383,1381,1377,-1,1377,1381,1382,-1,1377,1382,1364,-1,1364,1382,42,-1,1316,674,1367,-1,1367,674,1393,-1,1367,1393,1354,-1,1330,1329,1387,-1,1387,1329,1328,-1,1387,1328,1392,-1,1392,1328,1327,-1,1392,1327,1326,-1,1354,1356,1367,-1,1367,1356,1388,-1,1367,1388,1368,-1,1368,1388,1389,-1,1368,1389,1369,-1,1369,1389,1390,-1,1369,1390,1370,-1,1370,1390,1391,-1,1370,1391,1371,-1,1371,1391,1392,-1,1371,1392,1372,-1,1372,1392,1326,-1,1372,1326,1325,-1,1336,1337,1394,-1,1338,1339,1395,-1,1396,1397,1398,-1,40,1399,1400,-1,1401,1399,40,-1,1398,1397,40,-1,1344,40,1397,-1,1345,1402,1346,-1,1346,1402,1403,-1,1349,1348,1403,-1,1403,1348,1347,-1,1403,1347,1346,-1,1403,1404,1349,-1,1349,1404,1405,-1,1349,1405,1350,-1,1350,1405,1406,-1,1350,1406,1351,-1,1351,1406,1352,-1,1352,1406,1407,-1,1352,1407,1353,-1,1353,1407,1408,-1,1353,1408,673,-1,1409,1401,40,-1,1340,1341,1396,-1,1396,1341,1342,-1,1396,1342,1397,-1,1397,1342,1343,-1,1397,1343,1344,-1,1410,1400,1411,-1,1411,1400,1399,-1,1411,1399,1412,-1,1412,1399,1401,-1,1412,1401,1413,-1,1339,1340,1395,-1,1395,1340,1396,-1,1395,1396,1414,-1,1414,1396,1398,-1,1414,1398,1415,-1,1415,1398,40,-1,1409,1416,1401,-1,1401,1416,1417,-1,1401,1417,1413,-1,1413,1417,1418,-1,1413,1418,1419,-1,1420,1410,1421,-1,1421,1410,1411,-1,1421,1411,1422,-1,1422,1411,1412,-1,1422,1412,1423,-1,1423,1412,1413,-1,1423,1413,1424,-1,1424,1413,1419,-1,1394,1420,1425,-1,1425,1420,1421,-1,1425,1421,1426,-1,1426,1421,1422,-1,1426,1422,1427,-1,1427,1422,1423,-1,1427,1423,1428,-1,1428,1423,1424,-1,1428,1424,1429,-1,1337,1338,1394,-1,1394,1338,1395,-1,1394,1395,1420,-1,1420,1395,1414,-1,1420,1414,1410,-1,1410,1414,1415,-1,1410,1415,1400,-1,1400,1415,40,-1,1345,678,1402,-1,1402,678,1335,-1,1402,1335,1336,-1,1419,1430,1424,-1,1424,1430,1431,-1,1424,1431,1429,-1,1429,1431,1432,-1,1429,1432,1433,-1,1336,1394,1402,-1,1402,1394,1425,-1,1402,1425,1403,-1,1403,1425,1426,-1,1403,1426,1404,-1,1404,1426,1427,-1,1404,1427,1405,-1,1405,1427,1428,-1,1405,1428,1406,-1,1406,1428,1429,-1,1406,1429,1407,-1,1407,1429,1433,-1,1407,1433,1408,-1,674,673,1393,-1,1393,673,1408,-1,1393,1408,1354,-1,1354,1408,1433,-1,1354,1433,1355,-1,1355,1433,1432,-1,1355,1432,1357,-1,1357,1432,1431,-1,1357,1431,1358,-1,1358,1431,1430,-1,1358,1430,1373,-1,1373,1430,1419,-1,1373,1419,1374,-1,1374,1419,1418,-1,1374,1418,1375,-1,1375,1418,1417,-1,1375,1417,1376,-1,1376,1417,1416,-1,1376,1416,1366,-1,1416,1409,1366,-1,1366,1409,40,-1,1366,40,42,-1,700,16,18,-1,700,18,1434,-1,1434,18,1435,-1,1434,1435,1436,-1,1436,1435,1437,-1,1436,1437,1438,-1,1438,1437,1439,-1,1439,1437,1440,-1,1439,1440,1441,-1,1441,1440,1442,-1,1442,1440,1443,-1,1442,1443,1444,-1,1444,1443,1445,-1,1445,1443,1446,-1,1445,1446,1447,-1,8,10,1446,-1,1446,10,699,-1,1446,699,1447,-1,692,4,6,-1,692,6,1448,-1,1448,6,1449,-1,1448,1449,1450,-1,1450,1449,1451,-1,1450,1451,1452,-1,1452,1451,1453,-1,1453,1451,1454,-1,1453,1454,1455,-1,1455,1454,1456,-1,1456,1454,1457,-1,1456,1457,1458,-1,1458,1457,1459,-1,1459,1457,1460,-1,1459,1460,1461,-1,19,17,1460,-1,1460,17,703,-1,1460,703,1461,-1,699,698,1447,-1,1447,698,1462,-1,1447,1462,1445,-1,1445,1462,1463,-1,1445,1463,1444,-1,1444,1463,1464,-1,1444,1464,1442,-1,1464,1465,1442,-1,1442,1465,1466,-1,1442,1466,1441,-1,1441,1466,1467,-1,1441,1467,1439,-1,1439,1467,1468,-1,1439,1468,1438,-1,1438,1468,1469,-1,701,700,1470,-1,1470,700,1434,-1,1470,1434,1469,-1,1469,1434,1436,-1,1469,1436,1438,-1,702,701,1471,-1,1471,701,1472,-1,1471,1472,1473,-1,1473,1472,1474,-1,1473,1474,1475,-1,1475,1474,1476,-1,1475,1476,1477,-1,1477,1476,1478,-1,1477,1478,1479,-1,1479,1478,1480,-1,1479,1480,1481,-1,1481,1480,1482,-1,1481,1482,1483,-1,1483,1482,1484,-1,1483,1484,1485,-1,1485,1484,1486,-1,1485,1486,1487,-1,1487,1486,1488,-1,1487,1488,1489,-1,1488,1490,1489,-1,1489,1490,3,-1,1489,3,1,-1,1456,1458,1491,-1,1491,1458,1459,-1,1491,1459,702,-1,702,1459,1461,-1,702,1461,703,-1,1491,1492,1456,-1,1456,1492,1493,-1,1456,1493,1455,-1,1455,1493,1494,-1,1494,1495,1455,-1,1455,1495,1496,-1,1455,1496,1453,-1,1453,1496,1497,-1,1453,1497,1452,-1,1452,1497,1498,-1,1452,1498,1450,-1,1450,1498,1499,-1,1450,1499,1448,-1,1448,1499,693,-1,1448,693,692,-1,696,11,9,-1,696,9,1500,-1,1500,9,1501,-1,1500,1501,1502,-1,1502,1501,1503,-1,1502,1503,1504,-1,1504,1503,1505,-1,1505,1503,1506,-1,1505,1506,1507,-1,1507,1506,1508,-1,1508,1506,1509,-1,1508,1509,1510,-1,1510,1509,1511,-1,1511,1509,1512,-1,1511,1512,1513,-1,12,14,1512,-1,1512,14,691,-1,1512,691,1513,-1,1514,1515,1516,-1,1517,1518,1519,-1,1520,1521,1522,-1,3,1523,1524,-1,1525,1523,3,-1,1522,1521,3,-1,1526,3,1521,-1,1462,1527,1463,-1,1463,1527,1528,-1,1466,1465,1528,-1,1528,1465,1464,-1,1528,1464,1463,-1,1528,1529,1466,-1,1466,1529,1530,-1,1466,1530,1467,-1,1467,1530,1531,-1,1467,1531,1468,-1,1468,1531,1469,-1,1469,1531,1532,-1,1469,1532,1470,-1,1470,1532,1472,-1,1470,1472,701,-1,1490,1525,3,-1,1533,1534,1520,-1,1520,1534,1535,-1,1520,1535,1521,-1,1521,1535,1536,-1,1521,1536,1526,-1,1537,1524,1538,-1,1538,1524,1523,-1,1538,1523,1539,-1,1539,1523,1525,-1,1539,1525,1540,-1,1518,1533,1519,-1,1519,1533,1520,-1,1519,1520,1541,-1,1541,1520,1522,-1,1541,1522,1542,-1,1542,1522,3,-1,1490,1488,1525,-1,1525,1488,1486,-1,1525,1486,1540,-1,1540,1486,1484,-1,1540,1484,1482,-1,1543,1537,1544,-1,1544,1537,1538,-1,1544,1538,1545,-1,1545,1538,1539,-1,1545,1539,1546,-1,1546,1539,1540,-1,1546,1540,1547,-1,1547,1540,1482,-1,1516,1543,1548,-1,1548,1543,1544,-1,1548,1544,1549,-1,1549,1544,1545,-1,1549,1545,1550,-1,1550,1545,1546,-1,1550,1546,1551,-1,1551,1546,1547,-1,1551,1547,1552,-1,1515,1517,1516,-1,1516,1517,1519,-1,1516,1519,1543,-1,1543,1519,1541,-1,1543,1541,1537,-1,1537,1541,1542,-1,1537,1542,1524,-1,1524,1542,3,-1,1462,698,1527,-1,1527,698,1553,-1,1527,1553,1514,-1,1482,1480,1547,-1,1547,1480,1478,-1,1547,1478,1552,-1,1552,1478,1476,-1,1552,1476,1474,-1,1514,1516,1527,-1,1527,1516,1548,-1,1527,1548,1528,-1,1528,1548,1549,-1,1528,1549,1529,-1,1529,1549,1550,-1,1529,1550,1530,-1,1530,1550,1551,-1,1530,1551,1531,-1,1531,1551,1552,-1,1531,1552,1532,-1,1532,1552,1474,-1,1532,1474,1472,-1,1477,1479,1554,-1,1555,1556,1557,-1,1,1558,1559,-1,1560,1558,1,-1,1557,1556,1,-1,1489,1,1556,-1,1561,1492,1491,-1,1492,1561,1493,-1,1493,1561,1562,-1,1493,1562,1494,-1,1494,1562,1563,-1,1494,1563,1495,-1,1495,1563,1564,-1,1495,1564,1496,-1,1496,1564,1497,-1,1497,1564,1565,-1,1497,1565,1498,-1,1498,1565,1499,-1,1499,1565,1566,-1,1499,1566,693,-1,1567,1560,1,-1,1481,1483,1555,-1,1555,1483,1485,-1,1555,1485,1556,-1,1556,1485,1487,-1,1556,1487,1489,-1,1568,1559,1569,-1,1569,1559,1558,-1,1569,1558,1570,-1,1570,1558,1560,-1,1570,1560,1571,-1,1567,1572,1560,-1,1560,1572,1573,-1,1560,1573,1571,-1,1571,1573,1574,-1,1571,1574,1575,-1,1554,1568,1576,-1,1576,1568,1569,-1,1576,1569,1577,-1,1577,1569,1570,-1,1577,1570,1578,-1,1578,1570,1571,-1,1578,1571,1579,-1,1579,1571,1575,-1,1473,1475,1580,-1,1580,1475,1477,-1,1477,1554,1580,-1,1580,1554,1576,-1,1580,1576,1581,-1,1581,1576,1577,-1,1581,1577,1582,-1,1582,1577,1578,-1,1582,1578,1583,-1,1583,1578,1579,-1,1583,1579,1584,-1,1479,1481,1554,-1,1554,1481,1555,-1,1554,1555,1568,-1,1568,1555,1557,-1,1568,1557,1559,-1,1559,1557,1,-1,1473,1561,1471,-1,1471,1561,1491,-1,1471,1491,702,-1,1575,1585,1579,-1,1579,1585,1586,-1,1579,1586,1584,-1,1584,1586,1587,-1,1584,1587,1588,-1,1473,1580,1561,-1,1561,1580,1581,-1,1561,1581,1562,-1,1562,1581,1582,-1,1562,1582,1563,-1,1563,1582,1583,-1,1563,1583,1564,-1,1564,1583,1584,-1,1564,1584,1565,-1,1565,1584,1588,-1,1565,1588,1566,-1,688,15,13,-1,688,13,1589,-1,1589,13,1590,-1,1589,1590,1591,-1,1591,1590,1592,-1,1591,1592,1593,-1,1593,1592,1594,-1,1594,1592,1595,-1,1594,1595,1596,-1,1596,1595,1597,-1,1597,1595,1598,-1,1597,1598,1599,-1,1599,1598,1600,-1,1600,1598,1601,-1,1600,1601,1602,-1,7,5,1601,-1,1601,5,695,-1,1601,695,1602,-1,1508,1510,1603,-1,1603,1510,1511,-1,1603,1511,690,-1,690,1511,1513,-1,690,1513,691,-1,1603,1604,1508,-1,1508,1604,1605,-1,1508,1605,1507,-1,1507,1605,1606,-1,1606,1607,1507,-1,1507,1607,1608,-1,1507,1608,1505,-1,1505,1608,1609,-1,1505,1609,1504,-1,1504,1609,1610,-1,1504,1610,1502,-1,1502,1610,1611,-1,1502,1611,1500,-1,1500,1611,697,-1,1500,697,696,-1,2,3,1526,-1,698,697,1553,-1,1553,697,1612,-1,1553,1612,1514,-1,1514,1612,1613,-1,1514,1613,1515,-1,1515,1613,1614,-1,1515,1614,1517,-1,1517,1614,1615,-1,1517,1615,1518,-1,1518,1615,1616,-1,1518,1616,1533,-1,1533,1616,1617,-1,1533,1617,1534,-1,1534,1617,1618,-1,1534,1618,1535,-1,1535,1618,1619,-1,1535,1619,1536,-1,1536,1619,1620,-1,1536,1620,1526,-1,1526,1620,1621,-1,1526,1621,2,-1,694,693,1622,-1,1622,693,1566,-1,1622,1566,1623,-1,1623,1566,1588,-1,1623,1588,1624,-1,1624,1588,1587,-1,1624,1587,1625,-1,1625,1587,1586,-1,1625,1586,1626,-1,1626,1586,1585,-1,1626,1585,1627,-1,1627,1585,1575,-1,1627,1575,1628,-1,1628,1575,1574,-1,1628,1574,1629,-1,1629,1574,1573,-1,1629,1573,1630,-1,1630,1573,1572,-1,1630,1572,1631,-1,1572,1567,1631,-1,1631,1567,1,-1,1631,1,0,-1,1597,1599,1632,-1,1632,1599,1600,-1,1632,1600,694,-1,694,1600,1602,-1,694,1602,695,-1,1632,1633,1597,-1,1597,1633,1634,-1,1597,1634,1596,-1,1596,1634,1635,-1,1635,1636,1596,-1,1596,1636,1637,-1,1596,1637,1594,-1,1594,1637,1638,-1,1594,1638,1593,-1,1593,1638,1639,-1,1593,1639,1591,-1,1591,1639,1640,-1,1591,1640,1589,-1,1589,1640,689,-1,1589,689,688,-1,1641,1642,1643,-1,1644,1645,1646,-1,2,1647,1648,-1,1649,1647,2,-1,1646,1645,2,-1,1650,2,1645,-1,1651,1604,1603,-1,1604,1651,1605,-1,1605,1651,1652,-1,1605,1652,1606,-1,1606,1652,1653,-1,1606,1653,1607,-1,1607,1653,1654,-1,1607,1654,1608,-1,1608,1654,1609,-1,1609,1654,1655,-1,1609,1655,1610,-1,1610,1655,1611,-1,1611,1655,1612,-1,1611,1612,697,-1,1621,1649,2,-1,1656,1657,1644,-1,1644,1657,1658,-1,1644,1658,1645,-1,1645,1658,1659,-1,1645,1659,1650,-1,1660,1648,1661,-1,1661,1648,1647,-1,1661,1647,1662,-1,1662,1647,1649,-1,1662,1649,1663,-1,1621,1620,1649,-1,1649,1620,1619,-1,1649,1619,1663,-1,1663,1619,1618,-1,1663,1618,1617,-1,1643,1660,1664,-1,1664,1660,1661,-1,1664,1661,1665,-1,1665,1661,1662,-1,1665,1662,1666,-1,1666,1662,1663,-1,1666,1663,1667,-1,1667,1663,1617,-1,1668,1669,1670,-1,1670,1669,1641,-1,1641,1643,1670,-1,1670,1643,1664,-1,1670,1664,1671,-1,1671,1664,1665,-1,1671,1665,1672,-1,1672,1665,1666,-1,1672,1666,1673,-1,1673,1666,1667,-1,1673,1667,1674,-1,1642,1656,1643,-1,1643,1656,1644,-1,1643,1644,1660,-1,1660,1644,1646,-1,1660,1646,1648,-1,1648,1646,2,-1,1668,1651,1675,-1,1675,1651,1603,-1,1675,1603,690,-1,1617,1616,1667,-1,1667,1616,1615,-1,1667,1615,1674,-1,1674,1615,1614,-1,1674,1614,1613,-1,1668,1670,1651,-1,1651,1670,1671,-1,1651,1671,1652,-1,1652,1671,1672,-1,1652,1672,1653,-1,1653,1672,1673,-1,1653,1673,1654,-1,1654,1673,1674,-1,1654,1674,1655,-1,1655,1674,1613,-1,1655,1613,1612,-1,1625,1626,1676,-1,1677,1678,1679,-1,0,1680,1681,-1,1682,1680,0,-1,1679,1678,0,-1,1631,0,1678,-1,1683,1633,1632,-1,1633,1683,1634,-1,1634,1683,1684,-1,1634,1684,1635,-1,1635,1684,1685,-1,1635,1685,1636,-1,1636,1685,1686,-1,1636,1686,1637,-1,1637,1686,1638,-1,1638,1686,1687,-1,1638,1687,1639,-1,1639,1687,1640,-1,1640,1687,1688,-1,1640,1688,689,-1,1689,1682,0,-1,1627,1628,1677,-1,1677,1628,1629,-1,1677,1629,1678,-1,1678,1629,1630,-1,1678,1630,1631,-1,1690,1681,1691,-1,1691,1681,1680,-1,1691,1680,1692,-1,1692,1680,1682,-1,1692,1682,1693,-1,1689,1694,1682,-1,1682,1694,1695,-1,1682,1695,1693,-1,1693,1695,1696,-1,1693,1696,1697,-1,1676,1690,1698,-1,1698,1690,1691,-1,1698,1691,1699,-1,1699,1691,1692,-1,1699,1692,1700,-1,1700,1692,1693,-1,1700,1693,1701,-1,1701,1693,1697,-1,1623,1624,1702,-1,1702,1624,1625,-1,1625,1676,1702,-1,1702,1676,1698,-1,1702,1698,1703,-1,1703,1698,1699,-1,1703,1699,1704,-1,1704,1699,1700,-1,1704,1700,1705,-1,1705,1700,1701,-1,1705,1701,1706,-1,1626,1627,1676,-1,1676,1627,1677,-1,1676,1677,1690,-1,1690,1677,1679,-1,1690,1679,1681,-1,1681,1679,0,-1,1623,1683,1622,-1,1622,1683,1632,-1,1622,1632,694,-1,1697,1707,1701,-1,1701,1707,1708,-1,1701,1708,1706,-1,1706,1708,1709,-1,1706,1709,1710,-1,1623,1702,1683,-1,1683,1702,1703,-1,1683,1703,1684,-1,1684,1703,1704,-1,1684,1704,1685,-1,1685,1704,1705,-1,1685,1705,1686,-1,1686,1705,1706,-1,1686,1706,1687,-1,1687,1706,1710,-1,1687,1710,1688,-1,0,2,1650,-1,690,689,1675,-1,1675,689,1688,-1,1675,1688,1668,-1,1668,1688,1710,-1,1668,1710,1669,-1,1669,1710,1709,-1,1669,1709,1641,-1,1641,1709,1708,-1,1641,1708,1642,-1,1642,1708,1707,-1,1642,1707,1656,-1,1656,1707,1697,-1,1656,1697,1657,-1,1657,1697,1696,-1,1657,1696,1658,-1,1658,1696,1695,-1,1658,1695,1659,-1,1659,1695,1694,-1,1659,1694,1650,-1,1650,1694,1689,-1,1650,1689,0,-1,652,24,26,-1,652,26,1711,-1,1711,26,1712,-1,1711,1712,1713,-1,1713,1712,1714,-1,1713,1714,1715,-1,1715,1714,1716,-1,1716,1714,1717,-1,1716,1717,1718,-1,1718,1717,1719,-1,1719,1717,1720,-1,1719,1720,1721,-1,1721,1720,1722,-1,1722,1720,1723,-1,1722,1723,1724,-1,35,33,1723,-1,1723,33,651,-1,1723,651,1724,-1,644,31,29,-1,644,29,1725,-1,1725,29,1726,-1,1725,1726,1727,-1,1727,1726,1728,-1,1727,1728,1729,-1,1729,1728,1730,-1,1730,1728,1731,-1,1730,1731,1732,-1,1732,1731,1733,-1,1733,1731,1734,-1,1733,1734,1735,-1,1735,1734,1736,-1,1736,1734,1737,-1,1736,1737,1738,-1,27,25,1737,-1,1737,25,655,-1,1737,655,1738,-1,1719,1721,1739,-1,1739,1721,1722,-1,1739,1722,650,-1,650,1722,1724,-1,650,1724,651,-1,1739,1740,1719,-1,1719,1740,1741,-1,1719,1741,1718,-1,1718,1741,1742,-1,1742,1743,1718,-1,1718,1743,1744,-1,1718,1744,1716,-1,1716,1744,1745,-1,1716,1745,1715,-1,1715,1745,1746,-1,1715,1746,1713,-1,1713,1746,1747,-1,1713,1747,1711,-1,1711,1747,653,-1,1711,653,652,-1,39,37,1748,-1,1748,37,1749,-1,1748,1749,1750,-1,1750,1749,1751,-1,1750,1751,1752,-1,1752,1751,1753,-1,1752,1753,1754,-1,1754,1753,1755,-1,1754,1755,1756,-1,1756,1755,1757,-1,1756,1757,1758,-1,1758,1757,1759,-1,1758,1759,1760,-1,1760,1759,1761,-1,1760,1761,1762,-1,1762,1761,1763,-1,1762,1763,1764,-1,1764,1763,1765,-1,1764,1765,653,-1,653,1765,654,-1,1733,1735,1766,-1,1766,1735,1736,-1,1766,1736,654,-1,654,1736,1738,-1,654,1738,655,-1,1766,1767,1733,-1,1733,1767,1768,-1,1733,1768,1732,-1,1732,1768,1769,-1,1769,1770,1732,-1,1732,1770,1771,-1,1732,1771,1730,-1,1730,1771,1772,-1,1730,1772,1729,-1,1729,1772,1773,-1,1729,1773,1727,-1,1727,1773,1774,-1,1727,1774,1725,-1,1725,1774,645,-1,1725,645,644,-1,648,32,34,-1,648,34,1775,-1,1775,34,1776,-1,1775,1776,1777,-1,1777,1776,1778,-1,1777,1778,1779,-1,1779,1778,1780,-1,1780,1778,1781,-1,1780,1781,1782,-1,1782,1781,1783,-1,1783,1781,1784,-1,1783,1784,1785,-1,1785,1784,1786,-1,1786,1784,1787,-1,1786,1787,1788,-1,20,22,1787,-1,1787,22,643,-1,1787,643,1788,-1,1789,1790,39,-1,1791,1792,39,-1,1793,1794,1790,-1,1790,1794,39,-1,1792,1789,39,-1,1750,1752,1795,-1,1796,1740,1739,-1,1740,1796,1741,-1,1741,1796,1797,-1,1741,1797,1742,-1,1742,1797,1798,-1,1742,1798,1743,-1,1743,1798,1799,-1,1743,1799,1744,-1,1744,1799,1745,-1,1745,1799,1800,-1,1745,1800,1746,-1,1746,1800,1747,-1,1747,1800,1764,-1,1747,1764,653,-1,1758,1760,1801,-1,1801,1760,1762,-1,1802,1796,1803,-1,1803,1796,1739,-1,1803,1739,650,-1,1802,1804,1796,-1,1796,1804,1805,-1,1796,1805,1797,-1,1797,1805,1806,-1,1797,1806,1798,-1,1798,1806,1807,-1,1798,1807,1799,-1,1799,1807,1801,-1,1799,1801,1800,-1,1800,1801,1762,-1,1800,1762,1764,-1,1758,1801,1808,-1,1808,1801,1807,-1,1808,1807,1809,-1,1809,1807,1806,-1,1809,1806,1810,-1,1810,1806,1805,-1,1810,1805,1811,-1,1811,1805,1804,-1,1811,1804,1812,-1,1752,1754,1808,-1,1808,1754,1756,-1,1808,1756,1758,-1,1802,1813,1804,-1,1804,1813,1814,-1,1804,1814,1812,-1,1812,1814,1815,-1,1812,1815,1816,-1,1752,1808,1795,-1,1795,1808,1809,-1,1795,1809,1817,-1,1817,1809,1810,-1,1817,1810,1818,-1,1818,1810,1811,-1,1818,1811,1819,-1,1819,1811,1812,-1,1819,1812,1820,-1,1820,1812,1816,-1,1820,1816,1821,-1,39,1748,1822,-1,1822,1748,1750,-1,1791,39,1822,-1,1750,1795,1822,-1,1822,1795,1817,-1,1822,1817,1791,-1,1791,1817,1818,-1,1791,1818,1792,-1,1792,1818,1819,-1,1792,1819,1789,-1,1789,1819,1820,-1,1789,1820,1790,-1,1790,1820,1821,-1,1790,1821,1793,-1,1823,1824,37,-1,1825,1826,37,-1,1751,1749,1824,-1,1824,1749,37,-1,1826,1823,37,-1,1827,1828,1829,-1,1830,1767,1766,-1,1767,1830,1768,-1,1768,1830,1831,-1,1768,1831,1769,-1,1769,1831,1832,-1,1769,1832,1770,-1,1770,1832,1833,-1,1770,1833,1771,-1,1771,1833,1772,-1,1772,1833,1834,-1,1772,1834,1773,-1,1773,1834,1774,-1,1774,1834,1835,-1,1774,1835,645,-1,1836,1837,1838,-1,1838,1837,1839,-1,1763,1830,1765,-1,1765,1830,1766,-1,1765,1766,654,-1,1763,1840,1830,-1,1830,1840,1841,-1,1830,1841,1831,-1,1831,1841,1842,-1,1831,1842,1832,-1,1832,1842,1843,-1,1832,1843,1833,-1,1833,1843,1838,-1,1833,1838,1834,-1,1834,1838,1839,-1,1834,1839,1835,-1,1836,1838,1844,-1,1844,1838,1843,-1,1844,1843,1845,-1,1845,1843,1842,-1,1845,1842,1846,-1,1846,1842,1841,-1,1846,1841,1847,-1,1847,1841,1840,-1,1847,1840,1848,-1,1828,1849,1844,-1,1844,1849,1850,-1,1844,1850,1836,-1,1763,1761,1840,-1,1840,1761,1759,-1,1840,1759,1848,-1,1848,1759,1757,-1,1848,1757,1755,-1,1828,1844,1829,-1,1829,1844,1845,-1,1829,1845,1851,-1,1851,1845,1846,-1,1851,1846,1852,-1,1852,1846,1847,-1,1852,1847,1853,-1,1853,1847,1848,-1,1853,1848,1854,-1,1854,1848,1755,-1,1854,1755,1753,-1,37,1855,1856,-1,1856,1855,1827,-1,1825,37,1856,-1,1827,1829,1856,-1,1856,1829,1851,-1,1856,1851,1825,-1,1825,1851,1852,-1,1825,1852,1826,-1,1826,1852,1853,-1,1826,1853,1823,-1,1823,1853,1854,-1,1823,1854,1824,-1,1824,1854,1753,-1,1824,1753,1751,-1,640,23,21,-1,640,21,1857,-1,1857,21,1858,-1,1857,1858,1859,-1,1859,1858,1860,-1,1859,1860,1861,-1,1861,1860,1862,-1,1862,1860,1863,-1,1862,1863,1864,-1,1864,1863,1865,-1,1865,1863,1866,-1,1865,1866,1867,-1,1867,1866,1868,-1,1868,1866,1869,-1,1868,1869,1870,-1,28,30,1869,-1,1869,30,647,-1,1869,647,1870,-1,1783,1785,1871,-1,1871,1785,1786,-1,1871,1786,642,-1,642,1786,1788,-1,642,1788,643,-1,1871,1872,1783,-1,1783,1872,1873,-1,1783,1873,1782,-1,1782,1873,1874,-1,1874,1875,1782,-1,1782,1875,1876,-1,1782,1876,1780,-1,1780,1876,1877,-1,1780,1877,1779,-1,1779,1877,1878,-1,1779,1878,1777,-1,1777,1878,1879,-1,1777,1879,1775,-1,1775,1879,649,-1,1775,649,648,-1,650,649,1803,-1,1803,649,1880,-1,1803,1880,1802,-1,1802,1880,1881,-1,1802,1881,1813,-1,1813,1881,1882,-1,1813,1882,1814,-1,1814,1882,1883,-1,1814,1883,1815,-1,1815,1883,1884,-1,1815,1884,1816,-1,1816,1884,1885,-1,1816,1885,1821,-1,1821,1885,1886,-1,1821,1886,1793,-1,1793,1886,1887,-1,1793,1887,1794,-1,1794,1887,1888,-1,1794,1888,39,-1,39,1888,38,-1,646,645,1889,-1,1889,645,1835,-1,1889,1835,1890,-1,1890,1835,1839,-1,1890,1839,1891,-1,1891,1839,1837,-1,1891,1837,1892,-1,1892,1837,1836,-1,1892,1836,1893,-1,1893,1836,1850,-1,1893,1850,1894,-1,1894,1850,1849,-1,1894,1849,1895,-1,1895,1849,1828,-1,1895,1828,1896,-1,1896,1828,1827,-1,1896,1827,1897,-1,1897,1827,1855,-1,1897,1855,36,-1,36,1855,37,-1,1865,1867,1898,-1,1898,1867,1868,-1,1898,1868,646,-1,646,1868,1870,-1,646,1870,647,-1,1898,1899,1865,-1,1865,1899,1900,-1,1865,1900,1864,-1,1864,1900,1901,-1,1901,1902,1864,-1,1864,1902,1903,-1,1864,1903,1862,-1,1862,1903,1904,-1,1862,1904,1861,-1,1861,1904,1905,-1,1861,1905,1859,-1,1859,1905,1906,-1,1859,1906,1857,-1,1857,1906,641,-1,1857,641,640,-1,1907,1908,38,-1,1909,1910,38,-1,1911,1912,1908,-1,1908,1912,38,-1,1910,1907,38,-1,1887,1886,1913,-1,1914,1872,1871,-1,1872,1914,1873,-1,1873,1914,1915,-1,1873,1915,1874,-1,1874,1915,1916,-1,1874,1916,1875,-1,1875,1916,1917,-1,1875,1917,1876,-1,1876,1917,1877,-1,1877,1917,1918,-1,1877,1918,1878,-1,1878,1918,1879,-1,1879,1918,1880,-1,1879,1880,649,-1,1883,1882,1919,-1,1919,1882,1881,-1,1920,1914,1921,-1,1921,1914,1871,-1,1921,1871,642,-1,1920,1922,1914,-1,1914,1922,1923,-1,1914,1923,1915,-1,1915,1923,1924,-1,1915,1924,1916,-1,1916,1924,1925,-1,1916,1925,1917,-1,1917,1925,1919,-1,1917,1919,1918,-1,1918,1919,1881,-1,1918,1881,1880,-1,1883,1919,1926,-1,1926,1919,1925,-1,1926,1925,1927,-1,1927,1925,1924,-1,1927,1924,1928,-1,1928,1924,1923,-1,1928,1923,1929,-1,1929,1923,1922,-1,1929,1922,1930,-1,1886,1885,1926,-1,1926,1885,1884,-1,1926,1884,1883,-1,1920,1931,1922,-1,1922,1931,1932,-1,1922,1932,1930,-1,1930,1932,1933,-1,1930,1933,1934,-1,1886,1926,1913,-1,1913,1926,1927,-1,1913,1927,1935,-1,1935,1927,1928,-1,1935,1928,1936,-1,1936,1928,1929,-1,1936,1929,1937,-1,1937,1929,1930,-1,1937,1930,1938,-1,1938,1930,1934,-1,1938,1934,1939,-1,38,1888,1940,-1,1940,1888,1887,-1,1909,38,1940,-1,1887,1913,1940,-1,1940,1913,1935,-1,1940,1935,1909,-1,1909,1935,1936,-1,1909,1936,1910,-1,1910,1936,1937,-1,1910,1937,1907,-1,1907,1937,1938,-1,1907,1938,1908,-1,1908,1938,1939,-1,1908,1939,1911,-1,1941,1942,36,-1,1943,1944,36,-1,1896,1897,1942,-1,1942,1897,36,-1,1944,1941,36,-1,1945,1946,1947,-1,1948,1899,1898,-1,1899,1948,1900,-1,1900,1948,1949,-1,1900,1949,1901,-1,1901,1949,1950,-1,1901,1950,1902,-1,1902,1950,1951,-1,1902,1951,1903,-1,1903,1951,1904,-1,1904,1951,1952,-1,1904,1952,1905,-1,1905,1952,1906,-1,1906,1952,1953,-1,1906,1953,641,-1,1954,1955,1956,-1,1956,1955,1957,-1,1890,1948,1889,-1,1889,1948,1898,-1,1889,1898,646,-1,1890,1958,1948,-1,1948,1958,1959,-1,1948,1959,1949,-1,1949,1959,1960,-1,1949,1960,1950,-1,1950,1960,1961,-1,1950,1961,1951,-1,1951,1961,1956,-1,1951,1956,1952,-1,1952,1956,1957,-1,1952,1957,1953,-1,1954,1956,1962,-1,1962,1956,1961,-1,1962,1961,1963,-1,1963,1961,1960,-1,1963,1960,1964,-1,1964,1960,1959,-1,1964,1959,1965,-1,1965,1959,1958,-1,1965,1958,1966,-1,1946,1967,1962,-1,1962,1967,1968,-1,1962,1968,1954,-1,1890,1891,1958,-1,1958,1891,1892,-1,1958,1892,1966,-1,1966,1892,1893,-1,1966,1893,1894,-1,1946,1962,1947,-1,1947,1962,1963,-1,1947,1963,1969,-1,1969,1963,1964,-1,1969,1964,1970,-1,1970,1964,1965,-1,1970,1965,1971,-1,1971,1965,1966,-1,1971,1966,1972,-1,1972,1966,1894,-1,1972,1894,1895,-1,36,1973,1974,-1,1974,1973,1945,-1,1943,36,1974,-1,1945,1947,1974,-1,1974,1947,1969,-1,1974,1969,1943,-1,1943,1969,1970,-1,1943,1970,1944,-1,1944,1970,1971,-1,1944,1971,1941,-1,1941,1971,1972,-1,1941,1972,1942,-1,1942,1972,1895,-1,1942,1895,1896,-1,642,641,1921,-1,1921,641,1953,-1,1921,1953,1920,-1,1920,1953,1957,-1,1920,1957,1931,-1,1931,1957,1955,-1,1931,1955,1932,-1,1932,1955,1954,-1,1932,1954,1933,-1,1933,1954,1968,-1,1933,1968,1934,-1,1934,1968,1967,-1,1934,1967,1939,-1,1939,1967,1946,-1,1939,1946,1911,-1,1911,1946,1945,-1,1911,1945,1912,-1,1912,1945,1973,-1,1912,1973,38,-1,38,1973,36,-1,668,63,61,-1,668,61,1975,-1,1975,61,1976,-1,1975,1976,1977,-1,1977,1976,1978,-1,1977,1978,1979,-1,1979,1978,1980,-1,1980,1978,1981,-1,1980,1981,1982,-1,1982,1981,1983,-1,1983,1981,1984,-1,1983,1984,1985,-1,1985,1984,1986,-1,1986,1984,1987,-1,1986,1987,1988,-1,75,73,1987,-1,1987,73,667,-1,1987,667,1988,-1,660,68,70,-1,660,70,1989,-1,1989,70,1990,-1,1989,1990,1991,-1,1991,1990,1992,-1,1991,1992,1993,-1,1993,1992,1994,-1,1994,1992,1995,-1,1994,1995,1996,-1,1996,1995,1997,-1,1997,1995,1998,-1,1997,1998,1999,-1,1999,1998,2000,-1,2000,1998,2001,-1,2000,2001,2002,-1,60,62,2001,-1,2001,62,671,-1,2001,671,2002,-1,1983,1985,2003,-1,2003,1985,1986,-1,2003,1986,666,-1,666,1986,1988,-1,666,1988,667,-1,2003,2004,1983,-1,1983,2004,2005,-1,1983,2005,1982,-1,1982,2005,2006,-1,2006,2007,1982,-1,1982,2007,2008,-1,1982,2008,1980,-1,1980,2008,2009,-1,1980,2009,1979,-1,1979,2009,2010,-1,1979,2010,1977,-1,1977,2010,2011,-1,1977,2011,1975,-1,1975,2011,669,-1,1975,669,668,-1,670,669,2012,-1,2012,669,2013,-1,2012,2013,2014,-1,2014,2013,2015,-1,2014,2015,2016,-1,2016,2015,2017,-1,2016,2017,2018,-1,2018,2017,2019,-1,2018,2019,2020,-1,2020,2019,2021,-1,2020,2021,2022,-1,2022,2021,2023,-1,2022,2023,2024,-1,2024,2023,2025,-1,2024,2025,2026,-1,2026,2025,2027,-1,2026,2027,2028,-1,2028,2027,2029,-1,2028,2029,77,-1,77,2029,79,-1,1997,1999,2030,-1,2030,1999,2000,-1,2030,2000,670,-1,670,2000,2002,-1,670,2002,671,-1,2030,2031,1997,-1,1997,2031,2032,-1,1997,2032,1996,-1,1996,2032,2033,-1,2033,2034,1996,-1,1996,2034,2035,-1,1996,2035,1994,-1,1994,2035,2036,-1,1994,2036,1993,-1,1993,2036,2037,-1,1993,2037,1991,-1,1991,2037,2038,-1,1991,2038,1989,-1,1989,2038,661,-1,1989,661,660,-1,664,72,74,-1,664,74,2039,-1,2039,74,2040,-1,2039,2040,2041,-1,2041,2040,2042,-1,2041,2042,2043,-1,2043,2042,2044,-1,2044,2042,2045,-1,2044,2045,2046,-1,2046,2045,2047,-1,2047,2045,2048,-1,2047,2048,2049,-1,2049,2048,2050,-1,2050,2048,2051,-1,2050,2051,2052,-1,64,66,2051,-1,2051,66,659,-1,2051,659,2052,-1,2053,2054,79,-1,2055,2056,79,-1,2057,2058,2054,-1,2054,2058,79,-1,2056,2053,79,-1,2027,2025,2059,-1,2060,2004,2003,-1,2004,2060,2005,-1,2005,2060,2061,-1,2005,2061,2006,-1,2006,2061,2062,-1,2006,2062,2007,-1,2007,2062,2063,-1,2007,2063,2008,-1,2008,2063,2009,-1,2009,2063,2064,-1,2009,2064,2010,-1,2010,2064,2011,-1,2011,2064,2013,-1,2011,2013,669,-1,2019,2017,2065,-1,2065,2017,2015,-1,2066,2060,2067,-1,2067,2060,2003,-1,2067,2003,666,-1,2066,2068,2060,-1,2060,2068,2069,-1,2060,2069,2061,-1,2061,2069,2070,-1,2061,2070,2062,-1,2062,2070,2071,-1,2062,2071,2063,-1,2063,2071,2065,-1,2063,2065,2064,-1,2064,2065,2015,-1,2064,2015,2013,-1,2019,2065,2072,-1,2072,2065,2071,-1,2072,2071,2073,-1,2073,2071,2070,-1,2073,2070,2074,-1,2074,2070,2069,-1,2074,2069,2075,-1,2075,2069,2068,-1,2075,2068,2076,-1,2025,2023,2072,-1,2072,2023,2021,-1,2072,2021,2019,-1,2066,2077,2068,-1,2068,2077,2078,-1,2068,2078,2076,-1,2076,2078,2079,-1,2076,2079,2080,-1,2025,2072,2059,-1,2059,2072,2073,-1,2059,2073,2081,-1,2081,2073,2074,-1,2081,2074,2082,-1,2082,2074,2075,-1,2082,2075,2083,-1,2083,2075,2076,-1,2083,2076,2084,-1,2084,2076,2080,-1,2084,2080,2085,-1,79,2029,2086,-1,2086,2029,2027,-1,2055,79,2086,-1,2027,2059,2086,-1,2086,2059,2081,-1,2086,2081,2055,-1,2055,2081,2082,-1,2055,2082,2056,-1,2056,2082,2083,-1,2056,2083,2053,-1,2053,2083,2084,-1,2053,2084,2054,-1,2054,2084,2085,-1,2054,2085,2057,-1,2087,2088,77,-1,2089,2090,77,-1,2026,2028,2088,-1,2088,2028,77,-1,2090,2087,77,-1,2091,2092,2093,-1,2094,2031,2030,-1,2031,2094,2032,-1,2032,2094,2095,-1,2032,2095,2033,-1,2033,2095,2096,-1,2033,2096,2034,-1,2034,2096,2097,-1,2034,2097,2035,-1,2035,2097,2036,-1,2036,2097,2098,-1,2036,2098,2037,-1,2037,2098,2038,-1,2038,2098,2099,-1,2038,2099,661,-1,2100,2101,2102,-1,2102,2101,2103,-1,2014,2094,2012,-1,2012,2094,2030,-1,2012,2030,670,-1,2014,2104,2094,-1,2094,2104,2105,-1,2094,2105,2095,-1,2095,2105,2106,-1,2095,2106,2096,-1,2096,2106,2107,-1,2096,2107,2097,-1,2097,2107,2102,-1,2097,2102,2098,-1,2098,2102,2103,-1,2098,2103,2099,-1,2100,2102,2108,-1,2108,2102,2107,-1,2108,2107,2109,-1,2109,2107,2106,-1,2109,2106,2110,-1,2110,2106,2105,-1,2110,2105,2111,-1,2111,2105,2104,-1,2111,2104,2112,-1,2092,2113,2108,-1,2108,2113,2114,-1,2108,2114,2100,-1,2014,2016,2104,-1,2104,2016,2018,-1,2104,2018,2112,-1,2112,2018,2020,-1,2112,2020,2022,-1,2092,2108,2093,-1,2093,2108,2109,-1,2093,2109,2115,-1,2115,2109,2110,-1,2115,2110,2116,-1,2116,2110,2111,-1,2116,2111,2117,-1,2117,2111,2112,-1,2117,2112,2118,-1,2118,2112,2022,-1,2118,2022,2024,-1,77,2119,2120,-1,2120,2119,2091,-1,2089,77,2120,-1,2091,2093,2120,-1,2120,2093,2115,-1,2120,2115,2089,-1,2089,2115,2116,-1,2089,2116,2090,-1,2090,2116,2117,-1,2090,2117,2087,-1,2087,2117,2118,-1,2087,2118,2088,-1,2088,2118,2024,-1,2088,2024,2026,-1,656,67,65,-1,656,65,2121,-1,2121,65,2122,-1,2121,2122,2123,-1,2123,2122,2124,-1,2123,2124,2125,-1,2125,2124,2126,-1,2126,2124,2127,-1,2126,2127,2128,-1,2128,2127,2129,-1,2129,2127,2130,-1,2129,2130,2131,-1,2131,2130,2132,-1,2132,2130,2133,-1,2132,2133,2134,-1,71,69,2133,-1,2133,69,663,-1,2133,663,2134,-1,2047,2049,2135,-1,2135,2049,2050,-1,2135,2050,658,-1,658,2050,2052,-1,658,2052,659,-1,2135,2136,2047,-1,2047,2136,2137,-1,2047,2137,2046,-1,2046,2137,2138,-1,2138,2139,2046,-1,2046,2139,2140,-1,2046,2140,2044,-1,2044,2140,2141,-1,2044,2141,2043,-1,2043,2141,2142,-1,2043,2142,2041,-1,2041,2142,2143,-1,2041,2143,2039,-1,2039,2143,665,-1,2039,665,664,-1,78,79,2144,-1,2144,79,2058,-1,2144,2058,2145,-1,2145,2058,2057,-1,2145,2057,2146,-1,2146,2057,2085,-1,2146,2085,2147,-1,2147,2085,2080,-1,2147,2080,2148,-1,2148,2080,2079,-1,2148,2079,2149,-1,2149,2079,2078,-1,2149,2078,2150,-1,2150,2078,2077,-1,2150,2077,2151,-1,2151,2077,2066,-1,2151,2066,2152,-1,2152,2066,2067,-1,2152,2067,665,-1,665,2067,666,-1,662,661,2153,-1,2153,661,2099,-1,2153,2099,2154,-1,2154,2099,2103,-1,2154,2103,2155,-1,2155,2103,2101,-1,2155,2101,2156,-1,2156,2101,2100,-1,2156,2100,2157,-1,2157,2100,2114,-1,2157,2114,2158,-1,2158,2114,2113,-1,2158,2113,2159,-1,2159,2113,2092,-1,2159,2092,2160,-1,2160,2092,2091,-1,2160,2091,2161,-1,2161,2091,2119,-1,2161,2119,76,-1,76,2119,77,-1,2129,2131,2162,-1,2162,2131,2132,-1,2162,2132,662,-1,662,2132,2134,-1,662,2134,663,-1,2162,2163,2129,-1,2129,2163,2164,-1,2129,2164,2128,-1,2128,2164,2165,-1,2165,2166,2128,-1,2128,2166,2167,-1,2128,2167,2126,-1,2126,2167,2168,-1,2126,2168,2125,-1,2125,2168,2169,-1,2125,2169,2123,-1,2123,2169,2170,-1,2123,2170,2121,-1,2121,2170,657,-1,2121,657,656,-1,2171,2172,78,-1,2173,2174,78,-1,2175,2176,2172,-1,2172,2176,78,-1,2174,2171,78,-1,2145,2146,2177,-1,2178,2136,2135,-1,2136,2178,2137,-1,2137,2178,2179,-1,2137,2179,2138,-1,2138,2179,2180,-1,2138,2180,2139,-1,2139,2180,2181,-1,2139,2181,2140,-1,2140,2181,2141,-1,2141,2181,2182,-1,2141,2182,2142,-1,2142,2182,2143,-1,2143,2182,2152,-1,2143,2152,665,-1,2149,2150,2183,-1,2183,2150,2151,-1,2184,2178,2185,-1,2185,2178,2135,-1,2185,2135,658,-1,2184,2186,2178,-1,2178,2186,2187,-1,2178,2187,2179,-1,2179,2187,2188,-1,2179,2188,2180,-1,2180,2188,2189,-1,2180,2189,2181,-1,2181,2189,2183,-1,2181,2183,2182,-1,2182,2183,2151,-1,2182,2151,2152,-1,2149,2183,2190,-1,2190,2183,2189,-1,2190,2189,2191,-1,2191,2189,2188,-1,2191,2188,2192,-1,2192,2188,2187,-1,2192,2187,2193,-1,2193,2187,2186,-1,2193,2186,2194,-1,2146,2147,2190,-1,2190,2147,2148,-1,2190,2148,2149,-1,2184,2195,2186,-1,2186,2195,2196,-1,2186,2196,2194,-1,2194,2196,2197,-1,2194,2197,2198,-1,2146,2190,2177,-1,2177,2190,2191,-1,2177,2191,2199,-1,2199,2191,2192,-1,2199,2192,2200,-1,2200,2192,2193,-1,2200,2193,2201,-1,2201,2193,2194,-1,2201,2194,2202,-1,2202,2194,2198,-1,2202,2198,2203,-1,78,2144,2204,-1,2204,2144,2145,-1,2173,78,2204,-1,2145,2177,2204,-1,2204,2177,2199,-1,2204,2199,2173,-1,2173,2199,2200,-1,2173,2200,2174,-1,2174,2200,2201,-1,2174,2201,2171,-1,2171,2201,2202,-1,2171,2202,2172,-1,2172,2202,2203,-1,2172,2203,2175,-1,2205,2206,76,-1,2207,2208,76,-1,2160,2161,2206,-1,2206,2161,76,-1,2208,2205,76,-1,2209,2210,2211,-1,2212,2163,2162,-1,2163,2212,2164,-1,2164,2212,2213,-1,2164,2213,2165,-1,2165,2213,2214,-1,2165,2214,2166,-1,2166,2214,2215,-1,2166,2215,2167,-1,2167,2215,2168,-1,2168,2215,2216,-1,2168,2216,2169,-1,2169,2216,2170,-1,2170,2216,2217,-1,2170,2217,657,-1,2218,2219,2220,-1,2220,2219,2221,-1,2154,2212,2153,-1,2153,2212,2162,-1,2153,2162,662,-1,2154,2222,2212,-1,2212,2222,2223,-1,2212,2223,2213,-1,2213,2223,2224,-1,2213,2224,2214,-1,2214,2224,2225,-1,2214,2225,2215,-1,2215,2225,2220,-1,2215,2220,2216,-1,2216,2220,2221,-1,2216,2221,2217,-1,2218,2220,2226,-1,2226,2220,2225,-1,2226,2225,2227,-1,2227,2225,2224,-1,2227,2224,2228,-1,2228,2224,2223,-1,2228,2223,2229,-1,2229,2223,2222,-1,2229,2222,2230,-1,2210,2231,2226,-1,2226,2231,2232,-1,2226,2232,2218,-1,2154,2155,2222,-1,2222,2155,2156,-1,2222,2156,2230,-1,2230,2156,2157,-1,2230,2157,2158,-1,2210,2226,2211,-1,2211,2226,2227,-1,2211,2227,2233,-1,2233,2227,2228,-1,2233,2228,2234,-1,2234,2228,2229,-1,2234,2229,2235,-1,2235,2229,2230,-1,2235,2230,2236,-1,2236,2230,2158,-1,2236,2158,2159,-1,76,2237,2238,-1,2238,2237,2209,-1,2207,76,2238,-1,2209,2211,2238,-1,2238,2211,2233,-1,2238,2233,2207,-1,2207,2233,2234,-1,2207,2234,2208,-1,2208,2234,2235,-1,2208,2235,2205,-1,2205,2235,2236,-1,2205,2236,2206,-1,2206,2236,2159,-1,2206,2159,2160,-1,76,78,2237,-1,2237,78,2176,-1,2237,2176,2209,-1,2209,2176,2175,-1,2209,2175,2210,-1,2210,2175,2203,-1,2210,2203,2231,-1,2231,2203,2198,-1,2231,2198,2232,-1,2232,2198,2197,-1,2232,2197,2218,-1,2218,2197,2196,-1,2218,2196,2219,-1,2219,2196,2195,-1,2219,2195,2221,-1,2221,2195,2184,-1,2221,2184,2217,-1,2217,2184,2185,-1,2217,2185,657,-1,657,2185,658,-1,748,132,134,-1,748,134,2239,-1,2239,134,2240,-1,2239,2240,2241,-1,2241,2240,2242,-1,2241,2242,2243,-1,2243,2242,2244,-1,2244,2242,2245,-1,2244,2245,2246,-1,2246,2245,2247,-1,2247,2245,2248,-1,2247,2248,2249,-1,2249,2248,2250,-1,2250,2248,2251,-1,2250,2251,2252,-1,127,125,2251,-1,2251,125,747,-1,2251,747,2252,-1,740,131,129,-1,740,129,2253,-1,2253,129,2254,-1,2253,2254,2255,-1,2255,2254,2256,-1,2255,2256,2257,-1,2257,2256,2258,-1,2258,2256,2259,-1,2258,2259,2260,-1,2260,2259,2261,-1,2261,2259,2262,-1,2261,2262,2263,-1,2263,2262,2264,-1,2264,2262,2265,-1,2264,2265,2266,-1,135,133,2265,-1,2265,133,751,-1,2265,751,2266,-1,2247,2249,2267,-1,2267,2249,2250,-1,2267,2250,746,-1,746,2250,2252,-1,746,2252,747,-1,2267,2268,2247,-1,2247,2268,2269,-1,2247,2269,2246,-1,2246,2269,2270,-1,2270,2271,2246,-1,2246,2271,2272,-1,2246,2272,2244,-1,2244,2272,2273,-1,2244,2273,2243,-1,2243,2273,2274,-1,2243,2274,2241,-1,2241,2274,2275,-1,2241,2275,2239,-1,2239,2275,749,-1,2239,749,748,-1,123,121,2276,-1,750,749,2277,-1,2277,749,2278,-1,2277,2278,2279,-1,2279,2278,2280,-1,2279,2280,2281,-1,2281,2280,2282,-1,2281,2282,2283,-1,2283,2282,2284,-1,2283,2284,2285,-1,2285,2284,2286,-1,2285,2286,2287,-1,2287,2286,2288,-1,2287,2288,2289,-1,2289,2288,2290,-1,2289,2290,2291,-1,2291,2290,2292,-1,2291,2292,2293,-1,2293,2292,2294,-1,2293,2294,2276,-1,2276,2294,2295,-1,2276,2295,123,-1,2261,2263,2296,-1,2296,2263,2264,-1,2296,2264,750,-1,750,2264,2266,-1,750,2266,751,-1,2296,2297,2261,-1,2261,2297,2298,-1,2261,2298,2260,-1,2260,2298,2299,-1,2299,2300,2260,-1,2260,2300,2301,-1,2260,2301,2258,-1,2258,2301,2302,-1,2258,2302,2257,-1,2257,2302,2303,-1,2257,2303,2255,-1,2255,2303,2304,-1,2255,2304,2253,-1,2253,2304,741,-1,2253,741,740,-1,744,124,126,-1,744,126,2305,-1,2305,126,2306,-1,2305,2306,2307,-1,2307,2306,2308,-1,2307,2308,2309,-1,2309,2308,2310,-1,2310,2308,2311,-1,2310,2311,2312,-1,2312,2311,2313,-1,2313,2311,2314,-1,2313,2314,2315,-1,2315,2314,2316,-1,2316,2314,2317,-1,2316,2317,2318,-1,136,138,2317,-1,2317,138,739,-1,2317,739,2318,-1,2319,2320,2321,-1,2322,2323,2324,-1,123,2325,2326,-1,2327,2325,123,-1,2324,2323,123,-1,2328,123,2323,-1,2329,2268,2267,-1,2268,2329,2269,-1,2269,2329,2330,-1,2269,2330,2270,-1,2270,2330,2331,-1,2270,2331,2271,-1,2271,2331,2332,-1,2271,2332,2272,-1,2272,2332,2273,-1,2273,2332,2333,-1,2273,2333,2274,-1,2274,2333,2275,-1,2275,2333,2278,-1,2275,2278,749,-1,2295,2327,123,-1,2334,2335,2322,-1,2322,2335,2336,-1,2322,2336,2323,-1,2323,2336,2337,-1,2323,2337,2328,-1,2338,2326,2339,-1,2339,2326,2325,-1,2339,2325,2340,-1,2340,2325,2327,-1,2340,2327,2341,-1,2295,2294,2327,-1,2327,2294,2292,-1,2327,2292,2341,-1,2341,2292,2290,-1,2341,2290,2288,-1,2321,2338,2342,-1,2342,2338,2339,-1,2342,2339,2343,-1,2343,2339,2340,-1,2343,2340,2344,-1,2344,2340,2341,-1,2344,2341,2345,-1,2345,2341,2288,-1,2346,2347,2348,-1,2348,2347,2319,-1,2319,2321,2348,-1,2348,2321,2342,-1,2348,2342,2349,-1,2349,2342,2343,-1,2349,2343,2350,-1,2350,2343,2344,-1,2350,2344,2351,-1,2351,2344,2345,-1,2351,2345,2352,-1,2320,2334,2321,-1,2321,2334,2322,-1,2321,2322,2338,-1,2338,2322,2324,-1,2338,2324,2326,-1,2326,2324,123,-1,2346,2329,2353,-1,2353,2329,2267,-1,2353,2267,746,-1,2288,2286,2345,-1,2345,2286,2284,-1,2345,2284,2352,-1,2352,2284,2282,-1,2352,2282,2280,-1,2346,2348,2329,-1,2329,2348,2349,-1,2329,2349,2330,-1,2330,2349,2350,-1,2330,2350,2331,-1,2331,2350,2351,-1,2331,2351,2332,-1,2332,2351,2352,-1,2332,2352,2333,-1,2333,2352,2280,-1,2333,2280,2278,-1,2283,2285,2354,-1,2355,2356,2357,-1,121,2358,2359,-1,2357,2356,121,-1,2276,121,2356,-1,2360,2297,2296,-1,2297,2360,2298,-1,2298,2360,2361,-1,2298,2361,2299,-1,2299,2361,2362,-1,2299,2362,2300,-1,2300,2362,2363,-1,2300,2363,2301,-1,2301,2363,2302,-1,2302,2363,2364,-1,2302,2364,2303,-1,2303,2364,2304,-1,2304,2364,2365,-1,2304,2365,741,-1,2287,2289,2355,-1,2355,2289,2291,-1,2355,2291,2356,-1,2356,2291,2293,-1,2356,2293,2276,-1,121,2366,2367,-1,2367,2366,2368,-1,2358,121,2367,-1,2369,2359,2370,-1,2370,2359,2358,-1,2370,2358,2371,-1,2371,2358,2367,-1,2371,2367,2372,-1,2372,2367,2368,-1,2372,2368,2373,-1,2354,2369,2374,-1,2374,2369,2370,-1,2374,2370,2375,-1,2375,2370,2371,-1,2375,2371,2376,-1,2376,2371,2372,-1,2376,2372,2377,-1,2377,2372,2373,-1,2377,2373,2378,-1,2279,2281,2379,-1,2379,2281,2283,-1,2283,2354,2379,-1,2379,2354,2374,-1,2379,2374,2380,-1,2380,2374,2375,-1,2380,2375,2381,-1,2381,2375,2376,-1,2381,2376,2382,-1,2382,2376,2377,-1,2382,2377,2383,-1,2285,2287,2354,-1,2354,2287,2355,-1,2354,2355,2369,-1,2369,2355,2357,-1,2369,2357,2359,-1,2359,2357,121,-1,2279,2360,2277,-1,2277,2360,2296,-1,2277,2296,750,-1,2378,2384,2377,-1,2377,2384,2385,-1,2377,2385,2383,-1,2383,2385,2386,-1,2383,2386,2387,-1,2279,2379,2360,-1,2360,2379,2380,-1,2360,2380,2361,-1,2361,2380,2381,-1,2361,2381,2362,-1,2362,2381,2382,-1,2362,2382,2363,-1,2363,2382,2383,-1,2363,2383,2364,-1,2364,2383,2387,-1,2364,2387,2365,-1,736,139,137,-1,736,137,2388,-1,2388,137,2389,-1,2388,2389,2390,-1,2390,2389,2391,-1,2390,2391,2392,-1,2392,2391,2393,-1,2393,2391,2394,-1,2393,2394,2395,-1,2395,2394,2396,-1,2396,2394,2397,-1,2396,2397,2398,-1,2398,2397,2399,-1,2399,2397,2400,-1,2399,2400,2401,-1,128,130,2400,-1,2400,130,743,-1,2400,743,2401,-1,739,738,2318,-1,2318,738,2402,-1,2318,2402,2316,-1,2316,2402,2403,-1,2316,2403,2315,-1,2315,2403,2404,-1,2315,2404,2313,-1,2404,2405,2313,-1,2313,2405,2406,-1,2313,2406,2312,-1,2312,2406,2407,-1,2312,2407,2310,-1,2310,2407,2408,-1,2310,2408,2309,-1,2309,2408,2409,-1,2309,2409,2307,-1,2307,2409,2305,-1,2305,2409,744,-1,744,2409,2410,-1,744,2410,745,-1,122,123,2328,-1,746,745,2353,-1,2353,745,2411,-1,2353,2411,2346,-1,2346,2411,2412,-1,2346,2412,2347,-1,2347,2412,2413,-1,2347,2413,2319,-1,2319,2413,2414,-1,2319,2414,2320,-1,2320,2414,2415,-1,2320,2415,2334,-1,2334,2415,2416,-1,2334,2416,2335,-1,2335,2416,2417,-1,2335,2417,2336,-1,2336,2417,2418,-1,2336,2418,2337,-1,2337,2418,2419,-1,2337,2419,2328,-1,2328,2419,2420,-1,2328,2420,122,-1,121,120,2366,-1,2366,120,2421,-1,2366,2421,2368,-1,2368,2421,2422,-1,2368,2422,2373,-1,2373,2422,2423,-1,2373,2423,2378,-1,2378,2423,2424,-1,2378,2424,2384,-1,2384,2424,2425,-1,2384,2425,2385,-1,2385,2425,2426,-1,2385,2426,2386,-1,2386,2426,2427,-1,2386,2427,2387,-1,2387,2427,2428,-1,2387,2428,2365,-1,2365,2428,2429,-1,2365,2429,741,-1,741,2429,742,-1,743,742,2401,-1,2401,742,2430,-1,2401,2430,2399,-1,2399,2430,2431,-1,2399,2431,2398,-1,2398,2431,2432,-1,2398,2432,2396,-1,2432,2433,2396,-1,2396,2433,2434,-1,2396,2434,2395,-1,2395,2434,2435,-1,2395,2435,2393,-1,2393,2435,2436,-1,2393,2436,2392,-1,2392,2436,2437,-1,737,736,2438,-1,2438,736,2388,-1,2438,2388,2437,-1,2437,2388,2390,-1,2437,2390,2392,-1,2439,2440,2441,-1,2442,2443,2444,-1,2445,2446,2447,-1,122,2448,2449,-1,2450,2448,122,-1,2447,2446,122,-1,2451,122,2446,-1,2402,2452,2403,-1,2403,2452,2453,-1,2406,2405,2453,-1,2453,2405,2404,-1,2453,2404,2403,-1,2453,2454,2406,-1,2406,2454,2455,-1,2406,2455,2407,-1,2407,2455,2456,-1,2407,2456,2408,-1,2408,2456,2409,-1,2409,2456,2457,-1,2409,2457,2410,-1,2410,2457,2411,-1,2410,2411,745,-1,2420,2450,122,-1,2458,2459,2445,-1,2445,2459,2460,-1,2445,2460,2446,-1,2446,2460,2461,-1,2446,2461,2451,-1,2462,2449,2463,-1,2463,2449,2448,-1,2463,2448,2464,-1,2464,2448,2450,-1,2464,2450,2465,-1,2443,2458,2444,-1,2444,2458,2445,-1,2444,2445,2466,-1,2466,2445,2447,-1,2466,2447,2467,-1,2467,2447,122,-1,2420,2419,2450,-1,2450,2419,2418,-1,2450,2418,2465,-1,2465,2418,2417,-1,2465,2417,2416,-1,2468,2462,2469,-1,2469,2462,2463,-1,2469,2463,2470,-1,2470,2463,2464,-1,2470,2464,2471,-1,2471,2464,2465,-1,2471,2465,2472,-1,2472,2465,2416,-1,2441,2468,2473,-1,2473,2468,2469,-1,2473,2469,2474,-1,2474,2469,2470,-1,2474,2470,2475,-1,2475,2470,2471,-1,2475,2471,2476,-1,2476,2471,2472,-1,2476,2472,2477,-1,2440,2442,2441,-1,2441,2442,2444,-1,2441,2444,2468,-1,2468,2444,2466,-1,2468,2466,2462,-1,2462,2466,2467,-1,2462,2467,2449,-1,2449,2467,122,-1,2402,738,2452,-1,2452,738,2478,-1,2452,2478,2439,-1,2416,2415,2472,-1,2472,2415,2414,-1,2472,2414,2477,-1,2477,2414,2413,-1,2477,2413,2412,-1,2439,2441,2452,-1,2452,2441,2473,-1,2452,2473,2453,-1,2453,2473,2474,-1,2453,2474,2454,-1,2454,2474,2475,-1,2454,2475,2455,-1,2455,2475,2476,-1,2455,2476,2456,-1,2456,2476,2477,-1,2456,2477,2457,-1,2457,2477,2412,-1,2457,2412,2411,-1,2428,2427,2479,-1,2480,2481,2482,-1,120,2483,2484,-1,2485,2483,120,-1,2482,2481,120,-1,2486,120,2481,-1,2430,2487,2431,-1,2431,2487,2488,-1,2434,2433,2488,-1,2488,2433,2432,-1,2488,2432,2431,-1,2488,2489,2434,-1,2434,2489,2490,-1,2434,2490,2435,-1,2435,2490,2491,-1,2435,2491,2436,-1,2436,2491,2437,-1,2437,2491,2492,-1,2437,2492,2438,-1,2438,2492,2493,-1,2438,2493,737,-1,2494,2485,120,-1,2486,2481,2495,-1,2495,2481,2480,-1,2495,2480,2496,-1,2421,120,2486,-1,2497,2484,2498,-1,2498,2484,2483,-1,2498,2483,2499,-1,2499,2483,2485,-1,2499,2485,2500,-1,2426,2425,2496,-1,2496,2425,2424,-1,2496,2424,2495,-1,2495,2424,2423,-1,2495,2423,2486,-1,2486,2423,2422,-1,2486,2422,2421,-1,2494,2501,2485,-1,2485,2501,2502,-1,2485,2502,2500,-1,2500,2502,2503,-1,2500,2503,2504,-1,2505,2497,2506,-1,2506,2497,2498,-1,2506,2498,2507,-1,2507,2498,2499,-1,2507,2499,2508,-1,2508,2499,2500,-1,2508,2500,2509,-1,2509,2500,2504,-1,2479,2505,2510,-1,2510,2505,2506,-1,2510,2506,2511,-1,2511,2506,2507,-1,2511,2507,2512,-1,2512,2507,2508,-1,2512,2508,2513,-1,2513,2508,2509,-1,2513,2509,2514,-1,2427,2426,2479,-1,2479,2426,2496,-1,2479,2496,2505,-1,2505,2496,2480,-1,2505,2480,2497,-1,2497,2480,2482,-1,2497,2482,2484,-1,2484,2482,120,-1,2430,742,2487,-1,2487,742,2429,-1,2487,2429,2428,-1,2504,2515,2509,-1,2509,2515,2516,-1,2509,2516,2514,-1,2514,2516,2517,-1,2514,2517,2518,-1,2428,2479,2487,-1,2487,2479,2510,-1,2487,2510,2488,-1,2488,2510,2511,-1,2488,2511,2489,-1,2489,2511,2512,-1,2489,2512,2490,-1,2490,2512,2513,-1,2490,2513,2491,-1,2491,2513,2514,-1,2491,2514,2492,-1,2492,2514,2518,-1,2492,2518,2493,-1,738,737,2478,-1,2478,737,2493,-1,2478,2493,2439,-1,2439,2493,2518,-1,2439,2518,2440,-1,2440,2518,2517,-1,2440,2517,2442,-1,2442,2517,2516,-1,2442,2516,2443,-1,2443,2516,2515,-1,2443,2515,2458,-1,2458,2515,2504,-1,2458,2504,2459,-1,2459,2504,2503,-1,2459,2503,2460,-1,2460,2503,2502,-1,2460,2502,2461,-1,2461,2502,2501,-1,2461,2501,2451,-1,2501,2494,2451,-1,2451,2494,120,-1,2451,120,122,-1,764,96,98,-1,764,98,2519,-1,2519,98,2520,-1,2519,2520,2521,-1,2521,2520,2522,-1,2521,2522,2523,-1,2523,2522,2524,-1,2524,2522,2525,-1,2524,2525,2526,-1,2526,2525,2527,-1,2527,2525,2528,-1,2527,2528,2529,-1,2529,2528,2530,-1,2530,2528,2531,-1,2530,2531,2532,-1,88,90,2531,-1,2531,90,763,-1,2531,763,2532,-1,756,84,86,-1,756,86,2533,-1,2533,86,2534,-1,2533,2534,2535,-1,2535,2534,2536,-1,2535,2536,2537,-1,2537,2536,2538,-1,2538,2536,2539,-1,2538,2539,2540,-1,2540,2539,2541,-1,2541,2539,2542,-1,2541,2542,2543,-1,2543,2542,2544,-1,2544,2542,2545,-1,2544,2545,2546,-1,99,97,2545,-1,2545,97,767,-1,2545,767,2546,-1,763,762,2532,-1,2532,762,2547,-1,2532,2547,2530,-1,2530,2547,2548,-1,2530,2548,2529,-1,2529,2548,2549,-1,2529,2549,2527,-1,2549,2550,2527,-1,2527,2550,2551,-1,2527,2551,2526,-1,2526,2551,2552,-1,2526,2552,2524,-1,2524,2552,2553,-1,2524,2553,2523,-1,2523,2553,2554,-1,765,764,2555,-1,2555,764,2519,-1,2555,2519,2554,-1,2554,2519,2521,-1,2554,2521,2523,-1,766,765,2556,-1,2556,765,2557,-1,2556,2557,2558,-1,2558,2557,2559,-1,2558,2559,2560,-1,2560,2559,2561,-1,2560,2561,2562,-1,2562,2561,2563,-1,2562,2563,2564,-1,2564,2563,2565,-1,2564,2565,2566,-1,2566,2565,2567,-1,2566,2567,2568,-1,2568,2567,2569,-1,2568,2569,2570,-1,2570,2569,2571,-1,2570,2571,2572,-1,2572,2571,2573,-1,2572,2573,2574,-1,2573,2575,2574,-1,2574,2575,83,-1,2574,83,81,-1,2541,2543,2576,-1,2576,2543,2544,-1,2576,2544,766,-1,766,2544,2546,-1,766,2546,767,-1,2576,2577,2541,-1,2541,2577,2578,-1,2541,2578,2540,-1,2540,2578,2579,-1,2579,2580,2540,-1,2540,2580,2581,-1,2540,2581,2538,-1,2538,2581,2582,-1,2538,2582,2537,-1,2537,2582,2583,-1,2537,2583,2535,-1,2535,2583,2584,-1,2535,2584,2533,-1,2533,2584,757,-1,2533,757,756,-1,760,91,89,-1,760,89,2585,-1,2585,89,2586,-1,2585,2586,2587,-1,2587,2586,2588,-1,2587,2588,2589,-1,2589,2588,2590,-1,2590,2588,2591,-1,2590,2591,2592,-1,2592,2591,2593,-1,2593,2591,2594,-1,2593,2594,2595,-1,2595,2594,2596,-1,2596,2594,2597,-1,2596,2597,2598,-1,92,94,2597,-1,2597,94,755,-1,2597,755,2598,-1,2599,2600,2601,-1,2602,2603,2604,-1,2605,2606,2607,-1,83,2608,2609,-1,2610,2608,83,-1,2607,2606,83,-1,2611,83,2606,-1,2547,2612,2548,-1,2548,2612,2613,-1,2551,2550,2613,-1,2613,2550,2549,-1,2613,2549,2548,-1,2613,2614,2551,-1,2551,2614,2615,-1,2551,2615,2552,-1,2552,2615,2616,-1,2552,2616,2553,-1,2553,2616,2554,-1,2554,2616,2617,-1,2554,2617,2555,-1,2555,2617,2557,-1,2555,2557,765,-1,2575,2610,83,-1,2618,2619,2605,-1,2605,2619,2620,-1,2605,2620,2606,-1,2606,2620,2621,-1,2606,2621,2611,-1,2622,2609,2623,-1,2623,2609,2608,-1,2623,2608,2624,-1,2624,2608,2610,-1,2624,2610,2625,-1,2603,2618,2604,-1,2604,2618,2605,-1,2604,2605,2626,-1,2626,2605,2607,-1,2626,2607,2627,-1,2627,2607,83,-1,2575,2573,2610,-1,2610,2573,2571,-1,2610,2571,2625,-1,2625,2571,2569,-1,2625,2569,2567,-1,2628,2622,2629,-1,2629,2622,2623,-1,2629,2623,2630,-1,2630,2623,2624,-1,2630,2624,2631,-1,2631,2624,2625,-1,2631,2625,2632,-1,2632,2625,2567,-1,2601,2628,2633,-1,2633,2628,2629,-1,2633,2629,2634,-1,2634,2629,2630,-1,2634,2630,2635,-1,2635,2630,2631,-1,2635,2631,2636,-1,2636,2631,2632,-1,2636,2632,2637,-1,2600,2602,2601,-1,2601,2602,2604,-1,2601,2604,2628,-1,2628,2604,2626,-1,2628,2626,2622,-1,2622,2626,2627,-1,2622,2627,2609,-1,2609,2627,83,-1,2547,762,2612,-1,2612,762,2638,-1,2612,2638,2599,-1,2567,2565,2632,-1,2632,2565,2563,-1,2632,2563,2637,-1,2637,2563,2561,-1,2637,2561,2559,-1,2599,2601,2612,-1,2612,2601,2633,-1,2612,2633,2613,-1,2613,2633,2634,-1,2613,2634,2614,-1,2614,2634,2635,-1,2614,2635,2615,-1,2615,2635,2636,-1,2615,2636,2616,-1,2616,2636,2637,-1,2616,2637,2617,-1,2617,2637,2559,-1,2617,2559,2557,-1,2562,2564,2639,-1,2640,2641,2642,-1,81,2643,2644,-1,2642,2641,81,-1,2574,81,2641,-1,2645,2577,2576,-1,2577,2645,2578,-1,2578,2645,2646,-1,2578,2646,2579,-1,2579,2646,2647,-1,2579,2647,2580,-1,2580,2647,2648,-1,2580,2648,2581,-1,2581,2648,2582,-1,2582,2648,2649,-1,2582,2649,2583,-1,2583,2649,2584,-1,2584,2649,2650,-1,2584,2650,757,-1,2566,2568,2640,-1,2640,2568,2570,-1,2640,2570,2641,-1,2641,2570,2572,-1,2641,2572,2574,-1,81,2651,2652,-1,2652,2651,2653,-1,2643,81,2652,-1,2654,2644,2655,-1,2655,2644,2643,-1,2655,2643,2656,-1,2656,2643,2652,-1,2656,2652,2657,-1,2657,2652,2653,-1,2657,2653,2658,-1,2639,2654,2659,-1,2659,2654,2655,-1,2659,2655,2660,-1,2660,2655,2656,-1,2660,2656,2661,-1,2661,2656,2657,-1,2661,2657,2662,-1,2662,2657,2658,-1,2662,2658,2663,-1,2558,2560,2664,-1,2664,2560,2562,-1,2562,2639,2664,-1,2664,2639,2659,-1,2664,2659,2665,-1,2665,2659,2660,-1,2665,2660,2666,-1,2666,2660,2661,-1,2666,2661,2667,-1,2667,2661,2662,-1,2667,2662,2668,-1,2564,2566,2639,-1,2639,2566,2640,-1,2639,2640,2654,-1,2654,2640,2642,-1,2654,2642,2644,-1,2644,2642,81,-1,2558,2645,2556,-1,2556,2645,2576,-1,2556,2576,766,-1,2663,2669,2662,-1,2662,2669,2670,-1,2662,2670,2668,-1,2668,2670,2671,-1,2668,2671,2672,-1,2558,2664,2645,-1,2645,2664,2665,-1,2645,2665,2646,-1,2646,2665,2666,-1,2646,2666,2647,-1,2647,2666,2667,-1,2647,2667,2648,-1,2648,2667,2668,-1,2648,2668,2649,-1,2649,2668,2672,-1,2649,2672,2650,-1,752,95,93,-1,752,93,2673,-1,2673,93,2674,-1,2673,2674,2675,-1,2675,2674,2676,-1,2675,2676,2677,-1,2677,2676,2678,-1,2678,2676,2679,-1,2678,2679,2680,-1,2680,2679,2681,-1,2681,2679,2682,-1,2681,2682,2683,-1,2683,2682,2684,-1,2684,2682,2685,-1,2684,2685,2686,-1,87,85,2685,-1,2685,85,759,-1,2685,759,2686,-1,2593,2595,2687,-1,2687,2595,2596,-1,2687,2596,754,-1,754,2596,2598,-1,754,2598,755,-1,2687,2688,2593,-1,2593,2688,2689,-1,2593,2689,2592,-1,2592,2689,2690,-1,2690,2691,2592,-1,2592,2691,2692,-1,2592,2692,2590,-1,2590,2692,2693,-1,2590,2693,2589,-1,2589,2693,2694,-1,2589,2694,2587,-1,2587,2694,2695,-1,2587,2695,2585,-1,2585,2695,761,-1,2585,761,760,-1,82,83,2611,-1,762,761,2638,-1,2638,761,2696,-1,2638,2696,2599,-1,2599,2696,2697,-1,2599,2697,2600,-1,2600,2697,2698,-1,2600,2698,2602,-1,2602,2698,2699,-1,2602,2699,2603,-1,2603,2699,2700,-1,2603,2700,2618,-1,2618,2700,2701,-1,2618,2701,2619,-1,2619,2701,2702,-1,2619,2702,2620,-1,2620,2702,2703,-1,2620,2703,2621,-1,2621,2703,2704,-1,2621,2704,2611,-1,2611,2704,2705,-1,2611,2705,82,-1,81,80,2651,-1,2651,80,2706,-1,2651,2706,2653,-1,2653,2706,2707,-1,2653,2707,2658,-1,2658,2707,2708,-1,2658,2708,2663,-1,2663,2708,2709,-1,2663,2709,2669,-1,2669,2709,2710,-1,2669,2710,2670,-1,2670,2710,2711,-1,2670,2711,2671,-1,2671,2711,2712,-1,2671,2712,2672,-1,2672,2712,2713,-1,2672,2713,2650,-1,2650,2713,2714,-1,2650,2714,757,-1,757,2714,758,-1,759,758,2686,-1,2686,758,2715,-1,2686,2715,2684,-1,2684,2715,2716,-1,2684,2716,2683,-1,2683,2716,2717,-1,2683,2717,2681,-1,2717,2718,2681,-1,2681,2718,2719,-1,2681,2719,2680,-1,2680,2719,2720,-1,2680,2720,2678,-1,2678,2720,2721,-1,2678,2721,2677,-1,2677,2721,2722,-1,753,752,2723,-1,2723,752,2673,-1,2723,2673,2722,-1,2722,2673,2675,-1,2722,2675,2677,-1,2724,2725,2726,-1,2727,2728,2729,-1,82,2730,2731,-1,2732,2730,82,-1,2729,2728,82,-1,2733,82,2728,-1,2734,2688,2687,-1,2688,2734,2689,-1,2689,2734,2735,-1,2689,2735,2690,-1,2690,2735,2736,-1,2690,2736,2691,-1,2691,2736,2737,-1,2691,2737,2692,-1,2692,2737,2693,-1,2693,2737,2738,-1,2693,2738,2694,-1,2694,2738,2695,-1,2695,2738,2696,-1,2695,2696,761,-1,2705,2732,82,-1,2739,2740,2727,-1,2727,2740,2741,-1,2727,2741,2728,-1,2728,2741,2742,-1,2728,2742,2733,-1,2743,2731,2744,-1,2744,2731,2730,-1,2744,2730,2745,-1,2745,2730,2732,-1,2745,2732,2746,-1,2705,2704,2732,-1,2732,2704,2703,-1,2732,2703,2746,-1,2746,2703,2702,-1,2746,2702,2701,-1,2726,2743,2747,-1,2747,2743,2744,-1,2747,2744,2748,-1,2748,2744,2745,-1,2748,2745,2749,-1,2749,2745,2746,-1,2749,2746,2750,-1,2750,2746,2701,-1,2751,2752,2753,-1,2753,2752,2724,-1,2724,2726,2753,-1,2753,2726,2747,-1,2753,2747,2754,-1,2754,2747,2748,-1,2754,2748,2755,-1,2755,2748,2749,-1,2755,2749,2756,-1,2756,2749,2750,-1,2756,2750,2757,-1,2725,2739,2726,-1,2726,2739,2727,-1,2726,2727,2743,-1,2743,2727,2729,-1,2743,2729,2731,-1,2731,2729,82,-1,2751,2734,2758,-1,2758,2734,2687,-1,2758,2687,754,-1,2701,2700,2750,-1,2750,2700,2699,-1,2750,2699,2757,-1,2757,2699,2698,-1,2757,2698,2697,-1,2751,2753,2734,-1,2734,2753,2754,-1,2734,2754,2735,-1,2735,2754,2755,-1,2735,2755,2736,-1,2736,2755,2756,-1,2736,2756,2737,-1,2737,2756,2757,-1,2737,2757,2738,-1,2738,2757,2697,-1,2738,2697,2696,-1,2713,2712,2759,-1,2760,2761,2762,-1,80,2763,2764,-1,2765,2763,80,-1,2762,2761,80,-1,2766,80,2761,-1,2715,2767,2716,-1,2716,2767,2768,-1,2719,2718,2768,-1,2768,2718,2717,-1,2768,2717,2716,-1,2768,2769,2719,-1,2719,2769,2770,-1,2719,2770,2720,-1,2720,2770,2771,-1,2720,2771,2721,-1,2721,2771,2722,-1,2722,2771,2772,-1,2722,2772,2723,-1,2723,2772,2773,-1,2723,2773,753,-1,2774,2765,80,-1,2766,2761,2775,-1,2775,2761,2760,-1,2775,2760,2776,-1,2706,80,2766,-1,2777,2764,2778,-1,2778,2764,2763,-1,2778,2763,2779,-1,2779,2763,2765,-1,2779,2765,2780,-1,2711,2710,2776,-1,2776,2710,2709,-1,2776,2709,2775,-1,2775,2709,2708,-1,2775,2708,2766,-1,2766,2708,2707,-1,2766,2707,2706,-1,2774,2781,2765,-1,2765,2781,2782,-1,2765,2782,2780,-1,2780,2782,2783,-1,2780,2783,2784,-1,2785,2777,2786,-1,2786,2777,2778,-1,2786,2778,2787,-1,2787,2778,2779,-1,2787,2779,2788,-1,2788,2779,2780,-1,2788,2780,2789,-1,2789,2780,2784,-1,2759,2785,2790,-1,2790,2785,2786,-1,2790,2786,2791,-1,2791,2786,2787,-1,2791,2787,2792,-1,2792,2787,2788,-1,2792,2788,2793,-1,2793,2788,2789,-1,2793,2789,2794,-1,2712,2711,2759,-1,2759,2711,2776,-1,2759,2776,2785,-1,2785,2776,2760,-1,2785,2760,2777,-1,2777,2760,2762,-1,2777,2762,2764,-1,2764,2762,80,-1,2715,758,2767,-1,2767,758,2714,-1,2767,2714,2713,-1,2784,2795,2789,-1,2789,2795,2796,-1,2789,2796,2794,-1,2794,2796,2797,-1,2794,2797,2798,-1,2713,2759,2767,-1,2767,2759,2790,-1,2767,2790,2768,-1,2768,2790,2791,-1,2768,2791,2769,-1,2769,2791,2792,-1,2769,2792,2770,-1,2770,2792,2793,-1,2770,2793,2771,-1,2771,2793,2794,-1,2771,2794,2772,-1,2772,2794,2798,-1,2772,2798,2773,-1,80,82,2733,-1,754,753,2758,-1,2758,753,2773,-1,2758,2773,2751,-1,2751,2773,2798,-1,2751,2798,2752,-1,2752,2798,2797,-1,2752,2797,2724,-1,2724,2797,2796,-1,2724,2796,2725,-1,2725,2796,2795,-1,2725,2795,2739,-1,2739,2795,2784,-1,2739,2784,2740,-1,2740,2784,2783,-1,2740,2783,2741,-1,2741,2783,2782,-1,2741,2782,2742,-1,2742,2782,2781,-1,2742,2781,2733,-1,2733,2781,2774,-1,2733,2774,80,-1,716,104,106,-1,716,106,2799,-1,2799,106,2800,-1,2799,2800,2801,-1,2801,2800,2802,-1,2801,2802,2803,-1,2803,2802,2804,-1,2804,2802,2805,-1,2804,2805,2806,-1,2806,2805,2807,-1,2807,2805,2808,-1,2807,2808,2809,-1,2809,2808,2810,-1,2810,2808,2811,-1,2810,2811,2812,-1,115,113,2811,-1,2811,113,715,-1,2811,715,2812,-1,708,111,109,-1,708,109,2813,-1,2813,109,2814,-1,2813,2814,2815,-1,2815,2814,2816,-1,2815,2816,2817,-1,2817,2816,2818,-1,2818,2816,2819,-1,2818,2819,2820,-1,2820,2819,2821,-1,2821,2819,2822,-1,2821,2822,2823,-1,2823,2822,2824,-1,2824,2822,2825,-1,2824,2825,2826,-1,107,105,2825,-1,2825,105,719,-1,2825,719,2826,-1,2807,2809,2827,-1,2827,2809,2810,-1,2827,2810,714,-1,714,2810,2812,-1,714,2812,715,-1,2827,2828,2807,-1,2807,2828,2829,-1,2807,2829,2806,-1,2806,2829,2830,-1,2830,2831,2806,-1,2806,2831,2832,-1,2806,2832,2804,-1,2804,2832,2833,-1,2804,2833,2803,-1,2803,2833,2834,-1,2803,2834,2801,-1,2801,2834,2835,-1,2801,2835,2799,-1,2799,2835,717,-1,2799,717,716,-1,119,117,2836,-1,2836,117,2837,-1,2836,2837,2838,-1,2838,2837,2839,-1,2838,2839,2840,-1,2840,2839,2841,-1,2840,2841,2842,-1,2842,2841,2843,-1,2842,2843,2844,-1,2844,2843,2845,-1,2844,2845,2846,-1,2846,2845,2847,-1,2846,2847,2848,-1,2848,2847,2849,-1,2848,2849,2850,-1,2850,2849,2851,-1,2850,2851,2852,-1,2852,2851,2853,-1,2852,2853,717,-1,717,2853,718,-1,2821,2823,2854,-1,2854,2823,2824,-1,2854,2824,718,-1,718,2824,2826,-1,718,2826,719,-1,2854,2855,2821,-1,2821,2855,2856,-1,2821,2856,2820,-1,2820,2856,2857,-1,2857,2858,2820,-1,2820,2858,2859,-1,2820,2859,2818,-1,2818,2859,2860,-1,2818,2860,2817,-1,2817,2860,2861,-1,2817,2861,2815,-1,2815,2861,2862,-1,2815,2862,2813,-1,2813,2862,709,-1,2813,709,708,-1,712,112,114,-1,712,114,2863,-1,2863,114,2864,-1,2863,2864,2865,-1,2865,2864,2866,-1,2865,2866,2867,-1,2867,2866,2868,-1,2868,2866,2869,-1,2868,2869,2870,-1,2870,2869,2871,-1,2871,2869,2872,-1,2871,2872,2873,-1,2873,2872,2874,-1,2874,2872,2875,-1,2874,2875,2876,-1,100,102,2875,-1,2875,102,707,-1,2875,707,2876,-1,2877,2878,119,-1,2879,2880,119,-1,2881,2882,2878,-1,2878,2882,119,-1,2880,2877,119,-1,2838,2840,2883,-1,2884,2828,2827,-1,2828,2884,2829,-1,2829,2884,2885,-1,2829,2885,2830,-1,2830,2885,2886,-1,2830,2886,2831,-1,2831,2886,2887,-1,2831,2887,2832,-1,2832,2887,2833,-1,2833,2887,2888,-1,2833,2888,2834,-1,2834,2888,2835,-1,2835,2888,2852,-1,2835,2852,717,-1,2846,2848,2889,-1,2889,2848,2850,-1,2890,2884,2891,-1,2891,2884,2827,-1,2891,2827,714,-1,2890,2892,2884,-1,2884,2892,2893,-1,2884,2893,2885,-1,2885,2893,2894,-1,2885,2894,2886,-1,2886,2894,2895,-1,2886,2895,2887,-1,2887,2895,2889,-1,2887,2889,2888,-1,2888,2889,2850,-1,2888,2850,2852,-1,2846,2889,2896,-1,2896,2889,2895,-1,2896,2895,2897,-1,2897,2895,2894,-1,2897,2894,2898,-1,2898,2894,2893,-1,2898,2893,2899,-1,2899,2893,2892,-1,2899,2892,2900,-1,2840,2842,2896,-1,2896,2842,2844,-1,2896,2844,2846,-1,2890,2901,2892,-1,2892,2901,2902,-1,2892,2902,2900,-1,2900,2902,2903,-1,2900,2903,2904,-1,2840,2896,2883,-1,2883,2896,2897,-1,2883,2897,2905,-1,2905,2897,2898,-1,2905,2898,2906,-1,2906,2898,2899,-1,2906,2899,2907,-1,2907,2899,2900,-1,2907,2900,2908,-1,2908,2900,2904,-1,2908,2904,2909,-1,119,2836,2910,-1,2910,2836,2838,-1,2879,119,2910,-1,2838,2883,2910,-1,2910,2883,2905,-1,2910,2905,2879,-1,2879,2905,2906,-1,2879,2906,2880,-1,2880,2906,2907,-1,2880,2907,2877,-1,2877,2907,2908,-1,2877,2908,2878,-1,2878,2908,2909,-1,2878,2909,2881,-1,2911,2912,117,-1,2913,2914,117,-1,2839,2837,2912,-1,2912,2837,117,-1,2914,2911,117,-1,2915,2916,2917,-1,2918,2855,2854,-1,2855,2918,2856,-1,2856,2918,2919,-1,2856,2919,2857,-1,2857,2919,2920,-1,2857,2920,2858,-1,2858,2920,2921,-1,2858,2921,2859,-1,2859,2921,2860,-1,2860,2921,2922,-1,2860,2922,2861,-1,2861,2922,2862,-1,2862,2922,2923,-1,2862,2923,709,-1,2924,2925,2926,-1,2926,2925,2927,-1,2851,2918,2853,-1,2853,2918,2854,-1,2853,2854,718,-1,2851,2928,2918,-1,2918,2928,2929,-1,2918,2929,2919,-1,2919,2929,2930,-1,2919,2930,2920,-1,2920,2930,2931,-1,2920,2931,2921,-1,2921,2931,2926,-1,2921,2926,2922,-1,2922,2926,2927,-1,2922,2927,2923,-1,2924,2926,2932,-1,2932,2926,2931,-1,2932,2931,2933,-1,2933,2931,2930,-1,2933,2930,2934,-1,2934,2930,2929,-1,2934,2929,2935,-1,2935,2929,2928,-1,2935,2928,2936,-1,2916,2937,2932,-1,2932,2937,2938,-1,2932,2938,2924,-1,2851,2849,2928,-1,2928,2849,2847,-1,2928,2847,2936,-1,2936,2847,2845,-1,2936,2845,2843,-1,2916,2932,2917,-1,2917,2932,2933,-1,2917,2933,2939,-1,2939,2933,2934,-1,2939,2934,2940,-1,2940,2934,2935,-1,2940,2935,2941,-1,2941,2935,2936,-1,2941,2936,2942,-1,2942,2936,2843,-1,2942,2843,2841,-1,117,2943,2944,-1,2944,2943,2915,-1,2913,117,2944,-1,2915,2917,2944,-1,2944,2917,2939,-1,2944,2939,2913,-1,2913,2939,2940,-1,2913,2940,2914,-1,2914,2940,2941,-1,2914,2941,2911,-1,2911,2941,2942,-1,2911,2942,2912,-1,2912,2942,2841,-1,2912,2841,2839,-1,704,103,101,-1,704,101,2945,-1,2945,101,2946,-1,2945,2946,2947,-1,2947,2946,2948,-1,2947,2948,2949,-1,2949,2948,2950,-1,2950,2948,2951,-1,2950,2951,2952,-1,2952,2951,2953,-1,2953,2951,2954,-1,2953,2954,2955,-1,2955,2954,2956,-1,2956,2954,2957,-1,2956,2957,2958,-1,108,110,2957,-1,2957,110,711,-1,2957,711,2958,-1,2871,2873,2959,-1,2959,2873,2874,-1,2959,2874,706,-1,706,2874,2876,-1,706,2876,707,-1,2959,2960,2871,-1,2871,2960,2961,-1,2871,2961,2870,-1,2870,2961,2962,-1,2962,2963,2870,-1,2870,2963,2964,-1,2870,2964,2868,-1,2868,2964,2965,-1,2868,2965,2867,-1,2867,2965,2966,-1,2867,2966,2865,-1,2865,2966,2967,-1,2865,2967,2863,-1,2863,2967,713,-1,2863,713,712,-1,118,119,2968,-1,2968,119,2882,-1,2968,2882,2969,-1,2969,2882,2881,-1,2969,2881,2970,-1,2970,2881,2909,-1,2970,2909,2971,-1,2971,2909,2904,-1,2971,2904,2972,-1,2972,2904,2903,-1,2972,2903,2973,-1,2973,2903,2902,-1,2973,2902,2974,-1,2974,2902,2901,-1,2974,2901,2975,-1,2975,2901,2890,-1,2975,2890,2976,-1,2976,2890,2891,-1,2976,2891,713,-1,713,2891,714,-1,710,709,2977,-1,2977,709,2923,-1,2977,2923,2978,-1,2978,2923,2927,-1,2978,2927,2979,-1,2979,2927,2925,-1,2979,2925,2980,-1,2980,2925,2924,-1,2980,2924,2981,-1,2981,2924,2938,-1,2981,2938,2982,-1,2982,2938,2937,-1,2982,2937,2983,-1,2983,2937,2916,-1,2983,2916,2984,-1,2984,2916,2915,-1,2984,2915,2985,-1,2985,2915,2943,-1,2985,2943,116,-1,116,2943,117,-1,2953,2955,2986,-1,2986,2955,2956,-1,2986,2956,710,-1,710,2956,2958,-1,710,2958,711,-1,2986,2987,2953,-1,2953,2987,2988,-1,2953,2988,2952,-1,2952,2988,2989,-1,2989,2990,2952,-1,2952,2990,2991,-1,2952,2991,2950,-1,2950,2991,2992,-1,2950,2992,2949,-1,2949,2992,2993,-1,2949,2993,2947,-1,2947,2993,2994,-1,2947,2994,2945,-1,2945,2994,705,-1,2945,705,704,-1,2995,2996,118,-1,2997,2998,118,-1,2999,3000,2996,-1,2996,3000,118,-1,2998,2995,118,-1,2969,2970,3001,-1,3002,2960,2959,-1,2960,3002,2961,-1,2961,3002,3003,-1,2961,3003,2962,-1,2962,3003,3004,-1,2962,3004,2963,-1,2963,3004,3005,-1,2963,3005,2964,-1,2964,3005,2965,-1,2965,3005,3006,-1,2965,3006,2966,-1,2966,3006,2967,-1,2967,3006,2976,-1,2967,2976,713,-1,2973,2974,3007,-1,3007,2974,2975,-1,3008,3002,3009,-1,3009,3002,2959,-1,3009,2959,706,-1,3008,3010,3002,-1,3002,3010,3011,-1,3002,3011,3003,-1,3003,3011,3012,-1,3003,3012,3004,-1,3004,3012,3013,-1,3004,3013,3005,-1,3005,3013,3007,-1,3005,3007,3006,-1,3006,3007,2975,-1,3006,2975,2976,-1,2973,3007,3014,-1,3014,3007,3013,-1,3014,3013,3015,-1,3015,3013,3012,-1,3015,3012,3016,-1,3016,3012,3011,-1,3016,3011,3017,-1,3017,3011,3010,-1,3017,3010,3018,-1,2970,2971,3014,-1,3014,2971,2972,-1,3014,2972,2973,-1,3008,3019,3010,-1,3010,3019,3020,-1,3010,3020,3018,-1,3018,3020,3021,-1,3018,3021,3022,-1,2970,3014,3001,-1,3001,3014,3015,-1,3001,3015,3023,-1,3023,3015,3016,-1,3023,3016,3024,-1,3024,3016,3017,-1,3024,3017,3025,-1,3025,3017,3018,-1,3025,3018,3026,-1,3026,3018,3022,-1,3026,3022,3027,-1,118,2968,3028,-1,3028,2968,2969,-1,2997,118,3028,-1,2969,3001,3028,-1,3028,3001,3023,-1,3028,3023,2997,-1,2997,3023,3024,-1,2997,3024,2998,-1,2998,3024,3025,-1,2998,3025,2995,-1,2995,3025,3026,-1,2995,3026,2996,-1,2996,3026,3027,-1,2996,3027,2999,-1,3029,3030,116,-1,3031,3032,116,-1,2984,2985,3030,-1,3030,2985,116,-1,3032,3029,116,-1,3033,3034,3035,-1,3036,2987,2986,-1,2987,3036,2988,-1,2988,3036,3037,-1,2988,3037,2989,-1,2989,3037,3038,-1,2989,3038,2990,-1,2990,3038,3039,-1,2990,3039,2991,-1,2991,3039,2992,-1,2992,3039,3040,-1,2992,3040,2993,-1,2993,3040,2994,-1,2994,3040,3041,-1,2994,3041,705,-1,3042,3043,3044,-1,3044,3043,3045,-1,2978,3036,2977,-1,2977,3036,2986,-1,2977,2986,710,-1,2978,3046,3036,-1,3036,3046,3047,-1,3036,3047,3037,-1,3037,3047,3048,-1,3037,3048,3038,-1,3038,3048,3049,-1,3038,3049,3039,-1,3039,3049,3044,-1,3039,3044,3040,-1,3040,3044,3045,-1,3040,3045,3041,-1,3042,3044,3050,-1,3050,3044,3049,-1,3050,3049,3051,-1,3051,3049,3048,-1,3051,3048,3052,-1,3052,3048,3047,-1,3052,3047,3053,-1,3053,3047,3046,-1,3053,3046,3054,-1,3034,3055,3050,-1,3050,3055,3056,-1,3050,3056,3042,-1,2978,2979,3046,-1,3046,2979,2980,-1,3046,2980,3054,-1,3054,2980,2981,-1,3054,2981,2982,-1,3034,3050,3035,-1,3035,3050,3051,-1,3035,3051,3057,-1,3057,3051,3052,-1,3057,3052,3058,-1,3058,3052,3053,-1,3058,3053,3059,-1,3059,3053,3054,-1,3059,3054,3060,-1,3060,3054,2982,-1,3060,2982,2983,-1,116,3061,3062,-1,3062,3061,3033,-1,3031,116,3062,-1,3033,3035,3062,-1,3062,3035,3057,-1,3062,3057,3031,-1,3031,3057,3058,-1,3031,3058,3032,-1,3032,3058,3059,-1,3032,3059,3029,-1,3029,3059,3060,-1,3029,3060,3030,-1,3030,3060,2983,-1,3030,2983,2984,-1,706,705,3009,-1,3009,705,3041,-1,3009,3041,3008,-1,3008,3041,3045,-1,3008,3045,3019,-1,3019,3045,3043,-1,3019,3043,3020,-1,3020,3043,3042,-1,3020,3042,3021,-1,3021,3042,3056,-1,3021,3056,3022,-1,3022,3056,3055,-1,3022,3055,3027,-1,3027,3055,3034,-1,3027,3034,2999,-1,2999,3034,3033,-1,2999,3033,3000,-1,3000,3033,3061,-1,3000,3061,118,-1,118,3061,116,-1,732,143,141,-1,732,141,3063,-1,3063,141,3064,-1,3063,3064,3065,-1,3065,3064,3066,-1,3065,3066,3067,-1,3067,3066,3068,-1,3068,3066,3069,-1,3068,3069,3070,-1,3070,3069,3071,-1,3071,3069,3072,-1,3071,3072,3073,-1,3073,3072,3074,-1,3074,3072,3075,-1,3074,3075,3076,-1,155,153,3075,-1,3075,153,731,-1,3075,731,3076,-1,724,148,150,-1,724,150,3077,-1,3077,150,3078,-1,3077,3078,3079,-1,3079,3078,3080,-1,3079,3080,3081,-1,3081,3080,3082,-1,3082,3080,3083,-1,3082,3083,3084,-1,3084,3083,3085,-1,3085,3083,3086,-1,3085,3086,3087,-1,3087,3086,3088,-1,3088,3086,3089,-1,3088,3089,3090,-1,140,142,3089,-1,3089,142,735,-1,3089,735,3090,-1,3071,3073,3091,-1,3091,3073,3074,-1,3091,3074,730,-1,730,3074,3076,-1,730,3076,731,-1,3091,3092,3071,-1,3071,3092,3093,-1,3071,3093,3070,-1,3070,3093,3094,-1,3094,3095,3070,-1,3070,3095,3096,-1,3070,3096,3068,-1,3068,3096,3097,-1,3068,3097,3067,-1,3067,3097,3098,-1,3067,3098,3065,-1,3065,3098,3099,-1,3065,3099,3063,-1,3063,3099,733,-1,3063,733,732,-1,734,733,3100,-1,3100,733,3101,-1,3100,3101,3102,-1,3102,3101,3103,-1,3102,3103,3104,-1,3104,3103,3105,-1,3104,3105,3106,-1,3106,3105,3107,-1,3106,3107,3108,-1,3108,3107,3109,-1,3108,3109,3110,-1,3110,3109,3111,-1,3110,3111,3112,-1,3112,3111,3113,-1,3112,3113,3114,-1,3114,3113,3115,-1,3114,3115,3116,-1,3116,3115,3117,-1,3116,3117,157,-1,157,3117,159,-1,3085,3087,3118,-1,3118,3087,3088,-1,3118,3088,734,-1,734,3088,3090,-1,734,3090,735,-1,3118,3119,3085,-1,3085,3119,3120,-1,3085,3120,3084,-1,3084,3120,3121,-1,3121,3122,3084,-1,3084,3122,3123,-1,3084,3123,3082,-1,3082,3123,3124,-1,3082,3124,3081,-1,3081,3124,3125,-1,3081,3125,3079,-1,3079,3125,3126,-1,3079,3126,3077,-1,3077,3126,725,-1,3077,725,724,-1,728,152,154,-1,728,154,3127,-1,3127,154,3128,-1,3127,3128,3129,-1,3129,3128,3130,-1,3129,3130,3131,-1,3131,3130,3132,-1,3132,3130,3133,-1,3132,3133,3134,-1,3134,3133,3135,-1,3135,3133,3136,-1,3135,3136,3137,-1,3137,3136,3138,-1,3138,3136,3139,-1,3138,3139,3140,-1,144,146,3139,-1,3139,146,723,-1,3139,723,3140,-1,3141,3142,159,-1,3143,3144,159,-1,3145,3146,3142,-1,3142,3146,159,-1,3144,3141,159,-1,3115,3113,3147,-1,3148,3092,3091,-1,3092,3148,3093,-1,3093,3148,3149,-1,3093,3149,3094,-1,3094,3149,3150,-1,3094,3150,3095,-1,3095,3150,3151,-1,3095,3151,3096,-1,3096,3151,3097,-1,3097,3151,3152,-1,3097,3152,3098,-1,3098,3152,3099,-1,3099,3152,3101,-1,3099,3101,733,-1,3107,3105,3153,-1,3153,3105,3103,-1,3154,3148,3155,-1,3155,3148,3091,-1,3155,3091,730,-1,3154,3156,3148,-1,3148,3156,3157,-1,3148,3157,3149,-1,3149,3157,3158,-1,3149,3158,3150,-1,3150,3158,3159,-1,3150,3159,3151,-1,3151,3159,3153,-1,3151,3153,3152,-1,3152,3153,3103,-1,3152,3103,3101,-1,3107,3153,3160,-1,3160,3153,3159,-1,3160,3159,3161,-1,3161,3159,3158,-1,3161,3158,3162,-1,3162,3158,3157,-1,3162,3157,3163,-1,3163,3157,3156,-1,3163,3156,3164,-1,3113,3111,3160,-1,3160,3111,3109,-1,3160,3109,3107,-1,3154,3165,3156,-1,3156,3165,3166,-1,3156,3166,3164,-1,3164,3166,3167,-1,3164,3167,3168,-1,3113,3160,3147,-1,3147,3160,3161,-1,3147,3161,3169,-1,3169,3161,3162,-1,3169,3162,3170,-1,3170,3162,3163,-1,3170,3163,3171,-1,3171,3163,3164,-1,3171,3164,3172,-1,3172,3164,3168,-1,3172,3168,3173,-1,159,3117,3174,-1,3174,3117,3115,-1,3143,159,3174,-1,3115,3147,3174,-1,3174,3147,3169,-1,3174,3169,3143,-1,3143,3169,3170,-1,3143,3170,3144,-1,3144,3170,3171,-1,3144,3171,3141,-1,3141,3171,3172,-1,3141,3172,3142,-1,3142,3172,3173,-1,3142,3173,3145,-1,3175,3176,157,-1,3177,3178,157,-1,3114,3116,3176,-1,3176,3116,157,-1,3178,3175,157,-1,3179,3180,3181,-1,3182,3119,3118,-1,3119,3182,3120,-1,3120,3182,3183,-1,3120,3183,3121,-1,3121,3183,3184,-1,3121,3184,3122,-1,3122,3184,3185,-1,3122,3185,3123,-1,3123,3185,3124,-1,3124,3185,3186,-1,3124,3186,3125,-1,3125,3186,3126,-1,3126,3186,3187,-1,3126,3187,725,-1,3188,3189,3190,-1,3190,3189,3191,-1,3102,3182,3100,-1,3100,3182,3118,-1,3100,3118,734,-1,3102,3192,3182,-1,3182,3192,3193,-1,3182,3193,3183,-1,3183,3193,3194,-1,3183,3194,3184,-1,3184,3194,3195,-1,3184,3195,3185,-1,3185,3195,3190,-1,3185,3190,3186,-1,3186,3190,3191,-1,3186,3191,3187,-1,3188,3190,3196,-1,3196,3190,3195,-1,3196,3195,3197,-1,3197,3195,3194,-1,3197,3194,3198,-1,3198,3194,3193,-1,3198,3193,3199,-1,3199,3193,3192,-1,3199,3192,3200,-1,3180,3201,3196,-1,3196,3201,3202,-1,3196,3202,3188,-1,3102,3104,3192,-1,3192,3104,3106,-1,3192,3106,3200,-1,3200,3106,3108,-1,3200,3108,3110,-1,3180,3196,3181,-1,3181,3196,3197,-1,3181,3197,3203,-1,3203,3197,3198,-1,3203,3198,3204,-1,3204,3198,3199,-1,3204,3199,3205,-1,3205,3199,3200,-1,3205,3200,3206,-1,3206,3200,3110,-1,3206,3110,3112,-1,157,3207,3208,-1,3208,3207,3179,-1,3177,157,3208,-1,3179,3181,3208,-1,3208,3181,3203,-1,3208,3203,3177,-1,3177,3203,3204,-1,3177,3204,3178,-1,3178,3204,3205,-1,3178,3205,3175,-1,3175,3205,3206,-1,3175,3206,3176,-1,3176,3206,3112,-1,3176,3112,3114,-1,720,147,145,-1,720,145,3209,-1,3209,145,3210,-1,3209,3210,3211,-1,3211,3210,3212,-1,3211,3212,3213,-1,3213,3212,3214,-1,3214,3212,3215,-1,3214,3215,3216,-1,3216,3215,3217,-1,3217,3215,3218,-1,3217,3218,3219,-1,3219,3218,3220,-1,3220,3218,3221,-1,3220,3221,3222,-1,151,149,3221,-1,3221,149,727,-1,3221,727,3222,-1,3135,3137,3223,-1,3223,3137,3138,-1,3223,3138,722,-1,722,3138,3140,-1,722,3140,723,-1,3223,3224,3135,-1,3135,3224,3225,-1,3135,3225,3134,-1,3134,3225,3226,-1,3226,3227,3134,-1,3134,3227,3228,-1,3134,3228,3132,-1,3132,3228,3229,-1,3132,3229,3131,-1,3131,3229,3230,-1,3131,3230,3129,-1,3129,3230,3231,-1,3129,3231,3127,-1,3127,3231,729,-1,3127,729,728,-1,158,159,3232,-1,3232,159,3146,-1,3232,3146,3233,-1,3233,3146,3145,-1,3233,3145,3234,-1,3234,3145,3173,-1,3234,3173,3235,-1,3235,3173,3168,-1,3235,3168,3236,-1,3236,3168,3167,-1,3236,3167,3237,-1,3237,3167,3166,-1,3237,3166,3238,-1,3238,3166,3165,-1,3238,3165,3239,-1,3239,3165,3154,-1,3239,3154,3240,-1,3240,3154,3155,-1,3240,3155,729,-1,729,3155,730,-1,157,156,3207,-1,3207,156,3241,-1,3207,3241,3179,-1,3179,3241,3242,-1,3179,3242,3180,-1,3180,3242,3243,-1,3180,3243,3201,-1,3201,3243,3244,-1,3201,3244,3202,-1,3202,3244,3245,-1,3202,3245,3188,-1,3188,3245,3246,-1,3188,3246,3189,-1,3189,3246,3247,-1,3189,3247,3191,-1,3191,3247,3248,-1,3191,3248,3187,-1,3187,3248,3249,-1,3187,3249,725,-1,725,3249,726,-1,3217,3219,3250,-1,3250,3219,3220,-1,3250,3220,726,-1,726,3220,3222,-1,726,3222,727,-1,3250,3251,3217,-1,3217,3251,3252,-1,3217,3252,3216,-1,3216,3252,3253,-1,3253,3254,3216,-1,3216,3254,3255,-1,3216,3255,3214,-1,3214,3255,3256,-1,3214,3256,3213,-1,3213,3256,3257,-1,3213,3257,3211,-1,3211,3257,3258,-1,3211,3258,3209,-1,3209,3258,721,-1,3209,721,720,-1,3259,3260,158,-1,3261,3262,158,-1,3263,3264,3260,-1,3260,3264,158,-1,3262,3259,158,-1,3233,3234,3265,-1,3266,3224,3223,-1,3224,3266,3225,-1,3225,3266,3267,-1,3225,3267,3226,-1,3226,3267,3268,-1,3226,3268,3227,-1,3227,3268,3269,-1,3227,3269,3228,-1,3228,3269,3229,-1,3229,3269,3270,-1,3229,3270,3230,-1,3230,3270,3231,-1,3231,3270,3240,-1,3231,3240,729,-1,3237,3238,3271,-1,3271,3238,3239,-1,3272,3266,3273,-1,3273,3266,3223,-1,3273,3223,722,-1,3272,3274,3266,-1,3266,3274,3275,-1,3266,3275,3267,-1,3267,3275,3276,-1,3267,3276,3268,-1,3268,3276,3277,-1,3268,3277,3269,-1,3269,3277,3271,-1,3269,3271,3270,-1,3270,3271,3239,-1,3270,3239,3240,-1,3237,3271,3278,-1,3278,3271,3277,-1,3278,3277,3279,-1,3279,3277,3276,-1,3279,3276,3280,-1,3280,3276,3275,-1,3280,3275,3281,-1,3281,3275,3274,-1,3281,3274,3282,-1,3234,3235,3278,-1,3278,3235,3236,-1,3278,3236,3237,-1,3272,3283,3274,-1,3274,3283,3284,-1,3274,3284,3282,-1,3282,3284,3285,-1,3282,3285,3286,-1,3234,3278,3265,-1,3265,3278,3279,-1,3265,3279,3287,-1,3287,3279,3280,-1,3287,3280,3288,-1,3288,3280,3281,-1,3288,3281,3289,-1,3289,3281,3282,-1,3289,3282,3290,-1,3290,3282,3286,-1,3290,3286,3291,-1,158,3232,3292,-1,3292,3232,3233,-1,3261,158,3292,-1,3233,3265,3292,-1,3292,3265,3287,-1,3292,3287,3261,-1,3261,3287,3288,-1,3261,3288,3262,-1,3262,3288,3289,-1,3262,3289,3259,-1,3259,3289,3290,-1,3259,3290,3260,-1,3260,3290,3291,-1,3260,3291,3263,-1,3293,3294,156,-1,3295,3296,156,-1,3242,3241,3294,-1,3294,3241,156,-1,3296,3293,156,-1,3297,3298,3299,-1,3300,3251,3250,-1,3251,3300,3252,-1,3252,3300,3301,-1,3252,3301,3253,-1,3253,3301,3302,-1,3253,3302,3254,-1,3254,3302,3303,-1,3254,3303,3255,-1,3255,3303,3256,-1,3256,3303,3304,-1,3256,3304,3257,-1,3257,3304,3258,-1,3258,3304,3305,-1,3258,3305,721,-1,3306,3307,3308,-1,3308,3307,3309,-1,3248,3300,3249,-1,3249,3300,3250,-1,3249,3250,726,-1,3248,3310,3300,-1,3300,3310,3311,-1,3300,3311,3301,-1,3301,3311,3312,-1,3301,3312,3302,-1,3302,3312,3313,-1,3302,3313,3303,-1,3303,3313,3308,-1,3303,3308,3304,-1,3304,3308,3309,-1,3304,3309,3305,-1,3306,3308,3314,-1,3314,3308,3313,-1,3314,3313,3315,-1,3315,3313,3312,-1,3315,3312,3316,-1,3316,3312,3311,-1,3316,3311,3317,-1,3317,3311,3310,-1,3317,3310,3318,-1,3298,3319,3314,-1,3314,3319,3320,-1,3314,3320,3306,-1,3248,3247,3310,-1,3310,3247,3246,-1,3310,3246,3318,-1,3318,3246,3245,-1,3318,3245,3244,-1,3298,3314,3299,-1,3299,3314,3315,-1,3299,3315,3321,-1,3321,3315,3316,-1,3321,3316,3322,-1,3322,3316,3317,-1,3322,3317,3323,-1,3323,3317,3318,-1,3323,3318,3324,-1,3324,3318,3244,-1,3324,3244,3243,-1,156,3325,3326,-1,3326,3325,3297,-1,3295,156,3326,-1,3297,3299,3326,-1,3326,3299,3321,-1,3326,3321,3295,-1,3295,3321,3322,-1,3295,3322,3296,-1,3296,3322,3323,-1,3296,3323,3293,-1,3293,3323,3324,-1,3293,3324,3294,-1,3294,3324,3243,-1,3294,3243,3242,-1,156,158,3325,-1,3325,158,3264,-1,3325,3264,3297,-1,3297,3264,3263,-1,3297,3263,3298,-1,3298,3263,3291,-1,3298,3291,3319,-1,3319,3291,3286,-1,3319,3286,3320,-1,3320,3286,3285,-1,3320,3285,3306,-1,3306,3285,3284,-1,3306,3284,3307,-1,3307,3284,3283,-1,3307,3283,3309,-1,3309,3283,3272,-1,3309,3272,3305,-1,3305,3272,3273,-1,3305,3273,721,-1,721,3273,722,-1,812,212,214,-1,812,214,3327,-1,3327,214,3328,-1,3327,3328,3329,-1,3329,3328,3330,-1,3329,3330,3331,-1,3331,3330,3332,-1,3332,3330,3333,-1,3332,3333,3334,-1,3334,3333,3335,-1,3335,3333,3336,-1,3335,3336,3337,-1,3337,3336,3338,-1,3338,3336,3339,-1,3338,3339,3340,-1,207,205,3339,-1,3339,205,811,-1,3339,811,3340,-1,804,211,209,-1,804,209,3341,-1,3341,209,3342,-1,3341,3342,3343,-1,3343,3342,3344,-1,3343,3344,3345,-1,3345,3344,3346,-1,3346,3344,3347,-1,3346,3347,3348,-1,3348,3347,3349,-1,3349,3347,3350,-1,3349,3350,3351,-1,3351,3350,3352,-1,3352,3350,3353,-1,3352,3353,3354,-1,215,213,3353,-1,3353,213,815,-1,3353,815,3354,-1,3335,3337,3355,-1,3355,3337,3338,-1,3355,3338,810,-1,810,3338,3340,-1,810,3340,811,-1,3355,3356,3335,-1,3335,3356,3357,-1,3335,3357,3334,-1,3334,3357,3358,-1,3358,3359,3334,-1,3334,3359,3360,-1,3334,3360,3332,-1,3332,3360,3361,-1,3332,3361,3331,-1,3331,3361,3362,-1,3331,3362,3329,-1,3329,3362,3363,-1,3329,3363,3327,-1,3327,3363,813,-1,3327,813,812,-1,203,201,3364,-1,814,813,3365,-1,3365,813,3366,-1,3365,3366,3367,-1,3367,3366,3368,-1,3367,3368,3369,-1,3369,3368,3370,-1,3369,3370,3371,-1,3371,3370,3372,-1,3371,3372,3373,-1,3373,3372,3374,-1,3373,3374,3375,-1,3375,3374,3376,-1,3375,3376,3377,-1,3377,3376,3378,-1,3377,3378,3379,-1,3379,3378,3380,-1,3379,3380,3381,-1,3381,3380,3382,-1,3381,3382,3364,-1,3364,3382,3383,-1,3364,3383,203,-1,815,814,3354,-1,3354,814,3384,-1,3354,3384,3352,-1,3352,3384,3385,-1,3352,3385,3351,-1,3351,3385,3386,-1,3351,3386,3349,-1,3386,3387,3349,-1,3349,3387,3388,-1,3349,3388,3348,-1,3348,3388,3389,-1,3348,3389,3346,-1,3346,3389,3390,-1,3346,3390,3345,-1,3345,3390,3391,-1,3345,3391,3343,-1,3343,3391,3341,-1,3341,3391,804,-1,804,3391,3392,-1,804,3392,805,-1,808,204,206,-1,808,206,3393,-1,3393,206,3394,-1,3393,3394,3395,-1,3395,3394,3396,-1,3395,3396,3397,-1,3397,3396,3398,-1,3398,3396,3399,-1,3398,3399,3400,-1,3400,3399,3401,-1,3401,3399,3402,-1,3401,3402,3403,-1,3403,3402,3404,-1,3404,3402,3405,-1,3404,3405,3406,-1,216,218,3405,-1,3405,218,803,-1,3405,803,3406,-1,3407,3408,3409,-1,3410,3411,3412,-1,203,3413,3414,-1,3415,3413,203,-1,3412,3411,203,-1,3416,203,3411,-1,3417,3356,3355,-1,3356,3417,3357,-1,3357,3417,3418,-1,3357,3418,3358,-1,3358,3418,3419,-1,3358,3419,3359,-1,3359,3419,3420,-1,3359,3420,3360,-1,3360,3420,3361,-1,3361,3420,3421,-1,3361,3421,3362,-1,3362,3421,3363,-1,3363,3421,3366,-1,3363,3366,813,-1,3383,3415,203,-1,3422,3423,3410,-1,3410,3423,3424,-1,3410,3424,3411,-1,3411,3424,3425,-1,3411,3425,3416,-1,3426,3414,3427,-1,3427,3414,3413,-1,3427,3413,3428,-1,3428,3413,3415,-1,3428,3415,3429,-1,3383,3382,3415,-1,3415,3382,3380,-1,3415,3380,3429,-1,3429,3380,3378,-1,3429,3378,3376,-1,3409,3426,3430,-1,3430,3426,3427,-1,3430,3427,3431,-1,3431,3427,3428,-1,3431,3428,3432,-1,3432,3428,3429,-1,3432,3429,3433,-1,3433,3429,3376,-1,3434,3435,3436,-1,3436,3435,3407,-1,3407,3409,3436,-1,3436,3409,3430,-1,3436,3430,3437,-1,3437,3430,3431,-1,3437,3431,3438,-1,3438,3431,3432,-1,3438,3432,3439,-1,3439,3432,3433,-1,3439,3433,3440,-1,3408,3422,3409,-1,3409,3422,3410,-1,3409,3410,3426,-1,3426,3410,3412,-1,3426,3412,3414,-1,3414,3412,203,-1,3434,3417,3441,-1,3441,3417,3355,-1,3441,3355,810,-1,3376,3374,3433,-1,3433,3374,3372,-1,3433,3372,3440,-1,3440,3372,3370,-1,3440,3370,3368,-1,3434,3436,3417,-1,3417,3436,3437,-1,3417,3437,3418,-1,3418,3437,3438,-1,3418,3438,3419,-1,3419,3438,3439,-1,3419,3439,3420,-1,3420,3439,3440,-1,3420,3440,3421,-1,3421,3440,3368,-1,3421,3368,3366,-1,3367,3369,3442,-1,3371,3373,3443,-1,3444,3445,3446,-1,201,3447,3448,-1,3449,3447,201,-1,3446,3445,201,-1,3364,201,3445,-1,3384,3450,3385,-1,3385,3450,3451,-1,3388,3387,3451,-1,3451,3387,3386,-1,3451,3386,3385,-1,3451,3452,3388,-1,3388,3452,3453,-1,3388,3453,3389,-1,3389,3453,3454,-1,3389,3454,3390,-1,3390,3454,3391,-1,3391,3454,3455,-1,3391,3455,3392,-1,3392,3455,3456,-1,3392,3456,805,-1,3457,3449,201,-1,3375,3377,3444,-1,3444,3377,3379,-1,3444,3379,3445,-1,3445,3379,3381,-1,3445,3381,3364,-1,3458,3448,3459,-1,3459,3448,3447,-1,3459,3447,3460,-1,3460,3447,3449,-1,3460,3449,3461,-1,3373,3375,3443,-1,3443,3375,3444,-1,3443,3444,3462,-1,3462,3444,3446,-1,3462,3446,3463,-1,3463,3446,201,-1,3457,3464,3449,-1,3449,3464,3465,-1,3449,3465,3461,-1,3461,3465,3466,-1,3461,3466,3467,-1,3468,3458,3469,-1,3469,3458,3459,-1,3469,3459,3470,-1,3470,3459,3460,-1,3470,3460,3471,-1,3471,3460,3461,-1,3471,3461,3472,-1,3472,3461,3467,-1,3442,3468,3473,-1,3473,3468,3469,-1,3473,3469,3474,-1,3474,3469,3470,-1,3474,3470,3475,-1,3475,3470,3471,-1,3475,3471,3476,-1,3476,3471,3472,-1,3476,3472,3477,-1,3369,3371,3442,-1,3442,3371,3443,-1,3442,3443,3468,-1,3468,3443,3462,-1,3468,3462,3458,-1,3458,3462,3463,-1,3458,3463,3448,-1,3448,3463,201,-1,3384,814,3450,-1,3450,814,3365,-1,3450,3365,3367,-1,3467,3478,3472,-1,3472,3478,3479,-1,3472,3479,3477,-1,3477,3479,3480,-1,3477,3480,3481,-1,3367,3442,3450,-1,3450,3442,3473,-1,3450,3473,3451,-1,3451,3473,3474,-1,3451,3474,3452,-1,3452,3474,3475,-1,3452,3475,3453,-1,3453,3475,3476,-1,3453,3476,3454,-1,3454,3476,3477,-1,3454,3477,3455,-1,3455,3477,3481,-1,3455,3481,3456,-1,800,219,217,-1,800,217,3482,-1,3482,217,3483,-1,3482,3483,3484,-1,3484,3483,3485,-1,3484,3485,3486,-1,3486,3485,3487,-1,3487,3485,3488,-1,3487,3488,3489,-1,3489,3488,3490,-1,3490,3488,3491,-1,3490,3491,3492,-1,3492,3491,3493,-1,3493,3491,3494,-1,3493,3494,3495,-1,208,210,3494,-1,3494,210,807,-1,3494,807,3495,-1,3401,3403,3496,-1,3496,3403,3404,-1,3496,3404,802,-1,802,3404,3406,-1,802,3406,803,-1,3496,3497,3401,-1,3401,3497,3498,-1,3401,3498,3400,-1,3400,3498,3499,-1,3499,3500,3400,-1,3400,3500,3501,-1,3400,3501,3398,-1,3398,3501,3502,-1,3398,3502,3397,-1,3397,3502,3503,-1,3397,3503,3395,-1,3395,3503,3504,-1,3395,3504,3393,-1,3393,3504,809,-1,3393,809,808,-1,202,203,3416,-1,810,809,3441,-1,3441,809,3505,-1,3441,3505,3434,-1,3434,3505,3506,-1,3434,3506,3435,-1,3435,3506,3507,-1,3435,3507,3407,-1,3407,3507,3508,-1,3407,3508,3408,-1,3408,3508,3509,-1,3408,3509,3422,-1,3422,3509,3510,-1,3422,3510,3423,-1,3423,3510,3511,-1,3423,3511,3424,-1,3424,3511,3512,-1,3424,3512,3425,-1,3425,3512,3513,-1,3425,3513,3416,-1,3416,3513,3514,-1,3416,3514,202,-1,806,805,3515,-1,3515,805,3456,-1,3515,3456,3516,-1,3516,3456,3481,-1,3516,3481,3517,-1,3517,3481,3480,-1,3517,3480,3518,-1,3518,3480,3479,-1,3518,3479,3519,-1,3519,3479,3478,-1,3519,3478,3520,-1,3520,3478,3467,-1,3520,3467,3521,-1,3521,3467,3466,-1,3521,3466,3522,-1,3522,3466,3465,-1,3522,3465,3523,-1,3523,3465,3464,-1,3523,3464,3524,-1,3464,3457,3524,-1,3524,3457,201,-1,3524,201,200,-1,807,806,3495,-1,3495,806,3525,-1,3495,3525,3493,-1,3493,3525,3526,-1,3493,3526,3492,-1,3492,3526,3527,-1,3492,3527,3490,-1,3527,3528,3490,-1,3490,3528,3529,-1,3490,3529,3489,-1,3489,3529,3530,-1,3489,3530,3487,-1,3487,3530,3531,-1,3487,3531,3486,-1,3486,3531,3532,-1,3486,3532,3484,-1,3484,3532,3482,-1,3482,3532,800,-1,800,3532,3533,-1,800,3533,801,-1,3534,3535,3536,-1,3537,3538,3539,-1,202,3540,3541,-1,3542,3540,202,-1,3539,3538,202,-1,3543,202,3538,-1,3544,3497,3496,-1,3497,3544,3498,-1,3498,3544,3545,-1,3498,3545,3499,-1,3499,3545,3546,-1,3499,3546,3500,-1,3500,3546,3547,-1,3500,3547,3501,-1,3501,3547,3502,-1,3502,3547,3548,-1,3502,3548,3503,-1,3503,3548,3504,-1,3504,3548,3505,-1,3504,3505,809,-1,3514,3542,202,-1,3549,3550,3537,-1,3537,3550,3551,-1,3537,3551,3538,-1,3538,3551,3552,-1,3538,3552,3543,-1,3553,3541,3554,-1,3554,3541,3540,-1,3554,3540,3555,-1,3555,3540,3542,-1,3555,3542,3556,-1,3514,3513,3542,-1,3542,3513,3512,-1,3542,3512,3556,-1,3556,3512,3511,-1,3556,3511,3510,-1,3536,3553,3557,-1,3557,3553,3554,-1,3557,3554,3558,-1,3558,3554,3555,-1,3558,3555,3559,-1,3559,3555,3556,-1,3559,3556,3560,-1,3560,3556,3510,-1,3561,3562,3563,-1,3563,3562,3534,-1,3534,3536,3563,-1,3563,3536,3557,-1,3563,3557,3564,-1,3564,3557,3558,-1,3564,3558,3565,-1,3565,3558,3559,-1,3565,3559,3566,-1,3566,3559,3560,-1,3566,3560,3567,-1,3535,3549,3536,-1,3536,3549,3537,-1,3536,3537,3553,-1,3553,3537,3539,-1,3553,3539,3541,-1,3541,3539,202,-1,3561,3544,3568,-1,3568,3544,3496,-1,3568,3496,802,-1,3510,3509,3560,-1,3560,3509,3508,-1,3560,3508,3567,-1,3567,3508,3507,-1,3567,3507,3506,-1,3561,3563,3544,-1,3544,3563,3564,-1,3544,3564,3545,-1,3545,3564,3565,-1,3545,3565,3546,-1,3546,3565,3566,-1,3546,3566,3547,-1,3547,3566,3567,-1,3547,3567,3548,-1,3548,3567,3506,-1,3548,3506,3505,-1,3516,3517,3569,-1,3518,3519,3570,-1,3571,3572,3573,-1,200,3574,3575,-1,3576,3574,200,-1,3573,3572,200,-1,3524,200,3572,-1,3525,3577,3526,-1,3526,3577,3578,-1,3529,3528,3578,-1,3578,3528,3527,-1,3578,3527,3526,-1,3578,3579,3529,-1,3529,3579,3580,-1,3529,3580,3530,-1,3530,3580,3581,-1,3530,3581,3531,-1,3531,3581,3532,-1,3532,3581,3582,-1,3532,3582,3533,-1,3533,3582,3583,-1,3533,3583,801,-1,3584,3576,200,-1,3520,3521,3571,-1,3571,3521,3522,-1,3571,3522,3572,-1,3572,3522,3523,-1,3572,3523,3524,-1,3585,3575,3586,-1,3586,3575,3574,-1,3586,3574,3587,-1,3587,3574,3576,-1,3587,3576,3588,-1,3519,3520,3570,-1,3570,3520,3571,-1,3570,3571,3589,-1,3589,3571,3573,-1,3589,3573,3590,-1,3590,3573,200,-1,3584,3591,3576,-1,3576,3591,3592,-1,3576,3592,3588,-1,3588,3592,3593,-1,3588,3593,3594,-1,3595,3585,3596,-1,3596,3585,3586,-1,3596,3586,3597,-1,3597,3586,3587,-1,3597,3587,3598,-1,3598,3587,3588,-1,3598,3588,3599,-1,3599,3588,3594,-1,3569,3595,3600,-1,3600,3595,3596,-1,3600,3596,3601,-1,3601,3596,3597,-1,3601,3597,3602,-1,3602,3597,3598,-1,3602,3598,3603,-1,3603,3598,3599,-1,3603,3599,3604,-1,3517,3518,3569,-1,3569,3518,3570,-1,3569,3570,3595,-1,3595,3570,3589,-1,3595,3589,3585,-1,3585,3589,3590,-1,3585,3590,3575,-1,3575,3590,200,-1,3525,806,3577,-1,3577,806,3515,-1,3577,3515,3516,-1,3594,3605,3599,-1,3599,3605,3606,-1,3599,3606,3604,-1,3604,3606,3607,-1,3604,3607,3608,-1,3516,3569,3577,-1,3577,3569,3600,-1,3577,3600,3578,-1,3578,3600,3601,-1,3578,3601,3579,-1,3579,3601,3602,-1,3579,3602,3580,-1,3580,3602,3603,-1,3580,3603,3581,-1,3581,3603,3604,-1,3581,3604,3582,-1,3582,3604,3608,-1,3582,3608,3583,-1,802,801,3568,-1,3568,801,3583,-1,3568,3583,3561,-1,3561,3583,3608,-1,3561,3608,3562,-1,3562,3608,3607,-1,3562,3607,3534,-1,3534,3607,3606,-1,3534,3606,3535,-1,3535,3606,3605,-1,3535,3605,3549,-1,3549,3605,3594,-1,3549,3594,3550,-1,3550,3594,3593,-1,3550,3593,3551,-1,3551,3593,3592,-1,3551,3592,3552,-1,3552,3592,3591,-1,3552,3591,3543,-1,3591,3584,3543,-1,3543,3584,200,-1,3543,200,202,-1,828,176,178,-1,828,178,3609,-1,3609,178,3610,-1,3609,3610,3611,-1,3611,3610,3612,-1,3611,3612,3613,-1,3613,3612,3614,-1,3614,3612,3615,-1,3614,3615,3616,-1,3616,3615,3617,-1,3617,3615,3618,-1,3617,3618,3619,-1,3619,3618,3620,-1,3620,3618,3621,-1,3620,3621,3622,-1,168,170,3621,-1,3621,170,827,-1,3621,827,3622,-1,820,164,166,-1,820,166,3623,-1,3623,166,3624,-1,3623,3624,3625,-1,3625,3624,3626,-1,3625,3626,3627,-1,3627,3626,3628,-1,3628,3626,3629,-1,3628,3629,3630,-1,3630,3629,3631,-1,3631,3629,3632,-1,3631,3632,3633,-1,3633,3632,3634,-1,3634,3632,3635,-1,3634,3635,3636,-1,179,177,3635,-1,3635,177,831,-1,3635,831,3636,-1,827,826,3622,-1,3622,826,3637,-1,3622,3637,3620,-1,3620,3637,3638,-1,3620,3638,3619,-1,3619,3638,3639,-1,3619,3639,3617,-1,3639,3640,3617,-1,3617,3640,3641,-1,3617,3641,3616,-1,3616,3641,3642,-1,3616,3642,3614,-1,3614,3642,3643,-1,3614,3643,3613,-1,3613,3643,3644,-1,829,828,3645,-1,3645,828,3609,-1,3645,3609,3644,-1,3644,3609,3611,-1,3644,3611,3613,-1,830,829,3646,-1,3646,829,3647,-1,3646,3647,3648,-1,3648,3647,3649,-1,3648,3649,3650,-1,3650,3649,3651,-1,3650,3651,3652,-1,3652,3651,3653,-1,3652,3653,3654,-1,3654,3653,3655,-1,3654,3655,3656,-1,3656,3655,3657,-1,3656,3657,3658,-1,3658,3657,3659,-1,3658,3659,3660,-1,3660,3659,3661,-1,3660,3661,3662,-1,3662,3661,3663,-1,3662,3663,3664,-1,3663,3665,3664,-1,3664,3665,163,-1,3664,163,161,-1,831,830,3636,-1,3636,830,3666,-1,3636,3666,3634,-1,3634,3666,3667,-1,3634,3667,3633,-1,3633,3667,3668,-1,3633,3668,3631,-1,3668,3669,3631,-1,3631,3669,3670,-1,3631,3670,3630,-1,3630,3670,3671,-1,3630,3671,3628,-1,3628,3671,3672,-1,3628,3672,3627,-1,3627,3672,3673,-1,3627,3673,3625,-1,3625,3673,3623,-1,3623,3673,820,-1,820,3673,3674,-1,820,3674,821,-1,824,171,169,-1,824,169,3675,-1,3675,169,3676,-1,3675,3676,3677,-1,3677,3676,3678,-1,3677,3678,3679,-1,3679,3678,3680,-1,3680,3678,3681,-1,3680,3681,3682,-1,3682,3681,3683,-1,3683,3681,3684,-1,3683,3684,3685,-1,3685,3684,3686,-1,3686,3684,3687,-1,3686,3687,3688,-1,172,174,3687,-1,3687,174,819,-1,3687,819,3688,-1,3689,3690,3691,-1,3692,3693,3694,-1,3695,3696,3697,-1,163,3698,3699,-1,3700,3698,163,-1,3697,3696,163,-1,3701,163,3696,-1,3637,3702,3638,-1,3638,3702,3703,-1,3641,3640,3703,-1,3703,3640,3639,-1,3703,3639,3638,-1,3703,3704,3641,-1,3641,3704,3705,-1,3641,3705,3642,-1,3642,3705,3706,-1,3642,3706,3643,-1,3643,3706,3644,-1,3644,3706,3707,-1,3644,3707,3645,-1,3645,3707,3647,-1,3645,3647,829,-1,3665,3700,163,-1,3708,3709,3695,-1,3695,3709,3710,-1,3695,3710,3696,-1,3696,3710,3711,-1,3696,3711,3701,-1,3712,3699,3713,-1,3713,3699,3698,-1,3713,3698,3714,-1,3714,3698,3700,-1,3714,3700,3715,-1,3693,3708,3694,-1,3694,3708,3695,-1,3694,3695,3716,-1,3716,3695,3697,-1,3716,3697,3717,-1,3717,3697,163,-1,3665,3663,3700,-1,3700,3663,3661,-1,3700,3661,3715,-1,3715,3661,3659,-1,3715,3659,3657,-1,3718,3712,3719,-1,3719,3712,3713,-1,3719,3713,3720,-1,3720,3713,3714,-1,3720,3714,3721,-1,3721,3714,3715,-1,3721,3715,3722,-1,3722,3715,3657,-1,3691,3718,3723,-1,3723,3718,3719,-1,3723,3719,3724,-1,3724,3719,3720,-1,3724,3720,3725,-1,3725,3720,3721,-1,3725,3721,3726,-1,3726,3721,3722,-1,3726,3722,3727,-1,3690,3692,3691,-1,3691,3692,3694,-1,3691,3694,3718,-1,3718,3694,3716,-1,3718,3716,3712,-1,3712,3716,3717,-1,3712,3717,3699,-1,3699,3717,163,-1,3637,826,3702,-1,3702,826,3728,-1,3702,3728,3689,-1,3657,3655,3722,-1,3722,3655,3653,-1,3722,3653,3727,-1,3727,3653,3651,-1,3727,3651,3649,-1,3689,3691,3702,-1,3702,3691,3723,-1,3702,3723,3703,-1,3703,3723,3724,-1,3703,3724,3704,-1,3704,3724,3725,-1,3704,3725,3705,-1,3705,3725,3726,-1,3705,3726,3706,-1,3706,3726,3727,-1,3706,3727,3707,-1,3707,3727,3649,-1,3707,3649,3647,-1,3648,3650,3729,-1,3652,3654,3730,-1,3731,3732,3733,-1,161,3734,3735,-1,3736,3734,161,-1,3733,3732,161,-1,3664,161,3732,-1,3666,3737,3667,-1,3667,3737,3738,-1,3670,3669,3738,-1,3738,3669,3668,-1,3738,3668,3667,-1,3738,3739,3670,-1,3670,3739,3740,-1,3670,3740,3671,-1,3671,3740,3741,-1,3671,3741,3672,-1,3672,3741,3673,-1,3673,3741,3742,-1,3673,3742,3674,-1,3674,3742,3743,-1,3674,3743,821,-1,3744,3736,161,-1,3656,3658,3731,-1,3731,3658,3660,-1,3731,3660,3732,-1,3732,3660,3662,-1,3732,3662,3664,-1,3745,3735,3746,-1,3746,3735,3734,-1,3746,3734,3747,-1,3747,3734,3736,-1,3747,3736,3748,-1,3654,3656,3730,-1,3730,3656,3731,-1,3730,3731,3749,-1,3749,3731,3733,-1,3749,3733,3750,-1,3750,3733,161,-1,3744,3751,3736,-1,3736,3751,3752,-1,3736,3752,3748,-1,3748,3752,3753,-1,3748,3753,3754,-1,3755,3745,3756,-1,3756,3745,3746,-1,3756,3746,3757,-1,3757,3746,3747,-1,3757,3747,3758,-1,3758,3747,3748,-1,3758,3748,3759,-1,3759,3748,3754,-1,3729,3755,3760,-1,3760,3755,3756,-1,3760,3756,3761,-1,3761,3756,3757,-1,3761,3757,3762,-1,3762,3757,3758,-1,3762,3758,3763,-1,3763,3758,3759,-1,3763,3759,3764,-1,3650,3652,3729,-1,3729,3652,3730,-1,3729,3730,3755,-1,3755,3730,3749,-1,3755,3749,3745,-1,3745,3749,3750,-1,3745,3750,3735,-1,3735,3750,161,-1,3666,830,3737,-1,3737,830,3646,-1,3737,3646,3648,-1,3754,3765,3759,-1,3759,3765,3766,-1,3759,3766,3764,-1,3764,3766,3767,-1,3764,3767,3768,-1,3648,3729,3737,-1,3737,3729,3760,-1,3737,3760,3738,-1,3738,3760,3761,-1,3738,3761,3739,-1,3739,3761,3762,-1,3739,3762,3740,-1,3740,3762,3763,-1,3740,3763,3741,-1,3741,3763,3764,-1,3741,3764,3742,-1,3742,3764,3768,-1,3742,3768,3743,-1,816,175,173,-1,816,173,3769,-1,3769,173,3770,-1,3769,3770,3771,-1,3771,3770,3772,-1,3771,3772,3773,-1,3773,3772,3774,-1,3774,3772,3775,-1,3774,3775,3776,-1,3776,3775,3777,-1,3777,3775,3778,-1,3777,3778,3779,-1,3779,3778,3780,-1,3780,3778,3781,-1,3780,3781,3782,-1,167,165,3781,-1,3781,165,823,-1,3781,823,3782,-1,3683,3685,3783,-1,3783,3685,3686,-1,3783,3686,818,-1,818,3686,3688,-1,818,3688,819,-1,3783,3784,3683,-1,3683,3784,3785,-1,3683,3785,3682,-1,3682,3785,3786,-1,3786,3787,3682,-1,3682,3787,3788,-1,3682,3788,3680,-1,3680,3788,3789,-1,3680,3789,3679,-1,3679,3789,3790,-1,3679,3790,3677,-1,3677,3790,3791,-1,3677,3791,3675,-1,3675,3791,825,-1,3675,825,824,-1,162,163,3701,-1,826,825,3728,-1,3728,825,3792,-1,3728,3792,3689,-1,3689,3792,3793,-1,3689,3793,3690,-1,3690,3793,3794,-1,3690,3794,3692,-1,3692,3794,3795,-1,3692,3795,3693,-1,3693,3795,3796,-1,3693,3796,3708,-1,3708,3796,3797,-1,3708,3797,3709,-1,3709,3797,3798,-1,3709,3798,3710,-1,3710,3798,3799,-1,3710,3799,3711,-1,3711,3799,3800,-1,3711,3800,3701,-1,3701,3800,3801,-1,3701,3801,162,-1,822,821,3802,-1,3802,821,3743,-1,3802,3743,3803,-1,3803,3743,3768,-1,3803,3768,3804,-1,3804,3768,3767,-1,3804,3767,3805,-1,3805,3767,3766,-1,3805,3766,3806,-1,3806,3766,3765,-1,3806,3765,3807,-1,3807,3765,3754,-1,3807,3754,3808,-1,3808,3754,3753,-1,3808,3753,3809,-1,3809,3753,3752,-1,3809,3752,3810,-1,3810,3752,3751,-1,3810,3751,3811,-1,3751,3744,3811,-1,3811,3744,161,-1,3811,161,160,-1,3777,3779,3812,-1,3812,3779,3780,-1,3812,3780,822,-1,822,3780,3782,-1,822,3782,823,-1,3812,3813,3777,-1,3777,3813,3814,-1,3777,3814,3776,-1,3776,3814,3815,-1,3815,3816,3776,-1,3776,3816,3817,-1,3776,3817,3774,-1,3774,3817,3818,-1,3774,3818,3773,-1,3773,3818,3819,-1,3773,3819,3771,-1,3771,3819,3820,-1,3771,3820,3769,-1,3769,3820,817,-1,3769,817,816,-1,3821,3822,3823,-1,3824,3825,3826,-1,162,3827,3828,-1,3829,3827,162,-1,3826,3825,162,-1,3830,162,3825,-1,3831,3784,3783,-1,3784,3831,3785,-1,3785,3831,3832,-1,3785,3832,3786,-1,3786,3832,3833,-1,3786,3833,3787,-1,3787,3833,3834,-1,3787,3834,3788,-1,3788,3834,3789,-1,3789,3834,3835,-1,3789,3835,3790,-1,3790,3835,3791,-1,3791,3835,3792,-1,3791,3792,825,-1,3801,3829,162,-1,3836,3837,3824,-1,3824,3837,3838,-1,3824,3838,3825,-1,3825,3838,3839,-1,3825,3839,3830,-1,3840,3828,3841,-1,3841,3828,3827,-1,3841,3827,3842,-1,3842,3827,3829,-1,3842,3829,3843,-1,3801,3800,3829,-1,3829,3800,3799,-1,3829,3799,3843,-1,3843,3799,3798,-1,3843,3798,3797,-1,3823,3840,3844,-1,3844,3840,3841,-1,3844,3841,3845,-1,3845,3841,3842,-1,3845,3842,3846,-1,3846,3842,3843,-1,3846,3843,3847,-1,3847,3843,3797,-1,3848,3849,3850,-1,3850,3849,3821,-1,3821,3823,3850,-1,3850,3823,3844,-1,3850,3844,3851,-1,3851,3844,3845,-1,3851,3845,3852,-1,3852,3845,3846,-1,3852,3846,3853,-1,3853,3846,3847,-1,3853,3847,3854,-1,3822,3836,3823,-1,3823,3836,3824,-1,3823,3824,3840,-1,3840,3824,3826,-1,3840,3826,3828,-1,3828,3826,162,-1,3848,3831,3855,-1,3855,3831,3783,-1,3855,3783,818,-1,3797,3796,3847,-1,3847,3796,3795,-1,3847,3795,3854,-1,3854,3795,3794,-1,3854,3794,3793,-1,3848,3850,3831,-1,3831,3850,3851,-1,3831,3851,3832,-1,3832,3851,3852,-1,3832,3852,3833,-1,3833,3852,3853,-1,3833,3853,3834,-1,3834,3853,3854,-1,3834,3854,3835,-1,3835,3854,3793,-1,3835,3793,3792,-1,3805,3806,3856,-1,3857,3858,3859,-1,160,3860,3861,-1,3862,3860,160,-1,3859,3858,160,-1,3811,160,3858,-1,3863,3813,3812,-1,3813,3863,3814,-1,3814,3863,3864,-1,3814,3864,3815,-1,3815,3864,3865,-1,3815,3865,3816,-1,3816,3865,3866,-1,3816,3866,3817,-1,3817,3866,3818,-1,3818,3866,3867,-1,3818,3867,3819,-1,3819,3867,3820,-1,3820,3867,3868,-1,3820,3868,817,-1,3869,3862,160,-1,3807,3808,3857,-1,3857,3808,3809,-1,3857,3809,3858,-1,3858,3809,3810,-1,3858,3810,3811,-1,3870,3861,3871,-1,3871,3861,3860,-1,3871,3860,3872,-1,3872,3860,3862,-1,3872,3862,3873,-1,3869,3874,3862,-1,3862,3874,3875,-1,3862,3875,3873,-1,3873,3875,3876,-1,3873,3876,3877,-1,3856,3870,3878,-1,3878,3870,3871,-1,3878,3871,3879,-1,3879,3871,3872,-1,3879,3872,3880,-1,3880,3872,3873,-1,3880,3873,3881,-1,3881,3873,3877,-1,3803,3804,3882,-1,3882,3804,3805,-1,3805,3856,3882,-1,3882,3856,3878,-1,3882,3878,3883,-1,3883,3878,3879,-1,3883,3879,3884,-1,3884,3879,3880,-1,3884,3880,3885,-1,3885,3880,3881,-1,3885,3881,3886,-1,3806,3807,3856,-1,3856,3807,3857,-1,3856,3857,3870,-1,3870,3857,3859,-1,3870,3859,3861,-1,3861,3859,160,-1,3803,3863,3802,-1,3802,3863,3812,-1,3802,3812,822,-1,3877,3887,3881,-1,3881,3887,3888,-1,3881,3888,3886,-1,3886,3888,3889,-1,3886,3889,3890,-1,3803,3882,3863,-1,3863,3882,3883,-1,3863,3883,3864,-1,3864,3883,3884,-1,3864,3884,3865,-1,3865,3884,3885,-1,3865,3885,3866,-1,3866,3885,3886,-1,3866,3886,3867,-1,3867,3886,3890,-1,3867,3890,3868,-1,160,162,3830,-1,818,817,3855,-1,3855,817,3868,-1,3855,3868,3848,-1,3848,3868,3890,-1,3848,3890,3849,-1,3849,3890,3889,-1,3849,3889,3821,-1,3821,3889,3888,-1,3821,3888,3822,-1,3822,3888,3887,-1,3822,3887,3836,-1,3836,3887,3877,-1,3836,3877,3837,-1,3837,3877,3876,-1,3837,3876,3838,-1,3838,3876,3875,-1,3838,3875,3839,-1,3839,3875,3874,-1,3839,3874,3830,-1,3830,3874,3869,-1,3830,3869,160,-1,780,184,186,-1,780,186,3891,-1,3891,186,3892,-1,3891,3892,3893,-1,3893,3892,3894,-1,3893,3894,3895,-1,3895,3894,3896,-1,3896,3894,3897,-1,3896,3897,3898,-1,3898,3897,3899,-1,3899,3897,3900,-1,3899,3900,3901,-1,3901,3900,3902,-1,3902,3900,3903,-1,3902,3903,3904,-1,195,193,3903,-1,3903,193,779,-1,3903,779,3904,-1,772,191,189,-1,772,189,3905,-1,3905,189,3906,-1,3905,3906,3907,-1,3907,3906,3908,-1,3907,3908,3909,-1,3909,3908,3910,-1,3910,3908,3911,-1,3910,3911,3912,-1,3912,3911,3913,-1,3913,3911,3914,-1,3913,3914,3915,-1,3915,3914,3916,-1,3916,3914,3917,-1,3916,3917,3918,-1,187,185,3917,-1,3917,185,783,-1,3917,783,3918,-1,3899,3901,3919,-1,3919,3901,3902,-1,3919,3902,778,-1,778,3902,3904,-1,778,3904,779,-1,3919,3920,3899,-1,3899,3920,3921,-1,3899,3921,3898,-1,3898,3921,3922,-1,3922,3923,3898,-1,3898,3923,3924,-1,3898,3924,3896,-1,3896,3924,3925,-1,3896,3925,3895,-1,3895,3925,3926,-1,3895,3926,3893,-1,3893,3926,3927,-1,3893,3927,3891,-1,3891,3927,781,-1,3891,781,780,-1,199,197,3928,-1,3928,197,3929,-1,3928,3929,3930,-1,3930,3929,3931,-1,3930,3931,3932,-1,3932,3931,3933,-1,3932,3933,3934,-1,3934,3933,3935,-1,3934,3935,3936,-1,3936,3935,3937,-1,3936,3937,3938,-1,3938,3937,3939,-1,3938,3939,3940,-1,3940,3939,3941,-1,3940,3941,3942,-1,3942,3941,3943,-1,3942,3943,3944,-1,3944,3943,3945,-1,3944,3945,781,-1,781,3945,782,-1,3913,3915,3946,-1,3946,3915,3916,-1,3946,3916,782,-1,782,3916,3918,-1,782,3918,783,-1,3946,3947,3913,-1,3913,3947,3948,-1,3913,3948,3912,-1,3912,3948,3949,-1,3949,3950,3912,-1,3912,3950,3951,-1,3912,3951,3910,-1,3910,3951,3952,-1,3910,3952,3909,-1,3909,3952,3953,-1,3909,3953,3907,-1,3907,3953,3954,-1,3907,3954,3905,-1,3905,3954,773,-1,3905,773,772,-1,776,192,194,-1,776,194,3955,-1,3955,194,3956,-1,3955,3956,3957,-1,3957,3956,3958,-1,3957,3958,3959,-1,3959,3958,3960,-1,3960,3958,3961,-1,3960,3961,3962,-1,3962,3961,3963,-1,3963,3961,3964,-1,3963,3964,3965,-1,3965,3964,3966,-1,3966,3964,3967,-1,3966,3967,3968,-1,180,182,3967,-1,3967,182,771,-1,3967,771,3968,-1,3969,3970,199,-1,3971,3972,199,-1,3973,3974,3970,-1,3970,3974,199,-1,3972,3969,199,-1,3930,3932,3975,-1,3976,3920,3919,-1,3920,3976,3921,-1,3921,3976,3977,-1,3921,3977,3922,-1,3922,3977,3978,-1,3922,3978,3923,-1,3923,3978,3979,-1,3923,3979,3924,-1,3924,3979,3925,-1,3925,3979,3980,-1,3925,3980,3926,-1,3926,3980,3927,-1,3927,3980,3944,-1,3927,3944,781,-1,3938,3940,3981,-1,3981,3940,3942,-1,3982,3976,3983,-1,3983,3976,3919,-1,3983,3919,778,-1,3982,3984,3976,-1,3976,3984,3985,-1,3976,3985,3977,-1,3977,3985,3986,-1,3977,3986,3978,-1,3978,3986,3987,-1,3978,3987,3979,-1,3979,3987,3981,-1,3979,3981,3980,-1,3980,3981,3942,-1,3980,3942,3944,-1,3938,3981,3988,-1,3988,3981,3987,-1,3988,3987,3989,-1,3989,3987,3986,-1,3989,3986,3990,-1,3990,3986,3985,-1,3990,3985,3991,-1,3991,3985,3984,-1,3991,3984,3992,-1,3932,3934,3988,-1,3988,3934,3936,-1,3988,3936,3938,-1,3982,3993,3984,-1,3984,3993,3994,-1,3984,3994,3992,-1,3992,3994,3995,-1,3992,3995,3996,-1,3932,3988,3975,-1,3975,3988,3989,-1,3975,3989,3997,-1,3997,3989,3990,-1,3997,3990,3998,-1,3998,3990,3991,-1,3998,3991,3999,-1,3999,3991,3992,-1,3999,3992,4000,-1,4000,3992,3996,-1,4000,3996,4001,-1,199,3928,4002,-1,4002,3928,3930,-1,3971,199,4002,-1,3930,3975,4002,-1,4002,3975,3997,-1,4002,3997,3971,-1,3971,3997,3998,-1,3971,3998,3972,-1,3972,3998,3999,-1,3972,3999,3969,-1,3969,3999,4000,-1,3969,4000,3970,-1,3970,4000,4001,-1,3970,4001,3973,-1,4003,4004,197,-1,4005,4006,197,-1,3931,3929,4004,-1,4004,3929,197,-1,4006,4003,197,-1,4007,4008,4009,-1,4010,3947,3946,-1,3947,4010,3948,-1,3948,4010,4011,-1,3948,4011,3949,-1,3949,4011,4012,-1,3949,4012,3950,-1,3950,4012,4013,-1,3950,4013,3951,-1,3951,4013,3952,-1,3952,4013,4014,-1,3952,4014,3953,-1,3953,4014,3954,-1,3954,4014,4015,-1,3954,4015,773,-1,4016,4017,4018,-1,4018,4017,4019,-1,3943,4010,3945,-1,3945,4010,3946,-1,3945,3946,782,-1,3943,4020,4010,-1,4010,4020,4021,-1,4010,4021,4011,-1,4011,4021,4022,-1,4011,4022,4012,-1,4012,4022,4023,-1,4012,4023,4013,-1,4013,4023,4018,-1,4013,4018,4014,-1,4014,4018,4019,-1,4014,4019,4015,-1,4016,4018,4024,-1,4024,4018,4023,-1,4024,4023,4025,-1,4025,4023,4022,-1,4025,4022,4026,-1,4026,4022,4021,-1,4026,4021,4027,-1,4027,4021,4020,-1,4027,4020,4028,-1,4008,4029,4024,-1,4024,4029,4030,-1,4024,4030,4016,-1,3943,3941,4020,-1,4020,3941,3939,-1,4020,3939,4028,-1,4028,3939,3937,-1,4028,3937,3935,-1,4008,4024,4009,-1,4009,4024,4025,-1,4009,4025,4031,-1,4031,4025,4026,-1,4031,4026,4032,-1,4032,4026,4027,-1,4032,4027,4033,-1,4033,4027,4028,-1,4033,4028,4034,-1,4034,4028,3935,-1,4034,3935,3933,-1,197,4035,4036,-1,4036,4035,4007,-1,4005,197,4036,-1,4007,4009,4036,-1,4036,4009,4031,-1,4036,4031,4005,-1,4005,4031,4032,-1,4005,4032,4006,-1,4006,4032,4033,-1,4006,4033,4003,-1,4003,4033,4034,-1,4003,4034,4004,-1,4004,4034,3933,-1,4004,3933,3931,-1,768,183,181,-1,768,181,4037,-1,4037,181,4038,-1,4037,4038,4039,-1,4039,4038,4040,-1,4039,4040,4041,-1,4041,4040,4042,-1,4042,4040,4043,-1,4042,4043,4044,-1,4044,4043,4045,-1,4045,4043,4046,-1,4045,4046,4047,-1,4047,4046,4048,-1,4048,4046,4049,-1,4048,4049,4050,-1,188,190,4049,-1,4049,190,775,-1,4049,775,4050,-1,3963,3965,4051,-1,4051,3965,3966,-1,4051,3966,770,-1,770,3966,3968,-1,770,3968,771,-1,4051,4052,3963,-1,3963,4052,4053,-1,3963,4053,3962,-1,3962,4053,4054,-1,4054,4055,3962,-1,3962,4055,4056,-1,3962,4056,3960,-1,3960,4056,4057,-1,3960,4057,3959,-1,3959,4057,4058,-1,3959,4058,3957,-1,3957,4058,4059,-1,3957,4059,3955,-1,3955,4059,777,-1,3955,777,776,-1,198,199,4060,-1,4060,199,3974,-1,4060,3974,4061,-1,4061,3974,3973,-1,4061,3973,4062,-1,4062,3973,4001,-1,4062,4001,4063,-1,4063,4001,3996,-1,4063,3996,4064,-1,4064,3996,3995,-1,4064,3995,4065,-1,4065,3995,3994,-1,4065,3994,4066,-1,4066,3994,3993,-1,4066,3993,4067,-1,4067,3993,3982,-1,4067,3982,4068,-1,4068,3982,3983,-1,4068,3983,777,-1,777,3983,778,-1,197,196,4035,-1,4035,196,4069,-1,4035,4069,4007,-1,4007,4069,4070,-1,4007,4070,4008,-1,4008,4070,4071,-1,4008,4071,4029,-1,4029,4071,4072,-1,4029,4072,4030,-1,4030,4072,4073,-1,4030,4073,4016,-1,4016,4073,4074,-1,4016,4074,4017,-1,4017,4074,4075,-1,4017,4075,4019,-1,4019,4075,4076,-1,4019,4076,4015,-1,4015,4076,4077,-1,4015,4077,773,-1,773,4077,774,-1,4045,4047,4078,-1,4078,4047,4048,-1,4078,4048,774,-1,774,4048,4050,-1,774,4050,775,-1,4078,4079,4045,-1,4045,4079,4080,-1,4045,4080,4044,-1,4044,4080,4081,-1,4081,4082,4044,-1,4044,4082,4083,-1,4044,4083,4042,-1,4042,4083,4084,-1,4042,4084,4041,-1,4041,4084,4085,-1,4041,4085,4039,-1,4039,4085,4086,-1,4039,4086,4037,-1,4037,4086,769,-1,4037,769,768,-1,4087,4088,198,-1,4089,4090,198,-1,4091,4092,4088,-1,4088,4092,198,-1,4090,4087,198,-1,4061,4062,4093,-1,4094,4052,4051,-1,4052,4094,4053,-1,4053,4094,4095,-1,4053,4095,4054,-1,4054,4095,4096,-1,4054,4096,4055,-1,4055,4096,4097,-1,4055,4097,4056,-1,4056,4097,4057,-1,4057,4097,4098,-1,4057,4098,4058,-1,4058,4098,4059,-1,4059,4098,4068,-1,4059,4068,777,-1,4065,4066,4099,-1,4099,4066,4067,-1,4100,4094,4101,-1,4101,4094,4051,-1,4101,4051,770,-1,4100,4102,4094,-1,4094,4102,4103,-1,4094,4103,4095,-1,4095,4103,4104,-1,4095,4104,4096,-1,4096,4104,4105,-1,4096,4105,4097,-1,4097,4105,4099,-1,4097,4099,4098,-1,4098,4099,4067,-1,4098,4067,4068,-1,4065,4099,4106,-1,4106,4099,4105,-1,4106,4105,4107,-1,4107,4105,4104,-1,4107,4104,4108,-1,4108,4104,4103,-1,4108,4103,4109,-1,4109,4103,4102,-1,4109,4102,4110,-1,4062,4063,4106,-1,4106,4063,4064,-1,4106,4064,4065,-1,4100,4111,4102,-1,4102,4111,4112,-1,4102,4112,4110,-1,4110,4112,4113,-1,4110,4113,4114,-1,4062,4106,4093,-1,4093,4106,4107,-1,4093,4107,4115,-1,4115,4107,4108,-1,4115,4108,4116,-1,4116,4108,4109,-1,4116,4109,4117,-1,4117,4109,4110,-1,4117,4110,4118,-1,4118,4110,4114,-1,4118,4114,4119,-1,198,4060,4120,-1,4120,4060,4061,-1,4089,198,4120,-1,4061,4093,4120,-1,4120,4093,4115,-1,4120,4115,4089,-1,4089,4115,4116,-1,4089,4116,4090,-1,4090,4116,4117,-1,4090,4117,4087,-1,4087,4117,4118,-1,4087,4118,4088,-1,4088,4118,4119,-1,4088,4119,4091,-1,4121,4122,196,-1,4123,4124,196,-1,4070,4069,4122,-1,4122,4069,196,-1,4124,4121,196,-1,4125,4126,4127,-1,4128,4079,4078,-1,4079,4128,4080,-1,4080,4128,4129,-1,4080,4129,4081,-1,4081,4129,4130,-1,4081,4130,4082,-1,4082,4130,4131,-1,4082,4131,4083,-1,4083,4131,4084,-1,4084,4131,4132,-1,4084,4132,4085,-1,4085,4132,4086,-1,4086,4132,4133,-1,4086,4133,769,-1,4134,4135,4136,-1,4136,4135,4137,-1,4076,4128,4077,-1,4077,4128,4078,-1,4077,4078,774,-1,4076,4138,4128,-1,4128,4138,4139,-1,4128,4139,4129,-1,4129,4139,4140,-1,4129,4140,4130,-1,4130,4140,4141,-1,4130,4141,4131,-1,4131,4141,4136,-1,4131,4136,4132,-1,4132,4136,4137,-1,4132,4137,4133,-1,4134,4136,4142,-1,4142,4136,4141,-1,4142,4141,4143,-1,4143,4141,4140,-1,4143,4140,4144,-1,4144,4140,4139,-1,4144,4139,4145,-1,4145,4139,4138,-1,4145,4138,4146,-1,4126,4147,4142,-1,4142,4147,4148,-1,4142,4148,4134,-1,4076,4075,4138,-1,4138,4075,4074,-1,4138,4074,4146,-1,4146,4074,4073,-1,4146,4073,4072,-1,4126,4142,4127,-1,4127,4142,4143,-1,4127,4143,4149,-1,4149,4143,4144,-1,4149,4144,4150,-1,4150,4144,4145,-1,4150,4145,4151,-1,4151,4145,4146,-1,4151,4146,4152,-1,4152,4146,4072,-1,4152,4072,4071,-1,196,4153,4154,-1,4154,4153,4125,-1,4123,196,4154,-1,4125,4127,4154,-1,4154,4127,4149,-1,4154,4149,4123,-1,4123,4149,4150,-1,4123,4150,4124,-1,4124,4150,4151,-1,4124,4151,4121,-1,4121,4151,4152,-1,4121,4152,4122,-1,4122,4152,4071,-1,4122,4071,4070,-1,770,769,4101,-1,4101,769,4133,-1,4101,4133,4100,-1,4100,4133,4137,-1,4100,4137,4111,-1,4111,4137,4135,-1,4111,4135,4112,-1,4112,4135,4134,-1,4112,4134,4113,-1,4113,4134,4148,-1,4113,4148,4114,-1,4114,4148,4147,-1,4114,4147,4119,-1,4119,4147,4126,-1,4119,4126,4091,-1,4091,4126,4125,-1,4091,4125,4092,-1,4092,4125,4153,-1,4092,4153,198,-1,198,4153,196,-1,796,223,221,-1,796,221,4155,-1,4155,221,4156,-1,4155,4156,4157,-1,4157,4156,4158,-1,4157,4158,4159,-1,4159,4158,4160,-1,4160,4158,4161,-1,4160,4161,4162,-1,4162,4161,4163,-1,4163,4161,4164,-1,4163,4164,4165,-1,4165,4164,4166,-1,4166,4164,4167,-1,4166,4167,4168,-1,235,233,4167,-1,4167,233,795,-1,4167,795,4168,-1,788,228,230,-1,788,230,4169,-1,4169,230,4170,-1,4169,4170,4171,-1,4171,4170,4172,-1,4171,4172,4173,-1,4173,4172,4174,-1,4174,4172,4175,-1,4174,4175,4176,-1,4176,4175,4177,-1,4177,4175,4178,-1,4177,4178,4179,-1,4179,4178,4180,-1,4180,4178,4181,-1,4180,4181,4182,-1,220,222,4181,-1,4181,222,799,-1,4181,799,4182,-1,4163,4165,4183,-1,4183,4165,4166,-1,4183,4166,794,-1,794,4166,4168,-1,794,4168,795,-1,4183,4184,4163,-1,4163,4184,4185,-1,4163,4185,4162,-1,4162,4185,4186,-1,4186,4187,4162,-1,4162,4187,4188,-1,4162,4188,4160,-1,4160,4188,4189,-1,4160,4189,4159,-1,4159,4189,4190,-1,4159,4190,4157,-1,4157,4190,4191,-1,4157,4191,4155,-1,4155,4191,797,-1,4155,797,796,-1,798,797,4192,-1,4192,797,4193,-1,4192,4193,4194,-1,4194,4193,4195,-1,4194,4195,4196,-1,4196,4195,4197,-1,4196,4197,4198,-1,4198,4197,4199,-1,4198,4199,4200,-1,4200,4199,4201,-1,4200,4201,4202,-1,4202,4201,4203,-1,4202,4203,4204,-1,4204,4203,4205,-1,4204,4205,4206,-1,4206,4205,4207,-1,4206,4207,4208,-1,4208,4207,4209,-1,4208,4209,237,-1,237,4209,239,-1,4177,4179,4210,-1,4210,4179,4180,-1,4210,4180,798,-1,798,4180,4182,-1,798,4182,799,-1,4210,4211,4177,-1,4177,4211,4212,-1,4177,4212,4176,-1,4176,4212,4213,-1,4213,4214,4176,-1,4176,4214,4215,-1,4176,4215,4174,-1,4174,4215,4216,-1,4174,4216,4173,-1,4173,4216,4217,-1,4173,4217,4171,-1,4171,4217,4218,-1,4171,4218,4169,-1,4169,4218,789,-1,4169,789,788,-1,792,232,234,-1,792,234,4219,-1,4219,234,4220,-1,4219,4220,4221,-1,4221,4220,4222,-1,4221,4222,4223,-1,4223,4222,4224,-1,4224,4222,4225,-1,4224,4225,4226,-1,4226,4225,4227,-1,4227,4225,4228,-1,4227,4228,4229,-1,4229,4228,4230,-1,4230,4228,4231,-1,4230,4231,4232,-1,224,226,4231,-1,4231,226,787,-1,4231,787,4232,-1,4233,4234,239,-1,4235,4236,239,-1,4237,4238,4234,-1,4234,4238,239,-1,4236,4233,239,-1,4207,4205,4239,-1,4240,4184,4183,-1,4184,4240,4185,-1,4185,4240,4241,-1,4185,4241,4186,-1,4186,4241,4242,-1,4186,4242,4187,-1,4187,4242,4243,-1,4187,4243,4188,-1,4188,4243,4189,-1,4189,4243,4244,-1,4189,4244,4190,-1,4190,4244,4191,-1,4191,4244,4193,-1,4191,4193,797,-1,4199,4197,4245,-1,4245,4197,4195,-1,4246,4240,4247,-1,4247,4240,4183,-1,4247,4183,794,-1,4246,4248,4240,-1,4240,4248,4249,-1,4240,4249,4241,-1,4241,4249,4250,-1,4241,4250,4242,-1,4242,4250,4251,-1,4242,4251,4243,-1,4243,4251,4245,-1,4243,4245,4244,-1,4244,4245,4195,-1,4244,4195,4193,-1,4199,4245,4252,-1,4252,4245,4251,-1,4252,4251,4253,-1,4253,4251,4250,-1,4253,4250,4254,-1,4254,4250,4249,-1,4254,4249,4255,-1,4255,4249,4248,-1,4255,4248,4256,-1,4205,4203,4252,-1,4252,4203,4201,-1,4252,4201,4199,-1,4246,4257,4248,-1,4248,4257,4258,-1,4248,4258,4256,-1,4256,4258,4259,-1,4256,4259,4260,-1,4205,4252,4239,-1,4239,4252,4253,-1,4239,4253,4261,-1,4261,4253,4254,-1,4261,4254,4262,-1,4262,4254,4255,-1,4262,4255,4263,-1,4263,4255,4256,-1,4263,4256,4264,-1,4264,4256,4260,-1,4264,4260,4265,-1,239,4209,4266,-1,4266,4209,4207,-1,4235,239,4266,-1,4207,4239,4266,-1,4266,4239,4261,-1,4266,4261,4235,-1,4235,4261,4262,-1,4235,4262,4236,-1,4236,4262,4263,-1,4236,4263,4233,-1,4233,4263,4264,-1,4233,4264,4234,-1,4234,4264,4265,-1,4234,4265,4237,-1,4267,4268,237,-1,4269,4270,237,-1,4206,4208,4268,-1,4268,4208,237,-1,4270,4267,237,-1,4271,4272,4273,-1,4274,4211,4210,-1,4211,4274,4212,-1,4212,4274,4275,-1,4212,4275,4213,-1,4213,4275,4276,-1,4213,4276,4214,-1,4214,4276,4277,-1,4214,4277,4215,-1,4215,4277,4216,-1,4216,4277,4278,-1,4216,4278,4217,-1,4217,4278,4218,-1,4218,4278,4279,-1,4218,4279,789,-1,4280,4281,4282,-1,4282,4281,4283,-1,4194,4274,4192,-1,4192,4274,4210,-1,4192,4210,798,-1,4194,4284,4274,-1,4274,4284,4285,-1,4274,4285,4275,-1,4275,4285,4286,-1,4275,4286,4276,-1,4276,4286,4287,-1,4276,4287,4277,-1,4277,4287,4282,-1,4277,4282,4278,-1,4278,4282,4283,-1,4278,4283,4279,-1,4280,4282,4288,-1,4288,4282,4287,-1,4288,4287,4289,-1,4289,4287,4286,-1,4289,4286,4290,-1,4290,4286,4285,-1,4290,4285,4291,-1,4291,4285,4284,-1,4291,4284,4292,-1,4272,4293,4288,-1,4288,4293,4294,-1,4288,4294,4280,-1,4194,4196,4284,-1,4284,4196,4198,-1,4284,4198,4292,-1,4292,4198,4200,-1,4292,4200,4202,-1,4272,4288,4273,-1,4273,4288,4289,-1,4273,4289,4295,-1,4295,4289,4290,-1,4295,4290,4296,-1,4296,4290,4291,-1,4296,4291,4297,-1,4297,4291,4292,-1,4297,4292,4298,-1,4298,4292,4202,-1,4298,4202,4204,-1,237,4299,4300,-1,4300,4299,4271,-1,4269,237,4300,-1,4271,4273,4300,-1,4300,4273,4295,-1,4300,4295,4269,-1,4269,4295,4296,-1,4269,4296,4270,-1,4270,4296,4297,-1,4270,4297,4267,-1,4267,4297,4298,-1,4267,4298,4268,-1,4268,4298,4204,-1,4268,4204,4206,-1,784,227,225,-1,784,225,4301,-1,4301,225,4302,-1,4301,4302,4303,-1,4303,4302,4304,-1,4303,4304,4305,-1,4305,4304,4306,-1,4306,4304,4307,-1,4306,4307,4308,-1,4308,4307,4309,-1,4309,4307,4310,-1,4309,4310,4311,-1,4311,4310,4312,-1,4312,4310,4313,-1,4312,4313,4314,-1,231,229,4313,-1,4313,229,791,-1,4313,791,4314,-1,4227,4229,4315,-1,4315,4229,4230,-1,4315,4230,786,-1,786,4230,4232,-1,786,4232,787,-1,4315,4316,4227,-1,4227,4316,4317,-1,4227,4317,4226,-1,4226,4317,4318,-1,4318,4319,4226,-1,4226,4319,4320,-1,4226,4320,4224,-1,4224,4320,4321,-1,4224,4321,4223,-1,4223,4321,4322,-1,4223,4322,4221,-1,4221,4322,4323,-1,4221,4323,4219,-1,4219,4323,793,-1,4219,793,792,-1,238,239,4324,-1,4324,239,4238,-1,4324,4238,4325,-1,4325,4238,4237,-1,4325,4237,4326,-1,4326,4237,4265,-1,4326,4265,4327,-1,4327,4265,4260,-1,4327,4260,4328,-1,4328,4260,4259,-1,4328,4259,4329,-1,4329,4259,4258,-1,4329,4258,4330,-1,4330,4258,4257,-1,4330,4257,4331,-1,4331,4257,4246,-1,4331,4246,4332,-1,4332,4246,4247,-1,4332,4247,793,-1,793,4247,794,-1,237,236,4299,-1,4299,236,4333,-1,4299,4333,4271,-1,4271,4333,4334,-1,4271,4334,4272,-1,4272,4334,4335,-1,4272,4335,4293,-1,4293,4335,4336,-1,4293,4336,4294,-1,4294,4336,4337,-1,4294,4337,4280,-1,4280,4337,4338,-1,4280,4338,4281,-1,4281,4338,4339,-1,4281,4339,4283,-1,4283,4339,4340,-1,4283,4340,4279,-1,4279,4340,4341,-1,4279,4341,789,-1,789,4341,790,-1,4309,4311,4342,-1,4342,4311,4312,-1,4342,4312,790,-1,790,4312,4314,-1,790,4314,791,-1,4342,4343,4309,-1,4309,4343,4344,-1,4309,4344,4308,-1,4308,4344,4345,-1,4345,4346,4308,-1,4308,4346,4347,-1,4308,4347,4306,-1,4306,4347,4348,-1,4306,4348,4305,-1,4305,4348,4349,-1,4305,4349,4303,-1,4303,4349,4350,-1,4303,4350,4301,-1,4301,4350,785,-1,4301,785,784,-1,4351,4352,238,-1,4353,4354,238,-1,4355,4356,4352,-1,4352,4356,238,-1,4354,4351,238,-1,4325,4326,4357,-1,4358,4316,4315,-1,4316,4358,4317,-1,4317,4358,4359,-1,4317,4359,4318,-1,4318,4359,4360,-1,4318,4360,4319,-1,4319,4360,4361,-1,4319,4361,4320,-1,4320,4361,4321,-1,4321,4361,4362,-1,4321,4362,4322,-1,4322,4362,4323,-1,4323,4362,4332,-1,4323,4332,793,-1,4329,4330,4363,-1,4363,4330,4331,-1,4364,4358,4365,-1,4365,4358,4315,-1,4365,4315,786,-1,4364,4366,4358,-1,4358,4366,4367,-1,4358,4367,4359,-1,4359,4367,4368,-1,4359,4368,4360,-1,4360,4368,4369,-1,4360,4369,4361,-1,4361,4369,4363,-1,4361,4363,4362,-1,4362,4363,4331,-1,4362,4331,4332,-1,4329,4363,4370,-1,4370,4363,4369,-1,4370,4369,4371,-1,4371,4369,4368,-1,4371,4368,4372,-1,4372,4368,4367,-1,4372,4367,4373,-1,4373,4367,4366,-1,4373,4366,4374,-1,4326,4327,4370,-1,4370,4327,4328,-1,4370,4328,4329,-1,4364,4375,4366,-1,4366,4375,4376,-1,4366,4376,4374,-1,4374,4376,4377,-1,4374,4377,4378,-1,4326,4370,4357,-1,4357,4370,4371,-1,4357,4371,4379,-1,4379,4371,4372,-1,4379,4372,4380,-1,4380,4372,4373,-1,4380,4373,4381,-1,4381,4373,4374,-1,4381,4374,4382,-1,4382,4374,4378,-1,4382,4378,4383,-1,238,4324,4384,-1,4384,4324,4325,-1,4353,238,4384,-1,4325,4357,4384,-1,4384,4357,4379,-1,4384,4379,4353,-1,4353,4379,4380,-1,4353,4380,4354,-1,4354,4380,4381,-1,4354,4381,4351,-1,4351,4381,4382,-1,4351,4382,4352,-1,4352,4382,4383,-1,4352,4383,4355,-1,4385,4386,236,-1,4387,4388,236,-1,4334,4333,4386,-1,4386,4333,236,-1,4388,4385,236,-1,4389,4390,4391,-1,4392,4343,4342,-1,4343,4392,4344,-1,4344,4392,4393,-1,4344,4393,4345,-1,4345,4393,4394,-1,4345,4394,4346,-1,4346,4394,4395,-1,4346,4395,4347,-1,4347,4395,4348,-1,4348,4395,4396,-1,4348,4396,4349,-1,4349,4396,4350,-1,4350,4396,4397,-1,4350,4397,785,-1,4398,4399,4400,-1,4400,4399,4401,-1,4340,4392,4341,-1,4341,4392,4342,-1,4341,4342,790,-1,4340,4402,4392,-1,4392,4402,4403,-1,4392,4403,4393,-1,4393,4403,4404,-1,4393,4404,4394,-1,4394,4404,4405,-1,4394,4405,4395,-1,4395,4405,4400,-1,4395,4400,4396,-1,4396,4400,4401,-1,4396,4401,4397,-1,4398,4400,4406,-1,4406,4400,4405,-1,4406,4405,4407,-1,4407,4405,4404,-1,4407,4404,4408,-1,4408,4404,4403,-1,4408,4403,4409,-1,4409,4403,4402,-1,4409,4402,4410,-1,4390,4411,4406,-1,4406,4411,4412,-1,4406,4412,4398,-1,4340,4339,4402,-1,4402,4339,4338,-1,4402,4338,4410,-1,4410,4338,4337,-1,4410,4337,4336,-1,4390,4406,4391,-1,4391,4406,4407,-1,4391,4407,4413,-1,4413,4407,4408,-1,4413,4408,4414,-1,4414,4408,4409,-1,4414,4409,4415,-1,4415,4409,4410,-1,4415,4410,4416,-1,4416,4410,4336,-1,4416,4336,4335,-1,236,4417,4418,-1,4418,4417,4389,-1,4387,236,4418,-1,4389,4391,4418,-1,4418,4391,4413,-1,4418,4413,4387,-1,4387,4413,4414,-1,4387,4414,4388,-1,4388,4414,4415,-1,4388,4415,4385,-1,4385,4415,4416,-1,4385,4416,4386,-1,4386,4416,4335,-1,4386,4335,4334,-1,236,238,4417,-1,4417,238,4356,-1,4417,4356,4389,-1,4389,4356,4355,-1,4389,4355,4390,-1,4390,4355,4383,-1,4390,4383,4411,-1,4411,4383,4378,-1,4411,4378,4412,-1,4412,4378,4377,-1,4412,4377,4398,-1,4398,4377,4376,-1,4398,4376,4399,-1,4399,4376,4375,-1,4399,4375,4401,-1,4401,4375,4364,-1,4401,4364,4397,-1,4397,4364,4365,-1,4397,4365,785,-1,785,4365,786,-1,876,292,294,-1,876,294,4419,-1,4419,294,4420,-1,4419,4420,4421,-1,4421,4420,4422,-1,4421,4422,4423,-1,4423,4422,4424,-1,4424,4422,4425,-1,4424,4425,4426,-1,4426,4425,4427,-1,4427,4425,4428,-1,4427,4428,4429,-1,4429,4428,4430,-1,4430,4428,4431,-1,4430,4431,4432,-1,287,285,4431,-1,4431,285,875,-1,4431,875,4432,-1,868,291,289,-1,868,289,4433,-1,4433,289,4434,-1,4433,4434,4435,-1,4435,4434,4436,-1,4435,4436,4437,-1,4437,4436,4438,-1,4438,4436,4439,-1,4438,4439,4440,-1,4440,4439,4441,-1,4441,4439,4442,-1,4441,4442,4443,-1,4443,4442,4444,-1,4444,4442,4445,-1,4444,4445,4446,-1,295,293,4445,-1,4445,293,879,-1,4445,879,4446,-1,4427,4429,4447,-1,4447,4429,4430,-1,4447,4430,874,-1,874,4430,4432,-1,874,4432,875,-1,4447,4448,4427,-1,4427,4448,4449,-1,4427,4449,4426,-1,4426,4449,4450,-1,4450,4451,4426,-1,4426,4451,4452,-1,4426,4452,4424,-1,4424,4452,4453,-1,4424,4453,4423,-1,4423,4453,4454,-1,4423,4454,4421,-1,4421,4454,4455,-1,4421,4455,4419,-1,4419,4455,877,-1,4419,877,876,-1,283,281,4456,-1,878,877,4457,-1,4457,877,4458,-1,4457,4458,4459,-1,4459,4458,4460,-1,4459,4460,4461,-1,4461,4460,4462,-1,4461,4462,4463,-1,4463,4462,4464,-1,4463,4464,4465,-1,4465,4464,4466,-1,4465,4466,4467,-1,4467,4466,4468,-1,4467,4468,4469,-1,4469,4468,4470,-1,4469,4470,4471,-1,4471,4470,4472,-1,4471,4472,4473,-1,4473,4472,4474,-1,4473,4474,4456,-1,4456,4474,4475,-1,4456,4475,283,-1,4441,4443,4476,-1,4476,4443,4444,-1,4476,4444,878,-1,878,4444,4446,-1,878,4446,879,-1,4476,4477,4441,-1,4441,4477,4478,-1,4441,4478,4440,-1,4440,4478,4479,-1,4479,4480,4440,-1,4440,4480,4481,-1,4440,4481,4438,-1,4438,4481,4482,-1,4438,4482,4437,-1,4437,4482,4483,-1,4437,4483,4435,-1,4435,4483,4484,-1,4435,4484,4433,-1,4433,4484,869,-1,4433,869,868,-1,872,284,286,-1,872,286,4485,-1,4485,286,4486,-1,4485,4486,4487,-1,4487,4486,4488,-1,4487,4488,4489,-1,4489,4488,4490,-1,4490,4488,4491,-1,4490,4491,4492,-1,4492,4491,4493,-1,4493,4491,4494,-1,4493,4494,4495,-1,4495,4494,4496,-1,4496,4494,4497,-1,4496,4497,4498,-1,296,298,4497,-1,4497,298,867,-1,4497,867,4498,-1,4499,4500,4501,-1,4502,4503,4504,-1,283,4505,4506,-1,4507,4505,283,-1,4504,4503,283,-1,4508,283,4503,-1,4509,4448,4447,-1,4448,4509,4449,-1,4449,4509,4510,-1,4449,4510,4450,-1,4450,4510,4511,-1,4450,4511,4451,-1,4451,4511,4512,-1,4451,4512,4452,-1,4452,4512,4453,-1,4453,4512,4513,-1,4453,4513,4454,-1,4454,4513,4455,-1,4455,4513,4458,-1,4455,4458,877,-1,4475,4507,283,-1,4514,4515,4502,-1,4502,4515,4516,-1,4502,4516,4503,-1,4503,4516,4517,-1,4503,4517,4508,-1,4518,4506,4519,-1,4519,4506,4505,-1,4519,4505,4520,-1,4520,4505,4507,-1,4520,4507,4521,-1,4475,4474,4507,-1,4507,4474,4472,-1,4507,4472,4521,-1,4521,4472,4470,-1,4521,4470,4468,-1,4501,4518,4522,-1,4522,4518,4519,-1,4522,4519,4523,-1,4523,4519,4520,-1,4523,4520,4524,-1,4524,4520,4521,-1,4524,4521,4525,-1,4525,4521,4468,-1,4526,4527,4528,-1,4528,4527,4499,-1,4499,4501,4528,-1,4528,4501,4522,-1,4528,4522,4529,-1,4529,4522,4523,-1,4529,4523,4530,-1,4530,4523,4524,-1,4530,4524,4531,-1,4531,4524,4525,-1,4531,4525,4532,-1,4500,4514,4501,-1,4501,4514,4502,-1,4501,4502,4518,-1,4518,4502,4504,-1,4518,4504,4506,-1,4506,4504,283,-1,4526,4509,4533,-1,4533,4509,4447,-1,4533,4447,874,-1,4468,4466,4525,-1,4525,4466,4464,-1,4525,4464,4532,-1,4532,4464,4462,-1,4532,4462,4460,-1,4526,4528,4509,-1,4509,4528,4529,-1,4509,4529,4510,-1,4510,4529,4530,-1,4510,4530,4511,-1,4511,4530,4531,-1,4511,4531,4512,-1,4512,4531,4532,-1,4512,4532,4513,-1,4513,4532,4460,-1,4513,4460,4458,-1,4463,4465,4534,-1,4535,4536,4537,-1,281,4538,4539,-1,4540,4538,281,-1,4537,4536,281,-1,4456,281,4536,-1,4541,4477,4476,-1,4477,4541,4478,-1,4478,4541,4542,-1,4478,4542,4479,-1,4479,4542,4543,-1,4479,4543,4480,-1,4480,4543,4544,-1,4480,4544,4481,-1,4481,4544,4482,-1,4482,4544,4545,-1,4482,4545,4483,-1,4483,4545,4484,-1,4484,4545,4546,-1,4484,4546,869,-1,4547,4540,281,-1,4467,4469,4535,-1,4535,4469,4471,-1,4535,4471,4536,-1,4536,4471,4473,-1,4536,4473,4456,-1,4548,4539,4549,-1,4549,4539,4538,-1,4549,4538,4550,-1,4550,4538,4540,-1,4550,4540,4551,-1,4547,4552,4540,-1,4540,4552,4553,-1,4540,4553,4551,-1,4551,4553,4554,-1,4551,4554,4555,-1,4534,4548,4556,-1,4556,4548,4549,-1,4556,4549,4557,-1,4557,4549,4550,-1,4557,4550,4558,-1,4558,4550,4551,-1,4558,4551,4559,-1,4559,4551,4555,-1,4459,4461,4560,-1,4560,4461,4463,-1,4463,4534,4560,-1,4560,4534,4556,-1,4560,4556,4561,-1,4561,4556,4557,-1,4561,4557,4562,-1,4562,4557,4558,-1,4562,4558,4563,-1,4563,4558,4559,-1,4563,4559,4564,-1,4465,4467,4534,-1,4534,4467,4535,-1,4534,4535,4548,-1,4548,4535,4537,-1,4548,4537,4539,-1,4539,4537,281,-1,4459,4541,4457,-1,4457,4541,4476,-1,4457,4476,878,-1,4555,4565,4559,-1,4559,4565,4566,-1,4559,4566,4564,-1,4564,4566,4567,-1,4564,4567,4568,-1,4459,4560,4541,-1,4541,4560,4561,-1,4541,4561,4542,-1,4542,4561,4562,-1,4542,4562,4543,-1,4543,4562,4563,-1,4543,4563,4544,-1,4544,4563,4564,-1,4544,4564,4545,-1,4545,4564,4568,-1,4545,4568,4546,-1,864,299,297,-1,864,297,4569,-1,4569,297,4570,-1,4569,4570,4571,-1,4571,4570,4572,-1,4571,4572,4573,-1,4573,4572,4574,-1,4574,4572,4575,-1,4574,4575,4576,-1,4576,4575,4577,-1,4577,4575,4578,-1,4577,4578,4579,-1,4579,4578,4580,-1,4580,4578,4581,-1,4580,4581,4582,-1,288,290,4581,-1,4581,290,871,-1,4581,871,4582,-1,867,866,4498,-1,4498,866,4583,-1,4498,4583,4496,-1,4496,4583,4584,-1,4496,4584,4495,-1,4495,4584,4585,-1,4495,4585,4493,-1,4585,4586,4493,-1,4493,4586,4587,-1,4493,4587,4492,-1,4492,4587,4588,-1,4492,4588,4490,-1,4490,4588,4589,-1,4490,4589,4489,-1,4489,4589,4590,-1,4489,4590,4487,-1,4487,4590,4485,-1,4485,4590,872,-1,872,4590,4591,-1,872,4591,873,-1,282,283,4508,-1,874,873,4533,-1,4533,873,4592,-1,4533,4592,4526,-1,4526,4592,4593,-1,4526,4593,4527,-1,4527,4593,4594,-1,4527,4594,4499,-1,4499,4594,4595,-1,4499,4595,4500,-1,4500,4595,4596,-1,4500,4596,4514,-1,4514,4596,4597,-1,4514,4597,4515,-1,4515,4597,4598,-1,4515,4598,4516,-1,4516,4598,4599,-1,4516,4599,4517,-1,4517,4599,4600,-1,4517,4600,4508,-1,4508,4600,4601,-1,4508,4601,282,-1,870,869,4602,-1,4602,869,4546,-1,4602,4546,4603,-1,4603,4546,4568,-1,4603,4568,4604,-1,4604,4568,4567,-1,4604,4567,4605,-1,4605,4567,4566,-1,4605,4566,4606,-1,4606,4566,4565,-1,4606,4565,4607,-1,4607,4565,4555,-1,4607,4555,4608,-1,4608,4555,4554,-1,4608,4554,4609,-1,4609,4554,4553,-1,4609,4553,4610,-1,4610,4553,4552,-1,4610,4552,4611,-1,4552,4547,4611,-1,4611,4547,281,-1,4611,281,280,-1,871,870,4582,-1,4582,870,4612,-1,4582,4612,4580,-1,4580,4612,4613,-1,4580,4613,4579,-1,4579,4613,4614,-1,4579,4614,4577,-1,4614,4615,4577,-1,4577,4615,4616,-1,4577,4616,4576,-1,4576,4616,4617,-1,4576,4617,4574,-1,4574,4617,4618,-1,4574,4618,4573,-1,4573,4618,4619,-1,4573,4619,4571,-1,4571,4619,4569,-1,4569,4619,864,-1,864,4619,4620,-1,864,4620,865,-1,4621,4622,4623,-1,4624,4625,4626,-1,4627,4628,4629,-1,282,4630,4631,-1,4632,4630,282,-1,4629,4628,282,-1,4633,282,4628,-1,4583,4634,4584,-1,4584,4634,4635,-1,4587,4586,4635,-1,4635,4586,4585,-1,4635,4585,4584,-1,4635,4636,4587,-1,4587,4636,4637,-1,4587,4637,4588,-1,4588,4637,4638,-1,4588,4638,4589,-1,4589,4638,4590,-1,4590,4638,4639,-1,4590,4639,4591,-1,4591,4639,4592,-1,4591,4592,873,-1,4601,4632,282,-1,4640,4641,4627,-1,4627,4641,4642,-1,4627,4642,4628,-1,4628,4642,4643,-1,4628,4643,4633,-1,4644,4631,4645,-1,4645,4631,4630,-1,4645,4630,4646,-1,4646,4630,4632,-1,4646,4632,4647,-1,4625,4640,4626,-1,4626,4640,4627,-1,4626,4627,4648,-1,4648,4627,4629,-1,4648,4629,4649,-1,4649,4629,282,-1,4601,4600,4632,-1,4632,4600,4599,-1,4632,4599,4647,-1,4647,4599,4598,-1,4647,4598,4597,-1,4650,4644,4651,-1,4651,4644,4645,-1,4651,4645,4652,-1,4652,4645,4646,-1,4652,4646,4653,-1,4653,4646,4647,-1,4653,4647,4654,-1,4654,4647,4597,-1,4623,4650,4655,-1,4655,4650,4651,-1,4655,4651,4656,-1,4656,4651,4652,-1,4656,4652,4657,-1,4657,4652,4653,-1,4657,4653,4658,-1,4658,4653,4654,-1,4658,4654,4659,-1,4622,4624,4623,-1,4623,4624,4626,-1,4623,4626,4650,-1,4650,4626,4648,-1,4650,4648,4644,-1,4644,4648,4649,-1,4644,4649,4631,-1,4631,4649,282,-1,4583,866,4634,-1,4634,866,4660,-1,4634,4660,4621,-1,4597,4596,4654,-1,4654,4596,4595,-1,4654,4595,4659,-1,4659,4595,4594,-1,4659,4594,4593,-1,4621,4623,4634,-1,4634,4623,4655,-1,4634,4655,4635,-1,4635,4655,4656,-1,4635,4656,4636,-1,4636,4656,4657,-1,4636,4657,4637,-1,4637,4657,4658,-1,4637,4658,4638,-1,4638,4658,4659,-1,4638,4659,4639,-1,4639,4659,4593,-1,4639,4593,4592,-1,4603,4604,4661,-1,4605,4606,4662,-1,4663,4664,4665,-1,280,4666,4667,-1,4668,4666,280,-1,4665,4664,280,-1,4611,280,4664,-1,4612,4669,4613,-1,4613,4669,4670,-1,4616,4615,4670,-1,4670,4615,4614,-1,4670,4614,4613,-1,4670,4671,4616,-1,4616,4671,4672,-1,4616,4672,4617,-1,4617,4672,4673,-1,4617,4673,4618,-1,4618,4673,4619,-1,4619,4673,4674,-1,4619,4674,4620,-1,4620,4674,4675,-1,4620,4675,865,-1,4676,4668,280,-1,4607,4608,4663,-1,4663,4608,4609,-1,4663,4609,4664,-1,4664,4609,4610,-1,4664,4610,4611,-1,4677,4667,4678,-1,4678,4667,4666,-1,4678,4666,4679,-1,4679,4666,4668,-1,4679,4668,4680,-1,4606,4607,4662,-1,4662,4607,4663,-1,4662,4663,4681,-1,4681,4663,4665,-1,4681,4665,4682,-1,4682,4665,280,-1,4676,4683,4668,-1,4668,4683,4684,-1,4668,4684,4680,-1,4680,4684,4685,-1,4680,4685,4686,-1,4687,4677,4688,-1,4688,4677,4678,-1,4688,4678,4689,-1,4689,4678,4679,-1,4689,4679,4690,-1,4690,4679,4680,-1,4690,4680,4691,-1,4691,4680,4686,-1,4661,4687,4692,-1,4692,4687,4688,-1,4692,4688,4693,-1,4693,4688,4689,-1,4693,4689,4694,-1,4694,4689,4690,-1,4694,4690,4695,-1,4695,4690,4691,-1,4695,4691,4696,-1,4604,4605,4661,-1,4661,4605,4662,-1,4661,4662,4687,-1,4687,4662,4681,-1,4687,4681,4677,-1,4677,4681,4682,-1,4677,4682,4667,-1,4667,4682,280,-1,4612,870,4669,-1,4669,870,4602,-1,4669,4602,4603,-1,4686,4697,4691,-1,4691,4697,4698,-1,4691,4698,4696,-1,4696,4698,4699,-1,4696,4699,4700,-1,4603,4661,4669,-1,4669,4661,4692,-1,4669,4692,4670,-1,4670,4692,4693,-1,4670,4693,4671,-1,4671,4693,4694,-1,4671,4694,4672,-1,4672,4694,4695,-1,4672,4695,4673,-1,4673,4695,4696,-1,4673,4696,4674,-1,4674,4696,4700,-1,4674,4700,4675,-1,866,865,4660,-1,4660,865,4675,-1,4660,4675,4621,-1,4621,4675,4700,-1,4621,4700,4622,-1,4622,4700,4699,-1,4622,4699,4624,-1,4624,4699,4698,-1,4624,4698,4625,-1,4625,4698,4697,-1,4625,4697,4640,-1,4640,4697,4686,-1,4640,4686,4641,-1,4641,4686,4685,-1,4641,4685,4642,-1,4642,4685,4684,-1,4642,4684,4643,-1,4643,4684,4683,-1,4643,4683,4633,-1,4683,4676,4633,-1,4633,4676,280,-1,4633,280,282,-1,892,256,258,-1,892,258,4701,-1,4701,258,4702,-1,4701,4702,4703,-1,4703,4702,4704,-1,4703,4704,4705,-1,4705,4704,4706,-1,4706,4704,4707,-1,4706,4707,4708,-1,4708,4707,4709,-1,4709,4707,4710,-1,4709,4710,4711,-1,4711,4710,4712,-1,4712,4710,4713,-1,4712,4713,4714,-1,248,250,4713,-1,4713,250,891,-1,4713,891,4714,-1,884,244,246,-1,884,246,4715,-1,4715,246,4716,-1,4715,4716,4717,-1,4717,4716,4718,-1,4717,4718,4719,-1,4719,4718,4720,-1,4720,4718,4721,-1,4720,4721,4722,-1,4722,4721,4723,-1,4723,4721,4724,-1,4723,4724,4725,-1,4725,4724,4726,-1,4726,4724,4727,-1,4726,4727,4728,-1,259,257,4727,-1,4727,257,895,-1,4727,895,4728,-1,891,890,4714,-1,4714,890,4729,-1,4714,4729,4712,-1,4712,4729,4730,-1,4712,4730,4711,-1,4711,4730,4731,-1,4711,4731,4709,-1,4731,4732,4709,-1,4709,4732,4733,-1,4709,4733,4708,-1,4708,4733,4734,-1,4708,4734,4706,-1,4706,4734,4735,-1,4706,4735,4705,-1,4705,4735,4736,-1,893,892,4737,-1,4737,892,4701,-1,4737,4701,4736,-1,4736,4701,4703,-1,4736,4703,4705,-1,894,893,4738,-1,4738,893,4739,-1,4738,4739,4740,-1,4740,4739,4741,-1,4740,4741,4742,-1,4742,4741,4743,-1,4742,4743,4744,-1,4744,4743,4745,-1,4744,4745,4746,-1,4746,4745,4747,-1,4746,4747,4748,-1,4748,4747,4749,-1,4748,4749,4750,-1,4750,4749,4751,-1,4750,4751,4752,-1,4752,4751,4753,-1,4752,4753,4754,-1,4754,4753,4755,-1,4754,4755,4756,-1,4755,4757,4756,-1,4756,4757,243,-1,4756,243,241,-1,4723,4725,4758,-1,4758,4725,4726,-1,4758,4726,894,-1,894,4726,4728,-1,894,4728,895,-1,4758,4759,4723,-1,4723,4759,4760,-1,4723,4760,4722,-1,4722,4760,4761,-1,4761,4762,4722,-1,4722,4762,4763,-1,4722,4763,4720,-1,4720,4763,4764,-1,4720,4764,4719,-1,4719,4764,4765,-1,4719,4765,4717,-1,4717,4765,4766,-1,4717,4766,4715,-1,4715,4766,885,-1,4715,885,884,-1,888,251,249,-1,888,249,4767,-1,4767,249,4768,-1,4767,4768,4769,-1,4769,4768,4770,-1,4769,4770,4771,-1,4771,4770,4772,-1,4772,4770,4773,-1,4772,4773,4774,-1,4774,4773,4775,-1,4775,4773,4776,-1,4775,4776,4777,-1,4777,4776,4778,-1,4778,4776,4779,-1,4778,4779,4780,-1,252,254,4779,-1,4779,254,883,-1,4779,883,4780,-1,4781,4782,4783,-1,4784,4785,4786,-1,4787,4788,4789,-1,243,4790,4791,-1,4792,4790,243,-1,4789,4788,243,-1,4793,243,4788,-1,4729,4794,4730,-1,4730,4794,4795,-1,4733,4732,4795,-1,4795,4732,4731,-1,4795,4731,4730,-1,4795,4796,4733,-1,4733,4796,4797,-1,4733,4797,4734,-1,4734,4797,4798,-1,4734,4798,4735,-1,4735,4798,4736,-1,4736,4798,4799,-1,4736,4799,4737,-1,4737,4799,4739,-1,4737,4739,893,-1,4757,4792,243,-1,4800,4801,4787,-1,4787,4801,4802,-1,4787,4802,4788,-1,4788,4802,4803,-1,4788,4803,4793,-1,4804,4791,4805,-1,4805,4791,4790,-1,4805,4790,4806,-1,4806,4790,4792,-1,4806,4792,4807,-1,4785,4800,4786,-1,4786,4800,4787,-1,4786,4787,4808,-1,4808,4787,4789,-1,4808,4789,4809,-1,4809,4789,243,-1,4757,4755,4792,-1,4792,4755,4753,-1,4792,4753,4807,-1,4807,4753,4751,-1,4807,4751,4749,-1,4810,4804,4811,-1,4811,4804,4805,-1,4811,4805,4812,-1,4812,4805,4806,-1,4812,4806,4813,-1,4813,4806,4807,-1,4813,4807,4814,-1,4814,4807,4749,-1,4783,4810,4815,-1,4815,4810,4811,-1,4815,4811,4816,-1,4816,4811,4812,-1,4816,4812,4817,-1,4817,4812,4813,-1,4817,4813,4818,-1,4818,4813,4814,-1,4818,4814,4819,-1,4782,4784,4783,-1,4783,4784,4786,-1,4783,4786,4810,-1,4810,4786,4808,-1,4810,4808,4804,-1,4804,4808,4809,-1,4804,4809,4791,-1,4791,4809,243,-1,4729,890,4794,-1,4794,890,4820,-1,4794,4820,4781,-1,4749,4747,4814,-1,4814,4747,4745,-1,4814,4745,4819,-1,4819,4745,4743,-1,4819,4743,4741,-1,4781,4783,4794,-1,4794,4783,4815,-1,4794,4815,4795,-1,4795,4815,4816,-1,4795,4816,4796,-1,4796,4816,4817,-1,4796,4817,4797,-1,4797,4817,4818,-1,4797,4818,4798,-1,4798,4818,4819,-1,4798,4819,4799,-1,4799,4819,4741,-1,4799,4741,4739,-1,4744,4746,4821,-1,4822,4823,4824,-1,241,4825,4826,-1,4827,4825,241,-1,4824,4823,241,-1,4756,241,4823,-1,4828,4759,4758,-1,4759,4828,4760,-1,4760,4828,4829,-1,4760,4829,4761,-1,4761,4829,4830,-1,4761,4830,4762,-1,4762,4830,4831,-1,4762,4831,4763,-1,4763,4831,4764,-1,4764,4831,4832,-1,4764,4832,4765,-1,4765,4832,4766,-1,4766,4832,4833,-1,4766,4833,885,-1,4834,4827,241,-1,4748,4750,4822,-1,4822,4750,4752,-1,4822,4752,4823,-1,4823,4752,4754,-1,4823,4754,4756,-1,4835,4826,4836,-1,4836,4826,4825,-1,4836,4825,4837,-1,4837,4825,4827,-1,4837,4827,4838,-1,4834,4839,4827,-1,4827,4839,4840,-1,4827,4840,4838,-1,4838,4840,4841,-1,4838,4841,4842,-1,4821,4835,4843,-1,4843,4835,4836,-1,4843,4836,4844,-1,4844,4836,4837,-1,4844,4837,4845,-1,4845,4837,4838,-1,4845,4838,4846,-1,4846,4838,4842,-1,4740,4742,4847,-1,4847,4742,4744,-1,4744,4821,4847,-1,4847,4821,4843,-1,4847,4843,4848,-1,4848,4843,4844,-1,4848,4844,4849,-1,4849,4844,4845,-1,4849,4845,4850,-1,4850,4845,4846,-1,4850,4846,4851,-1,4746,4748,4821,-1,4821,4748,4822,-1,4821,4822,4835,-1,4835,4822,4824,-1,4835,4824,4826,-1,4826,4824,241,-1,4740,4828,4738,-1,4738,4828,4758,-1,4738,4758,894,-1,4842,4852,4846,-1,4846,4852,4853,-1,4846,4853,4851,-1,4851,4853,4854,-1,4851,4854,4855,-1,4740,4847,4828,-1,4828,4847,4848,-1,4828,4848,4829,-1,4829,4848,4849,-1,4829,4849,4830,-1,4830,4849,4850,-1,4830,4850,4831,-1,4831,4850,4851,-1,4831,4851,4832,-1,4832,4851,4855,-1,4832,4855,4833,-1,880,255,253,-1,880,253,4856,-1,4856,253,4857,-1,4856,4857,4858,-1,4858,4857,4859,-1,4858,4859,4860,-1,4860,4859,4861,-1,4861,4859,4862,-1,4861,4862,4863,-1,4863,4862,4864,-1,4864,4862,4865,-1,4864,4865,4866,-1,4866,4865,4867,-1,4867,4865,4868,-1,4867,4868,4869,-1,247,245,4868,-1,4868,245,887,-1,4868,887,4869,-1,4775,4777,4870,-1,4870,4777,4778,-1,4870,4778,882,-1,882,4778,4780,-1,882,4780,883,-1,4870,4871,4775,-1,4775,4871,4872,-1,4775,4872,4774,-1,4774,4872,4873,-1,4873,4874,4774,-1,4774,4874,4875,-1,4774,4875,4772,-1,4772,4875,4876,-1,4772,4876,4771,-1,4771,4876,4877,-1,4771,4877,4769,-1,4769,4877,4878,-1,4769,4878,4767,-1,4767,4878,889,-1,4767,889,888,-1,242,243,4793,-1,890,889,4820,-1,4820,889,4879,-1,4820,4879,4781,-1,4781,4879,4880,-1,4781,4880,4782,-1,4782,4880,4881,-1,4782,4881,4784,-1,4784,4881,4882,-1,4784,4882,4785,-1,4785,4882,4883,-1,4785,4883,4800,-1,4800,4883,4884,-1,4800,4884,4801,-1,4801,4884,4885,-1,4801,4885,4802,-1,4802,4885,4886,-1,4802,4886,4803,-1,4803,4886,4887,-1,4803,4887,4793,-1,4793,4887,4888,-1,4793,4888,242,-1,886,885,4889,-1,4889,885,4833,-1,4889,4833,4890,-1,4890,4833,4855,-1,4890,4855,4891,-1,4891,4855,4854,-1,4891,4854,4892,-1,4892,4854,4853,-1,4892,4853,4893,-1,4893,4853,4852,-1,4893,4852,4894,-1,4894,4852,4842,-1,4894,4842,4895,-1,4895,4842,4841,-1,4895,4841,4896,-1,4896,4841,4840,-1,4896,4840,4897,-1,4897,4840,4839,-1,4897,4839,4898,-1,4839,4834,4898,-1,4898,4834,241,-1,4898,241,240,-1,4864,4866,4899,-1,4899,4866,4867,-1,4899,4867,886,-1,886,4867,4869,-1,886,4869,887,-1,4899,4900,4864,-1,4864,4900,4901,-1,4864,4901,4863,-1,4863,4901,4902,-1,4902,4903,4863,-1,4863,4903,4904,-1,4863,4904,4861,-1,4861,4904,4905,-1,4861,4905,4860,-1,4860,4905,4906,-1,4860,4906,4858,-1,4858,4906,4907,-1,4858,4907,4856,-1,4856,4907,881,-1,4856,881,880,-1,4908,4909,4910,-1,4911,4912,4913,-1,242,4914,4915,-1,4916,4914,242,-1,4913,4912,242,-1,4917,242,4912,-1,4918,4871,4870,-1,4871,4918,4872,-1,4872,4918,4919,-1,4872,4919,4873,-1,4873,4919,4920,-1,4873,4920,4874,-1,4874,4920,4921,-1,4874,4921,4875,-1,4875,4921,4876,-1,4876,4921,4922,-1,4876,4922,4877,-1,4877,4922,4878,-1,4878,4922,4879,-1,4878,4879,889,-1,4888,4916,242,-1,4923,4924,4911,-1,4911,4924,4925,-1,4911,4925,4912,-1,4912,4925,4926,-1,4912,4926,4917,-1,4927,4915,4928,-1,4928,4915,4914,-1,4928,4914,4929,-1,4929,4914,4916,-1,4929,4916,4930,-1,4888,4887,4916,-1,4916,4887,4886,-1,4916,4886,4930,-1,4930,4886,4885,-1,4930,4885,4884,-1,4910,4927,4931,-1,4931,4927,4928,-1,4931,4928,4932,-1,4932,4928,4929,-1,4932,4929,4933,-1,4933,4929,4930,-1,4933,4930,4934,-1,4934,4930,4884,-1,4935,4936,4937,-1,4937,4936,4908,-1,4908,4910,4937,-1,4937,4910,4931,-1,4937,4931,4938,-1,4938,4931,4932,-1,4938,4932,4939,-1,4939,4932,4933,-1,4939,4933,4940,-1,4940,4933,4934,-1,4940,4934,4941,-1,4909,4923,4910,-1,4910,4923,4911,-1,4910,4911,4927,-1,4927,4911,4913,-1,4927,4913,4915,-1,4915,4913,242,-1,4935,4918,4942,-1,4942,4918,4870,-1,4942,4870,882,-1,4884,4883,4934,-1,4934,4883,4882,-1,4934,4882,4941,-1,4941,4882,4881,-1,4941,4881,4880,-1,4935,4937,4918,-1,4918,4937,4938,-1,4918,4938,4919,-1,4919,4938,4939,-1,4919,4939,4920,-1,4920,4939,4940,-1,4920,4940,4921,-1,4921,4940,4941,-1,4921,4941,4922,-1,4922,4941,4880,-1,4922,4880,4879,-1,4892,4893,4943,-1,4944,4945,4946,-1,240,4947,4948,-1,4949,4947,240,-1,4946,4945,240,-1,4898,240,4945,-1,4950,4900,4899,-1,4900,4950,4901,-1,4901,4950,4951,-1,4901,4951,4902,-1,4902,4951,4952,-1,4902,4952,4903,-1,4903,4952,4953,-1,4903,4953,4904,-1,4904,4953,4905,-1,4905,4953,4954,-1,4905,4954,4906,-1,4906,4954,4907,-1,4907,4954,4955,-1,4907,4955,881,-1,4956,4949,240,-1,4894,4895,4944,-1,4944,4895,4896,-1,4944,4896,4945,-1,4945,4896,4897,-1,4945,4897,4898,-1,4957,4948,4958,-1,4958,4948,4947,-1,4958,4947,4959,-1,4959,4947,4949,-1,4959,4949,4960,-1,4956,4961,4949,-1,4949,4961,4962,-1,4949,4962,4960,-1,4960,4962,4963,-1,4960,4963,4964,-1,4943,4957,4965,-1,4965,4957,4958,-1,4965,4958,4966,-1,4966,4958,4959,-1,4966,4959,4967,-1,4967,4959,4960,-1,4967,4960,4968,-1,4968,4960,4964,-1,4890,4891,4969,-1,4969,4891,4892,-1,4892,4943,4969,-1,4969,4943,4965,-1,4969,4965,4970,-1,4970,4965,4966,-1,4970,4966,4971,-1,4971,4966,4967,-1,4971,4967,4972,-1,4972,4967,4968,-1,4972,4968,4973,-1,4893,4894,4943,-1,4943,4894,4944,-1,4943,4944,4957,-1,4957,4944,4946,-1,4957,4946,4948,-1,4948,4946,240,-1,4890,4950,4889,-1,4889,4950,4899,-1,4889,4899,886,-1,4964,4974,4968,-1,4968,4974,4975,-1,4968,4975,4973,-1,4973,4975,4976,-1,4973,4976,4977,-1,4890,4969,4950,-1,4950,4969,4970,-1,4950,4970,4951,-1,4951,4970,4971,-1,4951,4971,4952,-1,4952,4971,4972,-1,4952,4972,4953,-1,4953,4972,4973,-1,4953,4973,4954,-1,4954,4973,4977,-1,4954,4977,4955,-1,240,242,4917,-1,882,881,4942,-1,4942,881,4955,-1,4942,4955,4935,-1,4935,4955,4977,-1,4935,4977,4936,-1,4936,4977,4976,-1,4936,4976,4908,-1,4908,4976,4975,-1,4908,4975,4909,-1,4909,4975,4974,-1,4909,4974,4923,-1,4923,4974,4964,-1,4923,4964,4924,-1,4924,4964,4963,-1,4924,4963,4925,-1,4925,4963,4962,-1,4925,4962,4926,-1,4926,4962,4961,-1,4926,4961,4917,-1,4917,4961,4956,-1,4917,4956,240,-1,844,264,266,-1,844,266,4978,-1,4978,266,4979,-1,4978,4979,4980,-1,4980,4979,4981,-1,4980,4981,4982,-1,4982,4981,4983,-1,4983,4981,4984,-1,4983,4984,4985,-1,4985,4984,4986,-1,4986,4984,4987,-1,4986,4987,4988,-1,4988,4987,4989,-1,4989,4987,4990,-1,4989,4990,4991,-1,275,273,4990,-1,4990,273,843,-1,4990,843,4991,-1,836,271,269,-1,836,269,4992,-1,4992,269,4993,-1,4992,4993,4994,-1,4994,4993,4995,-1,4994,4995,4996,-1,4996,4995,4997,-1,4997,4995,4998,-1,4997,4998,4999,-1,4999,4998,5000,-1,5000,4998,5001,-1,5000,5001,5002,-1,5002,5001,5003,-1,5003,5001,5004,-1,5003,5004,5005,-1,267,265,5004,-1,5004,265,847,-1,5004,847,5005,-1,4986,4988,5006,-1,5006,4988,4989,-1,5006,4989,842,-1,842,4989,4991,-1,842,4991,843,-1,5006,5007,4986,-1,4986,5007,5008,-1,4986,5008,4985,-1,4985,5008,5009,-1,5009,5010,4985,-1,4985,5010,5011,-1,4985,5011,4983,-1,4983,5011,5012,-1,4983,5012,4982,-1,4982,5012,5013,-1,4982,5013,4980,-1,4980,5013,5014,-1,4980,5014,4978,-1,4978,5014,845,-1,4978,845,844,-1,846,845,5015,-1,5015,845,5016,-1,5015,5016,5017,-1,5017,5016,5018,-1,5017,5018,5019,-1,5019,5018,5020,-1,5019,5020,5021,-1,5021,5020,5022,-1,5021,5022,5023,-1,5023,5022,5024,-1,5023,5024,5025,-1,5025,5024,5026,-1,5025,5026,5027,-1,5027,5026,5028,-1,5027,5028,5029,-1,5029,5028,5030,-1,5029,5030,5031,-1,5031,5030,5032,-1,5031,5032,277,-1,277,5032,279,-1,5000,5002,5033,-1,5033,5002,5003,-1,5033,5003,846,-1,846,5003,5005,-1,846,5005,847,-1,5033,5034,5000,-1,5000,5034,5035,-1,5000,5035,4999,-1,4999,5035,5036,-1,5036,5037,4999,-1,4999,5037,5038,-1,4999,5038,4997,-1,4997,5038,5039,-1,4997,5039,4996,-1,4996,5039,5040,-1,4996,5040,4994,-1,4994,5040,5041,-1,4994,5041,4992,-1,4992,5041,837,-1,4992,837,836,-1,840,272,274,-1,840,274,5042,-1,5042,274,5043,-1,5042,5043,5044,-1,5044,5043,5045,-1,5044,5045,5046,-1,5046,5045,5047,-1,5047,5045,5048,-1,5047,5048,5049,-1,5049,5048,5050,-1,5050,5048,5051,-1,5050,5051,5052,-1,5052,5051,5053,-1,5053,5051,5054,-1,5053,5054,5055,-1,260,262,5054,-1,5054,262,835,-1,5054,835,5055,-1,5056,5057,279,-1,5058,5059,279,-1,5060,5061,5057,-1,5057,5061,279,-1,5059,5056,279,-1,5030,5028,5062,-1,5063,5007,5006,-1,5007,5063,5008,-1,5008,5063,5064,-1,5008,5064,5009,-1,5009,5064,5065,-1,5009,5065,5010,-1,5010,5065,5066,-1,5010,5066,5011,-1,5011,5066,5012,-1,5012,5066,5067,-1,5012,5067,5013,-1,5013,5067,5014,-1,5014,5067,5016,-1,5014,5016,845,-1,5022,5020,5068,-1,5068,5020,5018,-1,5069,5063,5070,-1,5070,5063,5006,-1,5070,5006,842,-1,5069,5071,5063,-1,5063,5071,5072,-1,5063,5072,5064,-1,5064,5072,5073,-1,5064,5073,5065,-1,5065,5073,5074,-1,5065,5074,5066,-1,5066,5074,5068,-1,5066,5068,5067,-1,5067,5068,5018,-1,5067,5018,5016,-1,5022,5068,5075,-1,5075,5068,5074,-1,5075,5074,5076,-1,5076,5074,5073,-1,5076,5073,5077,-1,5077,5073,5072,-1,5077,5072,5078,-1,5078,5072,5071,-1,5078,5071,5079,-1,5028,5026,5075,-1,5075,5026,5024,-1,5075,5024,5022,-1,5069,5080,5071,-1,5071,5080,5081,-1,5071,5081,5079,-1,5079,5081,5082,-1,5079,5082,5083,-1,5028,5075,5062,-1,5062,5075,5076,-1,5062,5076,5084,-1,5084,5076,5077,-1,5084,5077,5085,-1,5085,5077,5078,-1,5085,5078,5086,-1,5086,5078,5079,-1,5086,5079,5087,-1,5087,5079,5083,-1,5087,5083,5088,-1,279,5032,5089,-1,5089,5032,5030,-1,5058,279,5089,-1,5030,5062,5089,-1,5089,5062,5084,-1,5089,5084,5058,-1,5058,5084,5085,-1,5058,5085,5059,-1,5059,5085,5086,-1,5059,5086,5056,-1,5056,5086,5087,-1,5056,5087,5057,-1,5057,5087,5088,-1,5057,5088,5060,-1,5090,5091,277,-1,5092,5093,277,-1,5029,5031,5091,-1,5091,5031,277,-1,5093,5090,277,-1,5094,5095,5096,-1,5097,5034,5033,-1,5034,5097,5035,-1,5035,5097,5098,-1,5035,5098,5036,-1,5036,5098,5099,-1,5036,5099,5037,-1,5037,5099,5100,-1,5037,5100,5038,-1,5038,5100,5039,-1,5039,5100,5101,-1,5039,5101,5040,-1,5040,5101,5041,-1,5041,5101,5102,-1,5041,5102,837,-1,5103,5104,5105,-1,5105,5104,5106,-1,5017,5097,5015,-1,5015,5097,5033,-1,5015,5033,846,-1,5017,5107,5097,-1,5097,5107,5108,-1,5097,5108,5098,-1,5098,5108,5109,-1,5098,5109,5099,-1,5099,5109,5110,-1,5099,5110,5100,-1,5100,5110,5105,-1,5100,5105,5101,-1,5101,5105,5106,-1,5101,5106,5102,-1,5103,5105,5111,-1,5111,5105,5110,-1,5111,5110,5112,-1,5112,5110,5109,-1,5112,5109,5113,-1,5113,5109,5108,-1,5113,5108,5114,-1,5114,5108,5107,-1,5114,5107,5115,-1,5095,5116,5111,-1,5111,5116,5117,-1,5111,5117,5103,-1,5017,5019,5107,-1,5107,5019,5021,-1,5107,5021,5115,-1,5115,5021,5023,-1,5115,5023,5025,-1,5095,5111,5096,-1,5096,5111,5112,-1,5096,5112,5118,-1,5118,5112,5113,-1,5118,5113,5119,-1,5119,5113,5114,-1,5119,5114,5120,-1,5120,5114,5115,-1,5120,5115,5121,-1,5121,5115,5025,-1,5121,5025,5027,-1,277,5122,5123,-1,5123,5122,5094,-1,5092,277,5123,-1,5094,5096,5123,-1,5123,5096,5118,-1,5123,5118,5092,-1,5092,5118,5119,-1,5092,5119,5093,-1,5093,5119,5120,-1,5093,5120,5090,-1,5090,5120,5121,-1,5090,5121,5091,-1,5091,5121,5027,-1,5091,5027,5029,-1,832,263,261,-1,832,261,5124,-1,5124,261,5125,-1,5124,5125,5126,-1,5126,5125,5127,-1,5126,5127,5128,-1,5128,5127,5129,-1,5129,5127,5130,-1,5129,5130,5131,-1,5131,5130,5132,-1,5132,5130,5133,-1,5132,5133,5134,-1,5134,5133,5135,-1,5135,5133,5136,-1,5135,5136,5137,-1,268,270,5136,-1,5136,270,839,-1,5136,839,5137,-1,5050,5052,5138,-1,5138,5052,5053,-1,5138,5053,834,-1,834,5053,5055,-1,834,5055,835,-1,5138,5139,5050,-1,5050,5139,5140,-1,5050,5140,5049,-1,5049,5140,5141,-1,5141,5142,5049,-1,5049,5142,5143,-1,5049,5143,5047,-1,5047,5143,5144,-1,5047,5144,5046,-1,5046,5144,5145,-1,5046,5145,5044,-1,5044,5145,5146,-1,5044,5146,5042,-1,5042,5146,841,-1,5042,841,840,-1,842,841,5070,-1,5070,841,5147,-1,5070,5147,5069,-1,5069,5147,5148,-1,5069,5148,5080,-1,5080,5148,5149,-1,5080,5149,5081,-1,5081,5149,5150,-1,5081,5150,5082,-1,5082,5150,5151,-1,5082,5151,5083,-1,5083,5151,5152,-1,5083,5152,5088,-1,5088,5152,5153,-1,5088,5153,5060,-1,5060,5153,5154,-1,5060,5154,5061,-1,5061,5154,5155,-1,5061,5155,279,-1,279,5155,278,-1,277,276,5122,-1,5122,276,5156,-1,5122,5156,5094,-1,5094,5156,5157,-1,5094,5157,5095,-1,5095,5157,5158,-1,5095,5158,5116,-1,5116,5158,5159,-1,5116,5159,5117,-1,5117,5159,5160,-1,5117,5160,5103,-1,5103,5160,5161,-1,5103,5161,5104,-1,5104,5161,5162,-1,5104,5162,5106,-1,5106,5162,5163,-1,5106,5163,5102,-1,5102,5163,5164,-1,5102,5164,837,-1,837,5164,838,-1,5132,5134,5165,-1,5165,5134,5135,-1,5165,5135,838,-1,838,5135,5137,-1,838,5137,839,-1,5165,5166,5132,-1,5132,5166,5167,-1,5132,5167,5131,-1,5131,5167,5168,-1,5168,5169,5131,-1,5131,5169,5170,-1,5131,5170,5129,-1,5129,5170,5171,-1,5129,5171,5128,-1,5128,5171,5172,-1,5128,5172,5126,-1,5126,5172,5173,-1,5126,5173,5124,-1,5124,5173,833,-1,5124,833,832,-1,5174,5175,278,-1,5176,5177,278,-1,5178,5179,5175,-1,5175,5179,278,-1,5177,5174,278,-1,5154,5153,5180,-1,5181,5139,5138,-1,5139,5181,5140,-1,5140,5181,5182,-1,5140,5182,5141,-1,5141,5182,5183,-1,5141,5183,5142,-1,5142,5183,5184,-1,5142,5184,5143,-1,5143,5184,5144,-1,5144,5184,5185,-1,5144,5185,5145,-1,5145,5185,5146,-1,5146,5185,5147,-1,5146,5147,841,-1,5150,5149,5186,-1,5186,5149,5148,-1,5187,5181,5188,-1,5188,5181,5138,-1,5188,5138,834,-1,5187,5189,5181,-1,5181,5189,5190,-1,5181,5190,5182,-1,5182,5190,5191,-1,5182,5191,5183,-1,5183,5191,5192,-1,5183,5192,5184,-1,5184,5192,5186,-1,5184,5186,5185,-1,5185,5186,5148,-1,5185,5148,5147,-1,5150,5186,5193,-1,5193,5186,5192,-1,5193,5192,5194,-1,5194,5192,5191,-1,5194,5191,5195,-1,5195,5191,5190,-1,5195,5190,5196,-1,5196,5190,5189,-1,5196,5189,5197,-1,5153,5152,5193,-1,5193,5152,5151,-1,5193,5151,5150,-1,5187,5198,5189,-1,5189,5198,5199,-1,5189,5199,5197,-1,5197,5199,5200,-1,5197,5200,5201,-1,5153,5193,5180,-1,5180,5193,5194,-1,5180,5194,5202,-1,5202,5194,5195,-1,5202,5195,5203,-1,5203,5195,5196,-1,5203,5196,5204,-1,5204,5196,5197,-1,5204,5197,5205,-1,5205,5197,5201,-1,5205,5201,5206,-1,278,5155,5207,-1,5207,5155,5154,-1,5176,278,5207,-1,5154,5180,5207,-1,5207,5180,5202,-1,5207,5202,5176,-1,5176,5202,5203,-1,5176,5203,5177,-1,5177,5203,5204,-1,5177,5204,5174,-1,5174,5204,5205,-1,5174,5205,5175,-1,5175,5205,5206,-1,5175,5206,5178,-1,5208,5209,276,-1,5210,5211,276,-1,5157,5156,5209,-1,5209,5156,276,-1,5211,5208,276,-1,5212,5213,5214,-1,5215,5166,5165,-1,5166,5215,5167,-1,5167,5215,5216,-1,5167,5216,5168,-1,5168,5216,5217,-1,5168,5217,5169,-1,5169,5217,5218,-1,5169,5218,5170,-1,5170,5218,5171,-1,5171,5218,5219,-1,5171,5219,5172,-1,5172,5219,5173,-1,5173,5219,5220,-1,5173,5220,833,-1,5221,5222,5223,-1,5223,5222,5224,-1,5163,5215,5164,-1,5164,5215,5165,-1,5164,5165,838,-1,5163,5225,5215,-1,5215,5225,5226,-1,5215,5226,5216,-1,5216,5226,5227,-1,5216,5227,5217,-1,5217,5227,5228,-1,5217,5228,5218,-1,5218,5228,5223,-1,5218,5223,5219,-1,5219,5223,5224,-1,5219,5224,5220,-1,5221,5223,5229,-1,5229,5223,5228,-1,5229,5228,5230,-1,5230,5228,5227,-1,5230,5227,5231,-1,5231,5227,5226,-1,5231,5226,5232,-1,5232,5226,5225,-1,5232,5225,5233,-1,5213,5234,5229,-1,5229,5234,5235,-1,5229,5235,5221,-1,5163,5162,5225,-1,5225,5162,5161,-1,5225,5161,5233,-1,5233,5161,5160,-1,5233,5160,5159,-1,5213,5229,5214,-1,5214,5229,5230,-1,5214,5230,5236,-1,5236,5230,5231,-1,5236,5231,5237,-1,5237,5231,5232,-1,5237,5232,5238,-1,5238,5232,5233,-1,5238,5233,5239,-1,5239,5233,5159,-1,5239,5159,5158,-1,276,5240,5241,-1,5241,5240,5212,-1,5210,276,5241,-1,5212,5214,5241,-1,5241,5214,5236,-1,5241,5236,5210,-1,5210,5236,5237,-1,5210,5237,5211,-1,5211,5237,5238,-1,5211,5238,5208,-1,5208,5238,5239,-1,5208,5239,5209,-1,5209,5239,5158,-1,5209,5158,5157,-1,276,278,5240,-1,5240,278,5179,-1,5240,5179,5212,-1,5212,5179,5178,-1,5212,5178,5213,-1,5213,5178,5206,-1,5213,5206,5234,-1,5234,5206,5201,-1,5234,5201,5235,-1,5235,5201,5200,-1,5235,5200,5221,-1,5221,5200,5199,-1,5221,5199,5222,-1,5222,5199,5198,-1,5222,5198,5224,-1,5224,5198,5187,-1,5224,5187,5220,-1,5220,5187,5188,-1,5220,5188,833,-1,833,5188,834,-1,860,303,301,-1,860,301,5242,-1,5242,301,5243,-1,5242,5243,5244,-1,5244,5243,5245,-1,5244,5245,5246,-1,5246,5245,5247,-1,5247,5245,5248,-1,5247,5248,5249,-1,5249,5248,5250,-1,5250,5248,5251,-1,5250,5251,5252,-1,5252,5251,5253,-1,5253,5251,5254,-1,5253,5254,5255,-1,315,313,5254,-1,5254,313,859,-1,5254,859,5255,-1,852,308,310,-1,852,310,5256,-1,5256,310,5257,-1,5256,5257,5258,-1,5258,5257,5259,-1,5258,5259,5260,-1,5260,5259,5261,-1,5261,5259,5262,-1,5261,5262,5263,-1,5263,5262,5264,-1,5264,5262,5265,-1,5264,5265,5266,-1,5266,5265,5267,-1,5267,5265,5268,-1,5267,5268,5269,-1,300,302,5268,-1,5268,302,863,-1,5268,863,5269,-1,5250,5252,5270,-1,5270,5252,5253,-1,5270,5253,858,-1,858,5253,5255,-1,858,5255,859,-1,5270,5271,5250,-1,5250,5271,5272,-1,5250,5272,5249,-1,5249,5272,5273,-1,5273,5274,5249,-1,5249,5274,5275,-1,5249,5275,5247,-1,5247,5275,5276,-1,5247,5276,5246,-1,5246,5276,5277,-1,5246,5277,5244,-1,5244,5277,5278,-1,5244,5278,5242,-1,5242,5278,861,-1,5242,861,860,-1,862,861,5279,-1,5279,861,5280,-1,5279,5280,5281,-1,5281,5280,5282,-1,5281,5282,5283,-1,5283,5282,5284,-1,5283,5284,5285,-1,5285,5284,5286,-1,5285,5286,5287,-1,5287,5286,5288,-1,5287,5288,5289,-1,5289,5288,5290,-1,5289,5290,5291,-1,5291,5290,5292,-1,5291,5292,5293,-1,5293,5292,5294,-1,5293,5294,5295,-1,5295,5294,5296,-1,5295,5296,317,-1,317,5296,319,-1,5264,5266,5297,-1,5297,5266,5267,-1,5297,5267,862,-1,862,5267,5269,-1,862,5269,863,-1,5297,5298,5264,-1,5264,5298,5299,-1,5264,5299,5263,-1,5263,5299,5300,-1,5300,5301,5263,-1,5263,5301,5302,-1,5263,5302,5261,-1,5261,5302,5303,-1,5261,5303,5260,-1,5260,5303,5304,-1,5260,5304,5258,-1,5258,5304,5305,-1,5258,5305,5256,-1,5256,5305,853,-1,5256,853,852,-1,856,312,314,-1,856,314,5306,-1,5306,314,5307,-1,5306,5307,5308,-1,5308,5307,5309,-1,5308,5309,5310,-1,5310,5309,5311,-1,5311,5309,5312,-1,5311,5312,5313,-1,5313,5312,5314,-1,5314,5312,5315,-1,5314,5315,5316,-1,5316,5315,5317,-1,5317,5315,5318,-1,5317,5318,5319,-1,304,306,5318,-1,5318,306,851,-1,5318,851,5319,-1,5320,5321,319,-1,5322,5323,319,-1,5324,5325,5321,-1,5321,5325,319,-1,5323,5320,319,-1,5294,5292,5326,-1,5327,5271,5270,-1,5271,5327,5272,-1,5272,5327,5328,-1,5272,5328,5273,-1,5273,5328,5329,-1,5273,5329,5274,-1,5274,5329,5330,-1,5274,5330,5275,-1,5275,5330,5276,-1,5276,5330,5331,-1,5276,5331,5277,-1,5277,5331,5278,-1,5278,5331,5280,-1,5278,5280,861,-1,5286,5284,5332,-1,5332,5284,5282,-1,5333,5327,5334,-1,5334,5327,5270,-1,5334,5270,858,-1,5333,5335,5327,-1,5327,5335,5336,-1,5327,5336,5328,-1,5328,5336,5337,-1,5328,5337,5329,-1,5329,5337,5338,-1,5329,5338,5330,-1,5330,5338,5332,-1,5330,5332,5331,-1,5331,5332,5282,-1,5331,5282,5280,-1,5286,5332,5339,-1,5339,5332,5338,-1,5339,5338,5340,-1,5340,5338,5337,-1,5340,5337,5341,-1,5341,5337,5336,-1,5341,5336,5342,-1,5342,5336,5335,-1,5342,5335,5343,-1,5292,5290,5339,-1,5339,5290,5288,-1,5339,5288,5286,-1,5333,5344,5335,-1,5335,5344,5345,-1,5335,5345,5343,-1,5343,5345,5346,-1,5343,5346,5347,-1,5292,5339,5326,-1,5326,5339,5340,-1,5326,5340,5348,-1,5348,5340,5341,-1,5348,5341,5349,-1,5349,5341,5342,-1,5349,5342,5350,-1,5350,5342,5343,-1,5350,5343,5351,-1,5351,5343,5347,-1,5351,5347,5352,-1,319,5296,5353,-1,5353,5296,5294,-1,5322,319,5353,-1,5294,5326,5353,-1,5353,5326,5348,-1,5353,5348,5322,-1,5322,5348,5349,-1,5322,5349,5323,-1,5323,5349,5350,-1,5323,5350,5320,-1,5320,5350,5351,-1,5320,5351,5321,-1,5321,5351,5352,-1,5321,5352,5324,-1,5354,5355,317,-1,5356,5357,317,-1,5293,5295,5355,-1,5355,5295,317,-1,5357,5354,317,-1,5358,5359,5360,-1,5361,5298,5297,-1,5298,5361,5299,-1,5299,5361,5362,-1,5299,5362,5300,-1,5300,5362,5363,-1,5300,5363,5301,-1,5301,5363,5364,-1,5301,5364,5302,-1,5302,5364,5303,-1,5303,5364,5365,-1,5303,5365,5304,-1,5304,5365,5305,-1,5305,5365,5366,-1,5305,5366,853,-1,5367,5368,5369,-1,5369,5368,5370,-1,5281,5361,5279,-1,5279,5361,5297,-1,5279,5297,862,-1,5281,5371,5361,-1,5361,5371,5372,-1,5361,5372,5362,-1,5362,5372,5373,-1,5362,5373,5363,-1,5363,5373,5374,-1,5363,5374,5364,-1,5364,5374,5369,-1,5364,5369,5365,-1,5365,5369,5370,-1,5365,5370,5366,-1,5367,5369,5375,-1,5375,5369,5374,-1,5375,5374,5376,-1,5376,5374,5373,-1,5376,5373,5377,-1,5377,5373,5372,-1,5377,5372,5378,-1,5378,5372,5371,-1,5378,5371,5379,-1,5359,5380,5375,-1,5375,5380,5381,-1,5375,5381,5367,-1,5281,5283,5371,-1,5371,5283,5285,-1,5371,5285,5379,-1,5379,5285,5287,-1,5379,5287,5289,-1,5359,5375,5360,-1,5360,5375,5376,-1,5360,5376,5382,-1,5382,5376,5377,-1,5382,5377,5383,-1,5383,5377,5378,-1,5383,5378,5384,-1,5384,5378,5379,-1,5384,5379,5385,-1,5385,5379,5289,-1,5385,5289,5291,-1,317,5386,5387,-1,5387,5386,5358,-1,5356,317,5387,-1,5358,5360,5387,-1,5387,5360,5382,-1,5387,5382,5356,-1,5356,5382,5383,-1,5356,5383,5357,-1,5357,5383,5384,-1,5357,5384,5354,-1,5354,5384,5385,-1,5354,5385,5355,-1,5355,5385,5291,-1,5355,5291,5293,-1,848,307,305,-1,848,305,5388,-1,5388,305,5389,-1,5388,5389,5390,-1,5390,5389,5391,-1,5390,5391,5392,-1,5392,5391,5393,-1,5393,5391,5394,-1,5393,5394,5395,-1,5395,5394,5396,-1,5396,5394,5397,-1,5396,5397,5398,-1,5398,5397,5399,-1,5399,5397,5400,-1,5399,5400,5401,-1,311,309,5400,-1,5400,309,855,-1,5400,855,5401,-1,5314,5316,5402,-1,5402,5316,5317,-1,5402,5317,850,-1,850,5317,5319,-1,850,5319,851,-1,5402,5403,5314,-1,5314,5403,5404,-1,5314,5404,5313,-1,5313,5404,5405,-1,5405,5406,5313,-1,5313,5406,5407,-1,5313,5407,5311,-1,5311,5407,5408,-1,5311,5408,5310,-1,5310,5408,5409,-1,5310,5409,5308,-1,5308,5409,5410,-1,5308,5410,5306,-1,5306,5410,857,-1,5306,857,856,-1,318,319,5411,-1,5411,319,5325,-1,5411,5325,5412,-1,5412,5325,5324,-1,5412,5324,5413,-1,5413,5324,5352,-1,5413,5352,5414,-1,5414,5352,5347,-1,5414,5347,5415,-1,5415,5347,5346,-1,5415,5346,5416,-1,5416,5346,5345,-1,5416,5345,5417,-1,5417,5345,5344,-1,5417,5344,5418,-1,5418,5344,5333,-1,5418,5333,5419,-1,5419,5333,5334,-1,5419,5334,857,-1,857,5334,858,-1,854,853,5420,-1,5420,853,5366,-1,5420,5366,5421,-1,5421,5366,5370,-1,5421,5370,5422,-1,5422,5370,5368,-1,5422,5368,5423,-1,5423,5368,5367,-1,5423,5367,5424,-1,5424,5367,5381,-1,5424,5381,5425,-1,5425,5381,5380,-1,5425,5380,5426,-1,5426,5380,5359,-1,5426,5359,5427,-1,5427,5359,5358,-1,5427,5358,5428,-1,5428,5358,5386,-1,5428,5386,316,-1,316,5386,317,-1,5396,5398,5429,-1,5429,5398,5399,-1,5429,5399,854,-1,854,5399,5401,-1,854,5401,855,-1,5429,5430,5396,-1,5396,5430,5431,-1,5396,5431,5395,-1,5395,5431,5432,-1,5432,5433,5395,-1,5395,5433,5434,-1,5395,5434,5393,-1,5393,5434,5435,-1,5393,5435,5392,-1,5392,5435,5436,-1,5392,5436,5390,-1,5390,5436,5437,-1,5390,5437,5388,-1,5388,5437,849,-1,5388,849,848,-1,5438,5439,318,-1,5440,5441,318,-1,5442,5443,5439,-1,5439,5443,318,-1,5441,5438,318,-1,5412,5413,5444,-1,5445,5403,5402,-1,5403,5445,5404,-1,5404,5445,5446,-1,5404,5446,5405,-1,5405,5446,5447,-1,5405,5447,5406,-1,5406,5447,5448,-1,5406,5448,5407,-1,5407,5448,5408,-1,5408,5448,5449,-1,5408,5449,5409,-1,5409,5449,5410,-1,5410,5449,5419,-1,5410,5419,857,-1,5416,5417,5450,-1,5450,5417,5418,-1,5451,5445,5452,-1,5452,5445,5402,-1,5452,5402,850,-1,5451,5453,5445,-1,5445,5453,5454,-1,5445,5454,5446,-1,5446,5454,5455,-1,5446,5455,5447,-1,5447,5455,5456,-1,5447,5456,5448,-1,5448,5456,5450,-1,5448,5450,5449,-1,5449,5450,5418,-1,5449,5418,5419,-1,5416,5450,5457,-1,5457,5450,5456,-1,5457,5456,5458,-1,5458,5456,5455,-1,5458,5455,5459,-1,5459,5455,5454,-1,5459,5454,5460,-1,5460,5454,5453,-1,5460,5453,5461,-1,5413,5414,5457,-1,5457,5414,5415,-1,5457,5415,5416,-1,5451,5462,5453,-1,5453,5462,5463,-1,5453,5463,5461,-1,5461,5463,5464,-1,5461,5464,5465,-1,5413,5457,5444,-1,5444,5457,5458,-1,5444,5458,5466,-1,5466,5458,5459,-1,5466,5459,5467,-1,5467,5459,5460,-1,5467,5460,5468,-1,5468,5460,5461,-1,5468,5461,5469,-1,5469,5461,5465,-1,5469,5465,5470,-1,318,5411,5471,-1,5471,5411,5412,-1,5440,318,5471,-1,5412,5444,5471,-1,5471,5444,5466,-1,5471,5466,5440,-1,5440,5466,5467,-1,5440,5467,5441,-1,5441,5467,5468,-1,5441,5468,5438,-1,5438,5468,5469,-1,5438,5469,5439,-1,5439,5469,5470,-1,5439,5470,5442,-1,5472,5473,316,-1,5474,5475,316,-1,5427,5428,5473,-1,5473,5428,316,-1,5475,5472,316,-1,5476,5477,5478,-1,5479,5430,5429,-1,5430,5479,5431,-1,5431,5479,5480,-1,5431,5480,5432,-1,5432,5480,5481,-1,5432,5481,5433,-1,5433,5481,5482,-1,5433,5482,5434,-1,5434,5482,5435,-1,5435,5482,5483,-1,5435,5483,5436,-1,5436,5483,5437,-1,5437,5483,5484,-1,5437,5484,849,-1,5485,5486,5487,-1,5487,5486,5488,-1,5421,5479,5420,-1,5420,5479,5429,-1,5420,5429,854,-1,5421,5489,5479,-1,5479,5489,5490,-1,5479,5490,5480,-1,5480,5490,5491,-1,5480,5491,5481,-1,5481,5491,5492,-1,5481,5492,5482,-1,5482,5492,5487,-1,5482,5487,5483,-1,5483,5487,5488,-1,5483,5488,5484,-1,5485,5487,5493,-1,5493,5487,5492,-1,5493,5492,5494,-1,5494,5492,5491,-1,5494,5491,5495,-1,5495,5491,5490,-1,5495,5490,5496,-1,5496,5490,5489,-1,5496,5489,5497,-1,5477,5498,5493,-1,5493,5498,5499,-1,5493,5499,5485,-1,5421,5422,5489,-1,5489,5422,5423,-1,5489,5423,5497,-1,5497,5423,5424,-1,5497,5424,5425,-1,5477,5493,5478,-1,5478,5493,5494,-1,5478,5494,5500,-1,5500,5494,5495,-1,5500,5495,5501,-1,5501,5495,5496,-1,5501,5496,5502,-1,5502,5496,5497,-1,5502,5497,5503,-1,5503,5497,5425,-1,5503,5425,5426,-1,316,5504,5505,-1,5505,5504,5476,-1,5474,316,5505,-1,5476,5478,5505,-1,5505,5478,5500,-1,5505,5500,5474,-1,5474,5500,5501,-1,5474,5501,5475,-1,5475,5501,5502,-1,5475,5502,5472,-1,5472,5502,5503,-1,5472,5503,5473,-1,5473,5503,5426,-1,5473,5426,5427,-1,316,318,5504,-1,5504,318,5443,-1,5504,5443,5476,-1,5476,5443,5442,-1,5476,5442,5477,-1,5477,5442,5470,-1,5477,5470,5498,-1,5498,5470,5465,-1,5498,5465,5499,-1,5499,5465,5464,-1,5499,5464,5485,-1,5485,5464,5463,-1,5485,5463,5486,-1,5486,5463,5462,-1,5486,5462,5488,-1,5488,5462,5451,-1,5488,5451,5484,-1,5484,5451,5452,-1,5484,5452,849,-1,849,5452,850,-1,940,372,374,-1,940,374,5506,-1,5506,374,5507,-1,5506,5507,5508,-1,5508,5507,5509,-1,5508,5509,5510,-1,5510,5509,5511,-1,5511,5509,5512,-1,5511,5512,5513,-1,5513,5512,5514,-1,5514,5512,5515,-1,5514,5515,5516,-1,5516,5515,5517,-1,5517,5515,5518,-1,5517,5518,5519,-1,367,365,5518,-1,5518,365,939,-1,5518,939,5519,-1,932,371,369,-1,932,369,5520,-1,5520,369,5521,-1,5520,5521,5522,-1,5522,5521,5523,-1,5522,5523,5524,-1,5524,5523,5525,-1,5525,5523,5526,-1,5525,5526,5527,-1,5527,5526,5528,-1,5528,5526,5529,-1,5528,5529,5530,-1,5530,5529,5531,-1,5531,5529,5532,-1,5531,5532,5533,-1,375,373,5532,-1,5532,373,943,-1,5532,943,5533,-1,939,938,5519,-1,5519,938,5534,-1,5519,5534,5517,-1,5517,5534,5535,-1,5517,5535,5516,-1,5516,5535,5536,-1,5516,5536,5514,-1,5536,5537,5514,-1,5514,5537,5538,-1,5514,5538,5513,-1,5513,5538,5539,-1,5513,5539,5511,-1,5511,5539,5540,-1,5511,5540,5510,-1,5510,5540,5541,-1,5510,5541,5508,-1,5508,5541,5506,-1,5506,5541,940,-1,940,5541,5542,-1,940,5542,941,-1,363,361,5543,-1,942,941,5544,-1,5544,941,5545,-1,5544,5545,5546,-1,5546,5545,5547,-1,5546,5547,5548,-1,5548,5547,5549,-1,5548,5549,5550,-1,5550,5549,5551,-1,5550,5551,5552,-1,5552,5551,5553,-1,5552,5553,5554,-1,5554,5553,5555,-1,5554,5555,5556,-1,5556,5555,5557,-1,5556,5557,5558,-1,5558,5557,5559,-1,5558,5559,5560,-1,5560,5559,5561,-1,5560,5561,5543,-1,5543,5561,5562,-1,5543,5562,363,-1,5528,5530,5563,-1,5563,5530,5531,-1,5563,5531,942,-1,942,5531,5533,-1,942,5533,943,-1,5563,5564,5528,-1,5528,5564,5565,-1,5528,5565,5527,-1,5527,5565,5566,-1,5566,5567,5527,-1,5527,5567,5568,-1,5527,5568,5525,-1,5525,5568,5569,-1,5525,5569,5524,-1,5524,5569,5570,-1,5524,5570,5522,-1,5522,5570,5571,-1,5522,5571,5520,-1,5520,5571,933,-1,5520,933,932,-1,936,364,366,-1,936,366,5572,-1,5572,366,5573,-1,5572,5573,5574,-1,5574,5573,5575,-1,5574,5575,5576,-1,5576,5575,5577,-1,5577,5575,5578,-1,5577,5578,5579,-1,5579,5578,5580,-1,5580,5578,5581,-1,5580,5581,5582,-1,5582,5581,5583,-1,5583,5581,5584,-1,5583,5584,5585,-1,376,378,5584,-1,5584,378,931,-1,5584,931,5585,-1,5586,5587,5588,-1,5589,5590,5591,-1,5592,5593,5594,-1,363,5595,5596,-1,5597,5595,363,-1,5594,5593,363,-1,5598,363,5593,-1,5534,5599,5535,-1,5535,5599,5600,-1,5538,5537,5600,-1,5600,5537,5536,-1,5600,5536,5535,-1,5600,5601,5538,-1,5538,5601,5602,-1,5538,5602,5539,-1,5539,5602,5603,-1,5539,5603,5540,-1,5540,5603,5541,-1,5541,5603,5604,-1,5541,5604,5542,-1,5542,5604,5545,-1,5542,5545,941,-1,5562,5597,363,-1,5605,5606,5592,-1,5592,5606,5607,-1,5592,5607,5593,-1,5593,5607,5608,-1,5593,5608,5598,-1,5609,5596,5610,-1,5610,5596,5595,-1,5610,5595,5611,-1,5611,5595,5597,-1,5611,5597,5612,-1,5590,5605,5591,-1,5591,5605,5592,-1,5591,5592,5613,-1,5613,5592,5594,-1,5613,5594,5614,-1,5614,5594,363,-1,5562,5561,5597,-1,5597,5561,5559,-1,5597,5559,5612,-1,5612,5559,5557,-1,5612,5557,5555,-1,5615,5609,5616,-1,5616,5609,5610,-1,5616,5610,5617,-1,5617,5610,5611,-1,5617,5611,5618,-1,5618,5611,5612,-1,5618,5612,5619,-1,5619,5612,5555,-1,5588,5615,5620,-1,5620,5615,5616,-1,5620,5616,5621,-1,5621,5616,5617,-1,5621,5617,5622,-1,5622,5617,5618,-1,5622,5618,5623,-1,5623,5618,5619,-1,5623,5619,5624,-1,5587,5589,5588,-1,5588,5589,5591,-1,5588,5591,5615,-1,5615,5591,5613,-1,5615,5613,5609,-1,5609,5613,5614,-1,5609,5614,5596,-1,5596,5614,363,-1,5534,938,5599,-1,5599,938,5625,-1,5599,5625,5586,-1,5555,5553,5619,-1,5619,5553,5551,-1,5619,5551,5624,-1,5624,5551,5549,-1,5624,5549,5547,-1,5586,5588,5599,-1,5599,5588,5620,-1,5599,5620,5600,-1,5600,5620,5621,-1,5600,5621,5601,-1,5601,5621,5622,-1,5601,5622,5602,-1,5602,5622,5623,-1,5602,5623,5603,-1,5603,5623,5624,-1,5603,5624,5604,-1,5604,5624,5547,-1,5604,5547,5545,-1,5550,5552,5626,-1,5627,5628,5629,-1,361,5630,5631,-1,5632,5630,361,-1,5629,5628,361,-1,5543,361,5628,-1,5633,5564,5563,-1,5564,5633,5565,-1,5565,5633,5634,-1,5565,5634,5566,-1,5566,5634,5635,-1,5566,5635,5567,-1,5567,5635,5636,-1,5567,5636,5568,-1,5568,5636,5569,-1,5569,5636,5637,-1,5569,5637,5570,-1,5570,5637,5571,-1,5571,5637,5638,-1,5571,5638,933,-1,5639,5632,361,-1,5554,5556,5627,-1,5627,5556,5558,-1,5627,5558,5628,-1,5628,5558,5560,-1,5628,5560,5543,-1,5640,5631,5641,-1,5641,5631,5630,-1,5641,5630,5642,-1,5642,5630,5632,-1,5642,5632,5643,-1,5639,5644,5632,-1,5632,5644,5645,-1,5632,5645,5643,-1,5643,5645,5646,-1,5643,5646,5647,-1,5626,5640,5648,-1,5648,5640,5641,-1,5648,5641,5649,-1,5649,5641,5642,-1,5649,5642,5650,-1,5650,5642,5643,-1,5650,5643,5651,-1,5651,5643,5647,-1,5546,5548,5652,-1,5652,5548,5550,-1,5550,5626,5652,-1,5652,5626,5648,-1,5652,5648,5653,-1,5653,5648,5649,-1,5653,5649,5654,-1,5654,5649,5650,-1,5654,5650,5655,-1,5655,5650,5651,-1,5655,5651,5656,-1,5552,5554,5626,-1,5626,5554,5627,-1,5626,5627,5640,-1,5640,5627,5629,-1,5640,5629,5631,-1,5631,5629,361,-1,5546,5633,5544,-1,5544,5633,5563,-1,5544,5563,942,-1,5647,5657,5651,-1,5651,5657,5658,-1,5651,5658,5656,-1,5656,5658,5659,-1,5656,5659,5660,-1,5546,5652,5633,-1,5633,5652,5653,-1,5633,5653,5634,-1,5634,5653,5654,-1,5634,5654,5635,-1,5635,5654,5655,-1,5635,5655,5636,-1,5636,5655,5656,-1,5636,5656,5637,-1,5637,5656,5660,-1,5637,5660,5638,-1,928,379,377,-1,928,377,5661,-1,5661,377,5662,-1,5661,5662,5663,-1,5663,5662,5664,-1,5663,5664,5665,-1,5665,5664,5666,-1,5666,5664,5667,-1,5666,5667,5668,-1,5668,5667,5669,-1,5669,5667,5670,-1,5669,5670,5671,-1,5671,5670,5672,-1,5672,5670,5673,-1,5672,5673,5674,-1,368,370,5673,-1,5673,370,935,-1,5673,935,5674,-1,931,930,5585,-1,5585,930,5675,-1,5585,5675,5583,-1,5583,5675,5676,-1,5583,5676,5582,-1,5582,5676,5677,-1,5582,5677,5580,-1,5677,5678,5580,-1,5580,5678,5679,-1,5580,5679,5579,-1,5579,5679,5680,-1,5579,5680,5577,-1,5577,5680,5681,-1,5577,5681,5576,-1,5576,5681,5682,-1,5576,5682,5574,-1,5574,5682,5572,-1,5572,5682,936,-1,936,5682,5683,-1,936,5683,937,-1,362,363,5598,-1,938,937,5625,-1,5625,937,5684,-1,5625,5684,5586,-1,5586,5684,5685,-1,5586,5685,5587,-1,5587,5685,5686,-1,5587,5686,5589,-1,5589,5686,5687,-1,5589,5687,5590,-1,5590,5687,5688,-1,5590,5688,5605,-1,5605,5688,5689,-1,5605,5689,5606,-1,5606,5689,5690,-1,5606,5690,5607,-1,5607,5690,5691,-1,5607,5691,5608,-1,5608,5691,5692,-1,5608,5692,5598,-1,5598,5692,5693,-1,5598,5693,362,-1,934,933,5694,-1,5694,933,5638,-1,5694,5638,5695,-1,5695,5638,5660,-1,5695,5660,5696,-1,5696,5660,5659,-1,5696,5659,5697,-1,5697,5659,5658,-1,5697,5658,5698,-1,5698,5658,5657,-1,5698,5657,5699,-1,5699,5657,5647,-1,5699,5647,5700,-1,5700,5647,5646,-1,5700,5646,5701,-1,5701,5646,5645,-1,5701,5645,5702,-1,5702,5645,5644,-1,5702,5644,5703,-1,5644,5639,5703,-1,5703,5639,361,-1,5703,361,360,-1,5669,5671,5704,-1,5704,5671,5672,-1,5704,5672,934,-1,934,5672,5674,-1,934,5674,935,-1,5704,5705,5669,-1,5669,5705,5706,-1,5669,5706,5668,-1,5668,5706,5707,-1,5707,5708,5668,-1,5668,5708,5709,-1,5668,5709,5666,-1,5666,5709,5710,-1,5666,5710,5665,-1,5665,5710,5711,-1,5665,5711,5663,-1,5663,5711,5712,-1,5663,5712,5661,-1,5661,5712,929,-1,5661,929,928,-1,5713,5714,5715,-1,5716,5717,5718,-1,5719,5720,5721,-1,362,5722,5723,-1,5724,5722,362,-1,5721,5720,362,-1,5725,362,5720,-1,5675,5726,5676,-1,5676,5726,5727,-1,5679,5678,5727,-1,5727,5678,5677,-1,5727,5677,5676,-1,5727,5728,5679,-1,5679,5728,5729,-1,5679,5729,5680,-1,5680,5729,5730,-1,5680,5730,5681,-1,5681,5730,5682,-1,5682,5730,5731,-1,5682,5731,5683,-1,5683,5731,5684,-1,5683,5684,937,-1,5693,5724,362,-1,5732,5733,5719,-1,5719,5733,5734,-1,5719,5734,5720,-1,5720,5734,5735,-1,5720,5735,5725,-1,5736,5723,5737,-1,5737,5723,5722,-1,5737,5722,5738,-1,5738,5722,5724,-1,5738,5724,5739,-1,5717,5732,5718,-1,5718,5732,5719,-1,5718,5719,5740,-1,5740,5719,5721,-1,5740,5721,5741,-1,5741,5721,362,-1,5693,5692,5724,-1,5724,5692,5691,-1,5724,5691,5739,-1,5739,5691,5690,-1,5739,5690,5689,-1,5742,5736,5743,-1,5743,5736,5737,-1,5743,5737,5744,-1,5744,5737,5738,-1,5744,5738,5745,-1,5745,5738,5739,-1,5745,5739,5746,-1,5746,5739,5689,-1,5715,5742,5747,-1,5747,5742,5743,-1,5747,5743,5748,-1,5748,5743,5744,-1,5748,5744,5749,-1,5749,5744,5745,-1,5749,5745,5750,-1,5750,5745,5746,-1,5750,5746,5751,-1,5714,5716,5715,-1,5715,5716,5718,-1,5715,5718,5742,-1,5742,5718,5740,-1,5742,5740,5736,-1,5736,5740,5741,-1,5736,5741,5723,-1,5723,5741,362,-1,5675,930,5726,-1,5726,930,5752,-1,5726,5752,5713,-1,5689,5688,5746,-1,5746,5688,5687,-1,5746,5687,5751,-1,5751,5687,5686,-1,5751,5686,5685,-1,5713,5715,5726,-1,5726,5715,5747,-1,5726,5747,5727,-1,5727,5747,5748,-1,5727,5748,5728,-1,5728,5748,5749,-1,5728,5749,5729,-1,5729,5749,5750,-1,5729,5750,5730,-1,5730,5750,5751,-1,5730,5751,5731,-1,5731,5751,5685,-1,5731,5685,5684,-1,5697,5698,5753,-1,5754,5755,5756,-1,360,5757,5758,-1,5759,5757,360,-1,5756,5755,360,-1,5703,360,5755,-1,5760,5705,5704,-1,5705,5760,5706,-1,5706,5760,5761,-1,5706,5761,5707,-1,5707,5761,5762,-1,5707,5762,5708,-1,5708,5762,5763,-1,5708,5763,5709,-1,5709,5763,5710,-1,5710,5763,5764,-1,5710,5764,5711,-1,5711,5764,5712,-1,5712,5764,5765,-1,5712,5765,929,-1,5766,5759,360,-1,5699,5700,5754,-1,5754,5700,5701,-1,5754,5701,5755,-1,5755,5701,5702,-1,5755,5702,5703,-1,5767,5758,5768,-1,5768,5758,5757,-1,5768,5757,5769,-1,5769,5757,5759,-1,5769,5759,5770,-1,5766,5771,5759,-1,5759,5771,5772,-1,5759,5772,5770,-1,5770,5772,5773,-1,5770,5773,5774,-1,5753,5767,5775,-1,5775,5767,5768,-1,5775,5768,5776,-1,5776,5768,5769,-1,5776,5769,5777,-1,5777,5769,5770,-1,5777,5770,5778,-1,5778,5770,5774,-1,5695,5696,5779,-1,5779,5696,5697,-1,5697,5753,5779,-1,5779,5753,5775,-1,5779,5775,5780,-1,5780,5775,5776,-1,5780,5776,5781,-1,5781,5776,5777,-1,5781,5777,5782,-1,5782,5777,5778,-1,5782,5778,5783,-1,5698,5699,5753,-1,5753,5699,5754,-1,5753,5754,5767,-1,5767,5754,5756,-1,5767,5756,5758,-1,5758,5756,360,-1,5695,5760,5694,-1,5694,5760,5704,-1,5694,5704,934,-1,5774,5784,5778,-1,5778,5784,5785,-1,5778,5785,5783,-1,5783,5785,5786,-1,5783,5786,5787,-1,5695,5779,5760,-1,5760,5779,5780,-1,5760,5780,5761,-1,5761,5780,5781,-1,5761,5781,5762,-1,5762,5781,5782,-1,5762,5782,5763,-1,5763,5782,5783,-1,5763,5783,5764,-1,5764,5783,5787,-1,5764,5787,5765,-1,930,929,5752,-1,5752,929,5765,-1,5752,5765,5713,-1,5713,5765,5787,-1,5713,5787,5714,-1,5714,5787,5786,-1,5714,5786,5716,-1,5716,5786,5785,-1,5716,5785,5717,-1,5717,5785,5784,-1,5717,5784,5732,-1,5732,5784,5774,-1,5732,5774,5733,-1,5733,5774,5773,-1,5733,5773,5734,-1,5734,5773,5772,-1,5734,5772,5735,-1,5735,5772,5771,-1,5735,5771,5725,-1,5771,5766,5725,-1,5725,5766,360,-1,5725,360,362,-1,956,336,338,-1,956,338,5788,-1,5788,338,5789,-1,5788,5789,5790,-1,5790,5789,5791,-1,5790,5791,5792,-1,5792,5791,5793,-1,5793,5791,5794,-1,5793,5794,5795,-1,5795,5794,5796,-1,5796,5794,5797,-1,5796,5797,5798,-1,5798,5797,5799,-1,5799,5797,5800,-1,5799,5800,5801,-1,328,330,5800,-1,5800,330,955,-1,5800,955,5801,-1,948,324,326,-1,948,326,5802,-1,5802,326,5803,-1,5802,5803,5804,-1,5804,5803,5805,-1,5804,5805,5806,-1,5806,5805,5807,-1,5807,5805,5808,-1,5807,5808,5809,-1,5809,5808,5810,-1,5810,5808,5811,-1,5810,5811,5812,-1,5812,5811,5813,-1,5813,5811,5814,-1,5813,5814,5815,-1,339,337,5814,-1,5814,337,959,-1,5814,959,5815,-1,955,954,5801,-1,5801,954,5816,-1,5801,5816,5799,-1,5799,5816,5817,-1,5799,5817,5798,-1,5798,5817,5818,-1,5798,5818,5796,-1,5818,5819,5796,-1,5796,5819,5820,-1,5796,5820,5795,-1,5795,5820,5821,-1,5795,5821,5793,-1,5793,5821,5822,-1,5793,5822,5792,-1,5792,5822,5823,-1,957,956,5824,-1,5824,956,5788,-1,5824,5788,5823,-1,5823,5788,5790,-1,5823,5790,5792,-1,958,957,5825,-1,5825,957,5826,-1,5825,5826,5827,-1,5827,5826,5828,-1,5827,5828,5829,-1,5829,5828,5830,-1,5829,5830,5831,-1,5831,5830,5832,-1,5831,5832,5833,-1,5833,5832,5834,-1,5833,5834,5835,-1,5835,5834,5836,-1,5835,5836,5837,-1,5837,5836,5838,-1,5837,5838,5839,-1,5839,5838,5840,-1,5839,5840,5841,-1,5841,5840,5842,-1,5841,5842,5843,-1,5842,5844,5843,-1,5843,5844,323,-1,5843,323,321,-1,5810,5812,5845,-1,5845,5812,5813,-1,5845,5813,958,-1,958,5813,5815,-1,958,5815,959,-1,5845,5846,5810,-1,5810,5846,5847,-1,5810,5847,5809,-1,5809,5847,5848,-1,5848,5849,5809,-1,5809,5849,5850,-1,5809,5850,5807,-1,5807,5850,5851,-1,5807,5851,5806,-1,5806,5851,5852,-1,5806,5852,5804,-1,5804,5852,5853,-1,5804,5853,5802,-1,5802,5853,949,-1,5802,949,948,-1,952,331,329,-1,952,329,5854,-1,5854,329,5855,-1,5854,5855,5856,-1,5856,5855,5857,-1,5856,5857,5858,-1,5858,5857,5859,-1,5859,5857,5860,-1,5859,5860,5861,-1,5861,5860,5862,-1,5862,5860,5863,-1,5862,5863,5864,-1,5864,5863,5865,-1,5865,5863,5866,-1,5865,5866,5867,-1,332,334,5866,-1,5866,334,947,-1,5866,947,5867,-1,5868,5869,5870,-1,5871,5872,5873,-1,5874,5875,5876,-1,323,5877,5878,-1,5879,5877,323,-1,5876,5875,323,-1,5880,323,5875,-1,5816,5881,5817,-1,5817,5881,5882,-1,5820,5819,5882,-1,5882,5819,5818,-1,5882,5818,5817,-1,5882,5883,5820,-1,5820,5883,5884,-1,5820,5884,5821,-1,5821,5884,5885,-1,5821,5885,5822,-1,5822,5885,5823,-1,5823,5885,5886,-1,5823,5886,5824,-1,5824,5886,5826,-1,5824,5826,957,-1,5844,5879,323,-1,5887,5888,5874,-1,5874,5888,5889,-1,5874,5889,5875,-1,5875,5889,5890,-1,5875,5890,5880,-1,5891,5878,5892,-1,5892,5878,5877,-1,5892,5877,5893,-1,5893,5877,5879,-1,5893,5879,5894,-1,5872,5887,5873,-1,5873,5887,5874,-1,5873,5874,5895,-1,5895,5874,5876,-1,5895,5876,5896,-1,5896,5876,323,-1,5844,5842,5879,-1,5879,5842,5840,-1,5879,5840,5894,-1,5894,5840,5838,-1,5894,5838,5836,-1,5897,5891,5898,-1,5898,5891,5892,-1,5898,5892,5899,-1,5899,5892,5893,-1,5899,5893,5900,-1,5900,5893,5894,-1,5900,5894,5901,-1,5901,5894,5836,-1,5870,5897,5902,-1,5902,5897,5898,-1,5902,5898,5903,-1,5903,5898,5899,-1,5903,5899,5904,-1,5904,5899,5900,-1,5904,5900,5905,-1,5905,5900,5901,-1,5905,5901,5906,-1,5869,5871,5870,-1,5870,5871,5873,-1,5870,5873,5897,-1,5897,5873,5895,-1,5897,5895,5891,-1,5891,5895,5896,-1,5891,5896,5878,-1,5878,5896,323,-1,5816,954,5881,-1,5881,954,5907,-1,5881,5907,5868,-1,5836,5834,5901,-1,5901,5834,5832,-1,5901,5832,5906,-1,5906,5832,5830,-1,5906,5830,5828,-1,5868,5870,5881,-1,5881,5870,5902,-1,5881,5902,5882,-1,5882,5902,5903,-1,5882,5903,5883,-1,5883,5903,5904,-1,5883,5904,5884,-1,5884,5904,5905,-1,5884,5905,5885,-1,5885,5905,5906,-1,5885,5906,5886,-1,5886,5906,5828,-1,5886,5828,5826,-1,5831,5833,5908,-1,5909,5910,5911,-1,321,5912,5913,-1,5914,5912,321,-1,5911,5910,321,-1,5843,321,5910,-1,5915,5846,5845,-1,5846,5915,5847,-1,5847,5915,5916,-1,5847,5916,5848,-1,5848,5916,5917,-1,5848,5917,5849,-1,5849,5917,5918,-1,5849,5918,5850,-1,5850,5918,5851,-1,5851,5918,5919,-1,5851,5919,5852,-1,5852,5919,5853,-1,5853,5919,5920,-1,5853,5920,949,-1,5921,5914,321,-1,5835,5837,5909,-1,5909,5837,5839,-1,5909,5839,5910,-1,5910,5839,5841,-1,5910,5841,5843,-1,5922,5913,5923,-1,5923,5913,5912,-1,5923,5912,5924,-1,5924,5912,5914,-1,5924,5914,5925,-1,5921,5926,5914,-1,5914,5926,5927,-1,5914,5927,5925,-1,5925,5927,5928,-1,5925,5928,5929,-1,5908,5922,5930,-1,5930,5922,5923,-1,5930,5923,5931,-1,5931,5923,5924,-1,5931,5924,5932,-1,5932,5924,5925,-1,5932,5925,5933,-1,5933,5925,5929,-1,5827,5829,5934,-1,5934,5829,5831,-1,5831,5908,5934,-1,5934,5908,5930,-1,5934,5930,5935,-1,5935,5930,5931,-1,5935,5931,5936,-1,5936,5931,5932,-1,5936,5932,5937,-1,5937,5932,5933,-1,5937,5933,5938,-1,5833,5835,5908,-1,5908,5835,5909,-1,5908,5909,5922,-1,5922,5909,5911,-1,5922,5911,5913,-1,5913,5911,321,-1,5827,5915,5825,-1,5825,5915,5845,-1,5825,5845,958,-1,5929,5939,5933,-1,5933,5939,5940,-1,5933,5940,5938,-1,5938,5940,5941,-1,5938,5941,5942,-1,5827,5934,5915,-1,5915,5934,5935,-1,5915,5935,5916,-1,5916,5935,5936,-1,5916,5936,5917,-1,5917,5936,5937,-1,5917,5937,5918,-1,5918,5937,5938,-1,5918,5938,5919,-1,5919,5938,5942,-1,5919,5942,5920,-1,944,335,333,-1,944,333,5943,-1,5943,333,5944,-1,5943,5944,5945,-1,5945,5944,5946,-1,5945,5946,5947,-1,5947,5946,5948,-1,5948,5946,5949,-1,5948,5949,5950,-1,5950,5949,5951,-1,5951,5949,5952,-1,5951,5952,5953,-1,5953,5952,5954,-1,5954,5952,5955,-1,5954,5955,5956,-1,327,325,5955,-1,5955,325,951,-1,5955,951,5956,-1,947,946,5867,-1,5867,946,5957,-1,5867,5957,5865,-1,5865,5957,5958,-1,5865,5958,5864,-1,5864,5958,5959,-1,5864,5959,5862,-1,5959,5960,5862,-1,5862,5960,5961,-1,5862,5961,5861,-1,5861,5961,5962,-1,5861,5962,5859,-1,5859,5962,5963,-1,5859,5963,5858,-1,5858,5963,5964,-1,5858,5964,5856,-1,5856,5964,5854,-1,5854,5964,952,-1,952,5964,5965,-1,952,5965,953,-1,322,323,5880,-1,954,953,5907,-1,5907,953,5966,-1,5907,5966,5868,-1,5868,5966,5967,-1,5868,5967,5869,-1,5869,5967,5968,-1,5869,5968,5871,-1,5871,5968,5969,-1,5871,5969,5872,-1,5872,5969,5970,-1,5872,5970,5887,-1,5887,5970,5971,-1,5887,5971,5888,-1,5888,5971,5972,-1,5888,5972,5889,-1,5889,5972,5973,-1,5889,5973,5890,-1,5890,5973,5974,-1,5890,5974,5880,-1,5880,5974,5975,-1,5880,5975,322,-1,950,949,5976,-1,5976,949,5920,-1,5976,5920,5977,-1,5977,5920,5942,-1,5977,5942,5978,-1,5978,5942,5941,-1,5978,5941,5979,-1,5979,5941,5940,-1,5979,5940,5980,-1,5980,5940,5939,-1,5980,5939,5981,-1,5981,5939,5929,-1,5981,5929,5982,-1,5982,5929,5928,-1,5982,5928,5983,-1,5983,5928,5927,-1,5983,5927,5984,-1,5984,5927,5926,-1,5984,5926,5985,-1,5926,5921,5985,-1,5985,5921,321,-1,5985,321,320,-1,5951,5953,5986,-1,5986,5953,5954,-1,5986,5954,950,-1,950,5954,5956,-1,950,5956,951,-1,5986,5987,5951,-1,5951,5987,5988,-1,5951,5988,5950,-1,5950,5988,5989,-1,5989,5990,5950,-1,5950,5990,5991,-1,5950,5991,5948,-1,5948,5991,5992,-1,5948,5992,5947,-1,5947,5992,5993,-1,5947,5993,5945,-1,5945,5993,5994,-1,5945,5994,5943,-1,5943,5994,945,-1,5943,945,944,-1,5995,5996,5997,-1,5998,5999,6000,-1,6001,6002,6003,-1,322,6004,6005,-1,6006,6004,322,-1,6003,6002,322,-1,6007,322,6002,-1,5957,6008,5958,-1,5958,6008,6009,-1,5961,5960,6009,-1,6009,5960,5959,-1,6009,5959,5958,-1,6009,6010,5961,-1,5961,6010,6011,-1,5961,6011,5962,-1,5962,6011,6012,-1,5962,6012,5963,-1,5963,6012,5964,-1,5964,6012,6013,-1,5964,6013,5965,-1,5965,6013,5966,-1,5965,5966,953,-1,5975,6006,322,-1,6014,6015,6001,-1,6001,6015,6016,-1,6001,6016,6002,-1,6002,6016,6017,-1,6002,6017,6007,-1,6018,6005,6019,-1,6019,6005,6004,-1,6019,6004,6020,-1,6020,6004,6006,-1,6020,6006,6021,-1,5999,6014,6000,-1,6000,6014,6001,-1,6000,6001,6022,-1,6022,6001,6003,-1,6022,6003,6023,-1,6023,6003,322,-1,5975,5974,6006,-1,6006,5974,5973,-1,6006,5973,6021,-1,6021,5973,5972,-1,6021,5972,5971,-1,6024,6018,6025,-1,6025,6018,6019,-1,6025,6019,6026,-1,6026,6019,6020,-1,6026,6020,6027,-1,6027,6020,6021,-1,6027,6021,6028,-1,6028,6021,5971,-1,5997,6024,6029,-1,6029,6024,6025,-1,6029,6025,6030,-1,6030,6025,6026,-1,6030,6026,6031,-1,6031,6026,6027,-1,6031,6027,6032,-1,6032,6027,6028,-1,6032,6028,6033,-1,5996,5998,5997,-1,5997,5998,6000,-1,5997,6000,6024,-1,6024,6000,6022,-1,6024,6022,6018,-1,6018,6022,6023,-1,6018,6023,6005,-1,6005,6023,322,-1,5957,946,6008,-1,6008,946,6034,-1,6008,6034,5995,-1,5971,5970,6028,-1,6028,5970,5969,-1,6028,5969,6033,-1,6033,5969,5968,-1,6033,5968,5967,-1,5995,5997,6008,-1,6008,5997,6029,-1,6008,6029,6009,-1,6009,6029,6030,-1,6009,6030,6010,-1,6010,6030,6031,-1,6010,6031,6011,-1,6011,6031,6032,-1,6011,6032,6012,-1,6012,6032,6033,-1,6012,6033,6013,-1,6013,6033,5967,-1,6013,5967,5966,-1,5979,5980,6035,-1,6036,6037,6038,-1,320,6039,6040,-1,6041,6039,320,-1,6038,6037,320,-1,5985,320,6037,-1,6042,5987,5986,-1,5987,6042,5988,-1,5988,6042,6043,-1,5988,6043,5989,-1,5989,6043,6044,-1,5989,6044,5990,-1,5990,6044,6045,-1,5990,6045,5991,-1,5991,6045,5992,-1,5992,6045,6046,-1,5992,6046,5993,-1,5993,6046,5994,-1,5994,6046,6047,-1,5994,6047,945,-1,6048,6041,320,-1,5981,5982,6036,-1,6036,5982,5983,-1,6036,5983,6037,-1,6037,5983,5984,-1,6037,5984,5985,-1,6049,6040,6050,-1,6050,6040,6039,-1,6050,6039,6051,-1,6051,6039,6041,-1,6051,6041,6052,-1,6048,6053,6041,-1,6041,6053,6054,-1,6041,6054,6052,-1,6052,6054,6055,-1,6052,6055,6056,-1,6035,6049,6057,-1,6057,6049,6050,-1,6057,6050,6058,-1,6058,6050,6051,-1,6058,6051,6059,-1,6059,6051,6052,-1,6059,6052,6060,-1,6060,6052,6056,-1,5977,5978,6061,-1,6061,5978,5979,-1,5979,6035,6061,-1,6061,6035,6057,-1,6061,6057,6062,-1,6062,6057,6058,-1,6062,6058,6063,-1,6063,6058,6059,-1,6063,6059,6064,-1,6064,6059,6060,-1,6064,6060,6065,-1,5980,5981,6035,-1,6035,5981,6036,-1,6035,6036,6049,-1,6049,6036,6038,-1,6049,6038,6040,-1,6040,6038,320,-1,5977,6042,5976,-1,5976,6042,5986,-1,5976,5986,950,-1,6056,6066,6060,-1,6060,6066,6067,-1,6060,6067,6065,-1,6065,6067,6068,-1,6065,6068,6069,-1,5977,6061,6042,-1,6042,6061,6062,-1,6042,6062,6043,-1,6043,6062,6063,-1,6043,6063,6044,-1,6044,6063,6064,-1,6044,6064,6045,-1,6045,6064,6065,-1,6045,6065,6046,-1,6046,6065,6069,-1,6046,6069,6047,-1,320,322,6007,-1,946,945,6034,-1,6034,945,6047,-1,6034,6047,5995,-1,5995,6047,6069,-1,5995,6069,5996,-1,5996,6069,6068,-1,5996,6068,5998,-1,5998,6068,6067,-1,5998,6067,5999,-1,5999,6067,6066,-1,5999,6066,6014,-1,6014,6066,6056,-1,6014,6056,6015,-1,6015,6056,6055,-1,6015,6055,6016,-1,6016,6055,6054,-1,6016,6054,6017,-1,6017,6054,6053,-1,6017,6053,6007,-1,6007,6053,6048,-1,6007,6048,320,-1,908,344,346,-1,908,346,6070,-1,6070,346,6071,-1,6070,6071,6072,-1,6072,6071,6073,-1,6072,6073,6074,-1,6074,6073,6075,-1,6075,6073,6076,-1,6075,6076,6077,-1,6077,6076,6078,-1,6078,6076,6079,-1,6078,6079,6080,-1,6080,6079,6081,-1,6081,6079,6082,-1,6081,6082,6083,-1,355,353,6082,-1,6082,353,907,-1,6082,907,6083,-1,900,351,349,-1,900,349,6084,-1,6084,349,6085,-1,6084,6085,6086,-1,6086,6085,6087,-1,6086,6087,6088,-1,6088,6087,6089,-1,6089,6087,6090,-1,6089,6090,6091,-1,6091,6090,6092,-1,6092,6090,6093,-1,6092,6093,6094,-1,6094,6093,6095,-1,6095,6093,6096,-1,6095,6096,6097,-1,347,345,6096,-1,6096,345,911,-1,6096,911,6097,-1,6078,6080,6098,-1,6098,6080,6081,-1,6098,6081,906,-1,906,6081,6083,-1,906,6083,907,-1,6098,6099,6078,-1,6078,6099,6100,-1,6078,6100,6077,-1,6077,6100,6101,-1,6101,6102,6077,-1,6077,6102,6103,-1,6077,6103,6075,-1,6075,6103,6104,-1,6075,6104,6074,-1,6074,6104,6105,-1,6074,6105,6072,-1,6072,6105,6106,-1,6072,6106,6070,-1,6070,6106,909,-1,6070,909,908,-1,359,357,6107,-1,6107,357,6108,-1,6107,6108,6109,-1,6109,6108,6110,-1,6109,6110,6111,-1,6111,6110,6112,-1,6111,6112,6113,-1,6113,6112,6114,-1,6113,6114,6115,-1,6115,6114,6116,-1,6115,6116,6117,-1,6117,6116,6118,-1,6117,6118,6119,-1,6119,6118,6120,-1,6119,6120,6121,-1,6121,6120,6122,-1,6121,6122,6123,-1,6123,6122,6124,-1,6123,6124,909,-1,909,6124,910,-1,6092,6094,6125,-1,6125,6094,6095,-1,6125,6095,910,-1,910,6095,6097,-1,910,6097,911,-1,6125,6126,6092,-1,6092,6126,6127,-1,6092,6127,6091,-1,6091,6127,6128,-1,6128,6129,6091,-1,6091,6129,6130,-1,6091,6130,6089,-1,6089,6130,6131,-1,6089,6131,6088,-1,6088,6131,6132,-1,6088,6132,6086,-1,6086,6132,6133,-1,6086,6133,6084,-1,6084,6133,901,-1,6084,901,900,-1,904,352,354,-1,904,354,6134,-1,6134,354,6135,-1,6134,6135,6136,-1,6136,6135,6137,-1,6136,6137,6138,-1,6138,6137,6139,-1,6139,6137,6140,-1,6139,6140,6141,-1,6141,6140,6142,-1,6142,6140,6143,-1,6142,6143,6144,-1,6144,6143,6145,-1,6145,6143,6146,-1,6145,6146,6147,-1,340,342,6146,-1,6146,342,899,-1,6146,899,6147,-1,6148,6149,359,-1,6150,6151,359,-1,6152,6153,6149,-1,6149,6153,359,-1,6151,6148,359,-1,6109,6111,6154,-1,6155,6099,6098,-1,6099,6155,6100,-1,6100,6155,6156,-1,6100,6156,6101,-1,6101,6156,6157,-1,6101,6157,6102,-1,6102,6157,6158,-1,6102,6158,6103,-1,6103,6158,6104,-1,6104,6158,6159,-1,6104,6159,6105,-1,6105,6159,6106,-1,6106,6159,6123,-1,6106,6123,909,-1,6117,6119,6160,-1,6160,6119,6121,-1,6161,6155,6162,-1,6162,6155,6098,-1,6162,6098,906,-1,6161,6163,6155,-1,6155,6163,6164,-1,6155,6164,6156,-1,6156,6164,6165,-1,6156,6165,6157,-1,6157,6165,6166,-1,6157,6166,6158,-1,6158,6166,6160,-1,6158,6160,6159,-1,6159,6160,6121,-1,6159,6121,6123,-1,6117,6160,6167,-1,6167,6160,6166,-1,6167,6166,6168,-1,6168,6166,6165,-1,6168,6165,6169,-1,6169,6165,6164,-1,6169,6164,6170,-1,6170,6164,6163,-1,6170,6163,6171,-1,6111,6113,6167,-1,6167,6113,6115,-1,6167,6115,6117,-1,6161,6172,6163,-1,6163,6172,6173,-1,6163,6173,6171,-1,6171,6173,6174,-1,6171,6174,6175,-1,6111,6167,6154,-1,6154,6167,6168,-1,6154,6168,6176,-1,6176,6168,6169,-1,6176,6169,6177,-1,6177,6169,6170,-1,6177,6170,6178,-1,6178,6170,6171,-1,6178,6171,6179,-1,6179,6171,6175,-1,6179,6175,6180,-1,359,6107,6181,-1,6181,6107,6109,-1,6150,359,6181,-1,6109,6154,6181,-1,6181,6154,6176,-1,6181,6176,6150,-1,6150,6176,6177,-1,6150,6177,6151,-1,6151,6177,6178,-1,6151,6178,6148,-1,6148,6178,6179,-1,6148,6179,6149,-1,6149,6179,6180,-1,6149,6180,6152,-1,6182,6183,357,-1,6184,6185,357,-1,6110,6108,6183,-1,6183,6108,357,-1,6185,6182,357,-1,6186,6187,6188,-1,6189,6126,6125,-1,6126,6189,6127,-1,6127,6189,6190,-1,6127,6190,6128,-1,6128,6190,6191,-1,6128,6191,6129,-1,6129,6191,6192,-1,6129,6192,6130,-1,6130,6192,6131,-1,6131,6192,6193,-1,6131,6193,6132,-1,6132,6193,6133,-1,6133,6193,6194,-1,6133,6194,901,-1,6195,6196,6197,-1,6197,6196,6198,-1,6122,6189,6124,-1,6124,6189,6125,-1,6124,6125,910,-1,6122,6199,6189,-1,6189,6199,6200,-1,6189,6200,6190,-1,6190,6200,6201,-1,6190,6201,6191,-1,6191,6201,6202,-1,6191,6202,6192,-1,6192,6202,6197,-1,6192,6197,6193,-1,6193,6197,6198,-1,6193,6198,6194,-1,6195,6197,6203,-1,6203,6197,6202,-1,6203,6202,6204,-1,6204,6202,6201,-1,6204,6201,6205,-1,6205,6201,6200,-1,6205,6200,6206,-1,6206,6200,6199,-1,6206,6199,6207,-1,6187,6208,6203,-1,6203,6208,6209,-1,6203,6209,6195,-1,6122,6120,6199,-1,6199,6120,6118,-1,6199,6118,6207,-1,6207,6118,6116,-1,6207,6116,6114,-1,6187,6203,6188,-1,6188,6203,6204,-1,6188,6204,6210,-1,6210,6204,6205,-1,6210,6205,6211,-1,6211,6205,6206,-1,6211,6206,6212,-1,6212,6206,6207,-1,6212,6207,6213,-1,6213,6207,6114,-1,6213,6114,6112,-1,357,6214,6215,-1,6215,6214,6186,-1,6184,357,6215,-1,6186,6188,6215,-1,6215,6188,6210,-1,6215,6210,6184,-1,6184,6210,6211,-1,6184,6211,6185,-1,6185,6211,6212,-1,6185,6212,6182,-1,6182,6212,6213,-1,6182,6213,6183,-1,6183,6213,6112,-1,6183,6112,6110,-1,896,343,341,-1,896,341,6216,-1,6216,341,6217,-1,6216,6217,6218,-1,6218,6217,6219,-1,6218,6219,6220,-1,6220,6219,6221,-1,6221,6219,6222,-1,6221,6222,6223,-1,6223,6222,6224,-1,6224,6222,6225,-1,6224,6225,6226,-1,6226,6225,6227,-1,6227,6225,6228,-1,6227,6228,6229,-1,348,350,6228,-1,6228,350,903,-1,6228,903,6229,-1,6142,6144,6230,-1,6230,6144,6145,-1,6230,6145,898,-1,898,6145,6147,-1,898,6147,899,-1,6230,6231,6142,-1,6142,6231,6232,-1,6142,6232,6141,-1,6141,6232,6233,-1,6233,6234,6141,-1,6141,6234,6235,-1,6141,6235,6139,-1,6139,6235,6236,-1,6139,6236,6138,-1,6138,6236,6237,-1,6138,6237,6136,-1,6136,6237,6238,-1,6136,6238,6134,-1,6134,6238,905,-1,6134,905,904,-1,358,359,6239,-1,6239,359,6153,-1,6239,6153,6240,-1,6240,6153,6152,-1,6240,6152,6241,-1,6241,6152,6180,-1,6241,6180,6242,-1,6242,6180,6175,-1,6242,6175,6243,-1,6243,6175,6174,-1,6243,6174,6244,-1,6244,6174,6173,-1,6244,6173,6245,-1,6245,6173,6172,-1,6245,6172,6246,-1,6246,6172,6161,-1,6246,6161,6247,-1,6247,6161,6162,-1,6247,6162,905,-1,905,6162,906,-1,902,901,6248,-1,6248,901,6194,-1,6248,6194,6249,-1,6249,6194,6198,-1,6249,6198,6250,-1,6250,6198,6196,-1,6250,6196,6251,-1,6251,6196,6195,-1,6251,6195,6252,-1,6252,6195,6209,-1,6252,6209,6253,-1,6253,6209,6208,-1,6253,6208,6254,-1,6254,6208,6187,-1,6254,6187,6255,-1,6255,6187,6186,-1,6255,6186,6256,-1,6256,6186,6214,-1,6256,6214,356,-1,356,6214,357,-1,6224,6226,6257,-1,6257,6226,6227,-1,6257,6227,902,-1,902,6227,6229,-1,902,6229,903,-1,6257,6258,6224,-1,6224,6258,6259,-1,6224,6259,6223,-1,6223,6259,6260,-1,6260,6261,6223,-1,6223,6261,6262,-1,6223,6262,6221,-1,6221,6262,6263,-1,6221,6263,6220,-1,6220,6263,6264,-1,6220,6264,6218,-1,6218,6264,6265,-1,6218,6265,6216,-1,6216,6265,897,-1,6216,897,896,-1,6266,6267,358,-1,6268,6269,358,-1,6270,6271,6267,-1,6267,6271,358,-1,6269,6266,358,-1,6240,6241,6272,-1,6273,6231,6230,-1,6231,6273,6232,-1,6232,6273,6274,-1,6232,6274,6233,-1,6233,6274,6275,-1,6233,6275,6234,-1,6234,6275,6276,-1,6234,6276,6235,-1,6235,6276,6236,-1,6236,6276,6277,-1,6236,6277,6237,-1,6237,6277,6238,-1,6238,6277,6247,-1,6238,6247,905,-1,6244,6245,6278,-1,6278,6245,6246,-1,6279,6273,6280,-1,6280,6273,6230,-1,6280,6230,898,-1,6279,6281,6273,-1,6273,6281,6282,-1,6273,6282,6274,-1,6274,6282,6283,-1,6274,6283,6275,-1,6275,6283,6284,-1,6275,6284,6276,-1,6276,6284,6278,-1,6276,6278,6277,-1,6277,6278,6246,-1,6277,6246,6247,-1,6244,6278,6285,-1,6285,6278,6284,-1,6285,6284,6286,-1,6286,6284,6283,-1,6286,6283,6287,-1,6287,6283,6282,-1,6287,6282,6288,-1,6288,6282,6281,-1,6288,6281,6289,-1,6241,6242,6285,-1,6285,6242,6243,-1,6285,6243,6244,-1,6279,6290,6281,-1,6281,6290,6291,-1,6281,6291,6289,-1,6289,6291,6292,-1,6289,6292,6293,-1,6241,6285,6272,-1,6272,6285,6286,-1,6272,6286,6294,-1,6294,6286,6287,-1,6294,6287,6295,-1,6295,6287,6288,-1,6295,6288,6296,-1,6296,6288,6289,-1,6296,6289,6297,-1,6297,6289,6293,-1,6297,6293,6298,-1,358,6239,6299,-1,6299,6239,6240,-1,6268,358,6299,-1,6240,6272,6299,-1,6299,6272,6294,-1,6299,6294,6268,-1,6268,6294,6295,-1,6268,6295,6269,-1,6269,6295,6296,-1,6269,6296,6266,-1,6266,6296,6297,-1,6266,6297,6267,-1,6267,6297,6298,-1,6267,6298,6270,-1,6300,6301,356,-1,6302,6303,356,-1,6255,6256,6301,-1,6301,6256,356,-1,6303,6300,356,-1,6304,6305,6306,-1,6307,6258,6257,-1,6258,6307,6259,-1,6259,6307,6308,-1,6259,6308,6260,-1,6260,6308,6309,-1,6260,6309,6261,-1,6261,6309,6310,-1,6261,6310,6262,-1,6262,6310,6263,-1,6263,6310,6311,-1,6263,6311,6264,-1,6264,6311,6265,-1,6265,6311,6312,-1,6265,6312,897,-1,6313,6314,6315,-1,6315,6314,6316,-1,6249,6307,6248,-1,6248,6307,6257,-1,6248,6257,902,-1,6249,6317,6307,-1,6307,6317,6318,-1,6307,6318,6308,-1,6308,6318,6319,-1,6308,6319,6309,-1,6309,6319,6320,-1,6309,6320,6310,-1,6310,6320,6315,-1,6310,6315,6311,-1,6311,6315,6316,-1,6311,6316,6312,-1,6313,6315,6321,-1,6321,6315,6320,-1,6321,6320,6322,-1,6322,6320,6319,-1,6322,6319,6323,-1,6323,6319,6318,-1,6323,6318,6324,-1,6324,6318,6317,-1,6324,6317,6325,-1,6305,6326,6321,-1,6321,6326,6327,-1,6321,6327,6313,-1,6249,6250,6317,-1,6317,6250,6251,-1,6317,6251,6325,-1,6325,6251,6252,-1,6325,6252,6253,-1,6305,6321,6306,-1,6306,6321,6322,-1,6306,6322,6328,-1,6328,6322,6323,-1,6328,6323,6329,-1,6329,6323,6324,-1,6329,6324,6330,-1,6330,6324,6325,-1,6330,6325,6331,-1,6331,6325,6253,-1,6331,6253,6254,-1,356,6332,6333,-1,6333,6332,6304,-1,6302,356,6333,-1,6304,6306,6333,-1,6333,6306,6328,-1,6333,6328,6302,-1,6302,6328,6329,-1,6302,6329,6303,-1,6303,6329,6330,-1,6303,6330,6300,-1,6300,6330,6331,-1,6300,6331,6301,-1,6301,6331,6254,-1,6301,6254,6255,-1,898,897,6280,-1,6280,897,6312,-1,6280,6312,6279,-1,6279,6312,6316,-1,6279,6316,6290,-1,6290,6316,6314,-1,6290,6314,6291,-1,6291,6314,6313,-1,6291,6313,6292,-1,6292,6313,6327,-1,6292,6327,6293,-1,6293,6327,6326,-1,6293,6326,6298,-1,6298,6326,6305,-1,6298,6305,6270,-1,6270,6305,6304,-1,6270,6304,6271,-1,6271,6304,6332,-1,6271,6332,358,-1,358,6332,356,-1,924,383,381,-1,924,381,6334,-1,6334,381,6335,-1,6334,6335,6336,-1,6336,6335,6337,-1,6336,6337,6338,-1,6338,6337,6339,-1,6339,6337,6340,-1,6339,6340,6341,-1,6341,6340,6342,-1,6342,6340,6343,-1,6342,6343,6344,-1,6344,6343,6345,-1,6345,6343,6346,-1,6345,6346,6347,-1,395,393,6346,-1,6346,393,923,-1,6346,923,6347,-1,916,388,390,-1,916,390,6348,-1,6348,390,6349,-1,6348,6349,6350,-1,6350,6349,6351,-1,6350,6351,6352,-1,6352,6351,6353,-1,6353,6351,6354,-1,6353,6354,6355,-1,6355,6354,6356,-1,6356,6354,6357,-1,6356,6357,6358,-1,6358,6357,6359,-1,6359,6357,6360,-1,6359,6360,6361,-1,380,382,6360,-1,6360,382,927,-1,6360,927,6361,-1,6342,6344,6362,-1,6362,6344,6345,-1,6362,6345,922,-1,922,6345,6347,-1,922,6347,923,-1,6362,6363,6342,-1,6342,6363,6364,-1,6342,6364,6341,-1,6341,6364,6365,-1,6365,6366,6341,-1,6341,6366,6367,-1,6341,6367,6339,-1,6339,6367,6368,-1,6339,6368,6338,-1,6338,6368,6369,-1,6338,6369,6336,-1,6336,6369,6370,-1,6336,6370,6334,-1,6334,6370,925,-1,6334,925,924,-1,926,925,6371,-1,6371,925,6372,-1,6371,6372,6373,-1,6373,6372,6374,-1,6373,6374,6375,-1,6375,6374,6376,-1,6375,6376,6377,-1,6377,6376,6378,-1,6377,6378,6379,-1,6379,6378,6380,-1,6379,6380,6381,-1,6381,6380,6382,-1,6381,6382,6383,-1,6383,6382,6384,-1,6383,6384,6385,-1,6385,6384,6386,-1,6385,6386,6387,-1,6387,6386,6388,-1,6387,6388,397,-1,397,6388,399,-1,6356,6358,6389,-1,6389,6358,6359,-1,6389,6359,926,-1,926,6359,6361,-1,926,6361,927,-1,6389,6390,6356,-1,6356,6390,6391,-1,6356,6391,6355,-1,6355,6391,6392,-1,6392,6393,6355,-1,6355,6393,6394,-1,6355,6394,6353,-1,6353,6394,6395,-1,6353,6395,6352,-1,6352,6395,6396,-1,6352,6396,6350,-1,6350,6396,6397,-1,6350,6397,6348,-1,6348,6397,917,-1,6348,917,916,-1,920,392,394,-1,920,394,6398,-1,6398,394,6399,-1,6398,6399,6400,-1,6400,6399,6401,-1,6400,6401,6402,-1,6402,6401,6403,-1,6403,6401,6404,-1,6403,6404,6405,-1,6405,6404,6406,-1,6406,6404,6407,-1,6406,6407,6408,-1,6408,6407,6409,-1,6409,6407,6410,-1,6409,6410,6411,-1,384,386,6410,-1,6410,386,915,-1,6410,915,6411,-1,6412,6413,399,-1,6414,6415,399,-1,6416,6417,6413,-1,6413,6417,399,-1,6415,6412,399,-1,6386,6384,6418,-1,6419,6363,6362,-1,6363,6419,6364,-1,6364,6419,6420,-1,6364,6420,6365,-1,6365,6420,6421,-1,6365,6421,6366,-1,6366,6421,6422,-1,6366,6422,6367,-1,6367,6422,6368,-1,6368,6422,6423,-1,6368,6423,6369,-1,6369,6423,6370,-1,6370,6423,6372,-1,6370,6372,925,-1,6378,6376,6424,-1,6424,6376,6374,-1,6425,6419,6426,-1,6426,6419,6362,-1,6426,6362,922,-1,6425,6427,6419,-1,6419,6427,6428,-1,6419,6428,6420,-1,6420,6428,6429,-1,6420,6429,6421,-1,6421,6429,6430,-1,6421,6430,6422,-1,6422,6430,6424,-1,6422,6424,6423,-1,6423,6424,6374,-1,6423,6374,6372,-1,6378,6424,6431,-1,6431,6424,6430,-1,6431,6430,6432,-1,6432,6430,6429,-1,6432,6429,6433,-1,6433,6429,6428,-1,6433,6428,6434,-1,6434,6428,6427,-1,6434,6427,6435,-1,6384,6382,6431,-1,6431,6382,6380,-1,6431,6380,6378,-1,6425,6436,6427,-1,6427,6436,6437,-1,6427,6437,6435,-1,6435,6437,6438,-1,6435,6438,6439,-1,6384,6431,6418,-1,6418,6431,6432,-1,6418,6432,6440,-1,6440,6432,6433,-1,6440,6433,6441,-1,6441,6433,6434,-1,6441,6434,6442,-1,6442,6434,6435,-1,6442,6435,6443,-1,6443,6435,6439,-1,6443,6439,6444,-1,399,6388,6445,-1,6445,6388,6386,-1,6414,399,6445,-1,6386,6418,6445,-1,6445,6418,6440,-1,6445,6440,6414,-1,6414,6440,6441,-1,6414,6441,6415,-1,6415,6441,6442,-1,6415,6442,6412,-1,6412,6442,6443,-1,6412,6443,6413,-1,6413,6443,6444,-1,6413,6444,6416,-1,6446,6447,397,-1,6448,6449,397,-1,6385,6387,6447,-1,6447,6387,397,-1,6449,6446,397,-1,6450,6451,6452,-1,6453,6390,6389,-1,6390,6453,6391,-1,6391,6453,6454,-1,6391,6454,6392,-1,6392,6454,6455,-1,6392,6455,6393,-1,6393,6455,6456,-1,6393,6456,6394,-1,6394,6456,6395,-1,6395,6456,6457,-1,6395,6457,6396,-1,6396,6457,6397,-1,6397,6457,6458,-1,6397,6458,917,-1,6459,6460,6461,-1,6461,6460,6462,-1,6373,6453,6371,-1,6371,6453,6389,-1,6371,6389,926,-1,6373,6463,6453,-1,6453,6463,6464,-1,6453,6464,6454,-1,6454,6464,6465,-1,6454,6465,6455,-1,6455,6465,6466,-1,6455,6466,6456,-1,6456,6466,6461,-1,6456,6461,6457,-1,6457,6461,6462,-1,6457,6462,6458,-1,6459,6461,6467,-1,6467,6461,6466,-1,6467,6466,6468,-1,6468,6466,6465,-1,6468,6465,6469,-1,6469,6465,6464,-1,6469,6464,6470,-1,6470,6464,6463,-1,6470,6463,6471,-1,6451,6472,6467,-1,6467,6472,6473,-1,6467,6473,6459,-1,6373,6375,6463,-1,6463,6375,6377,-1,6463,6377,6471,-1,6471,6377,6379,-1,6471,6379,6381,-1,6451,6467,6452,-1,6452,6467,6468,-1,6452,6468,6474,-1,6474,6468,6469,-1,6474,6469,6475,-1,6475,6469,6470,-1,6475,6470,6476,-1,6476,6470,6471,-1,6476,6471,6477,-1,6477,6471,6381,-1,6477,6381,6383,-1,397,6478,6479,-1,6479,6478,6450,-1,6448,397,6479,-1,6450,6452,6479,-1,6479,6452,6474,-1,6479,6474,6448,-1,6448,6474,6475,-1,6448,6475,6449,-1,6449,6475,6476,-1,6449,6476,6446,-1,6446,6476,6477,-1,6446,6477,6447,-1,6447,6477,6383,-1,6447,6383,6385,-1,912,387,385,-1,912,385,6480,-1,6480,385,6481,-1,6480,6481,6482,-1,6482,6481,6483,-1,6482,6483,6484,-1,6484,6483,6485,-1,6485,6483,6486,-1,6485,6486,6487,-1,6487,6486,6488,-1,6488,6486,6489,-1,6488,6489,6490,-1,6490,6489,6491,-1,6491,6489,6492,-1,6491,6492,6493,-1,391,389,6492,-1,6492,389,919,-1,6492,919,6493,-1,6406,6408,6494,-1,6494,6408,6409,-1,6494,6409,914,-1,914,6409,6411,-1,914,6411,915,-1,6494,6495,6406,-1,6406,6495,6496,-1,6406,6496,6405,-1,6405,6496,6497,-1,6497,6498,6405,-1,6405,6498,6499,-1,6405,6499,6403,-1,6403,6499,6500,-1,6403,6500,6402,-1,6402,6500,6501,-1,6402,6501,6400,-1,6400,6501,6502,-1,6400,6502,6398,-1,6398,6502,921,-1,6398,921,920,-1,398,399,6503,-1,6503,399,6417,-1,6503,6417,6504,-1,6504,6417,6416,-1,6504,6416,6505,-1,6505,6416,6444,-1,6505,6444,6506,-1,6506,6444,6439,-1,6506,6439,6507,-1,6507,6439,6438,-1,6507,6438,6508,-1,6508,6438,6437,-1,6508,6437,6509,-1,6509,6437,6436,-1,6509,6436,6510,-1,6510,6436,6425,-1,6510,6425,6511,-1,6511,6425,6426,-1,6511,6426,921,-1,921,6426,922,-1,397,396,6478,-1,6478,396,6512,-1,6478,6512,6450,-1,6450,6512,6513,-1,6450,6513,6451,-1,6451,6513,6514,-1,6451,6514,6472,-1,6472,6514,6515,-1,6472,6515,6473,-1,6473,6515,6516,-1,6473,6516,6459,-1,6459,6516,6517,-1,6459,6517,6460,-1,6460,6517,6518,-1,6460,6518,6462,-1,6462,6518,6519,-1,6462,6519,6458,-1,6458,6519,6520,-1,6458,6520,917,-1,917,6520,918,-1,6488,6490,6521,-1,6521,6490,6491,-1,6521,6491,918,-1,918,6491,6493,-1,918,6493,919,-1,6521,6522,6488,-1,6488,6522,6523,-1,6488,6523,6487,-1,6487,6523,6524,-1,6524,6525,6487,-1,6487,6525,6526,-1,6487,6526,6485,-1,6485,6526,6527,-1,6485,6527,6484,-1,6484,6527,6528,-1,6484,6528,6482,-1,6482,6528,6529,-1,6482,6529,6480,-1,6480,6529,913,-1,6480,913,912,-1,6530,6531,398,-1,6532,6533,398,-1,6534,6535,6531,-1,6531,6535,398,-1,6533,6530,398,-1,6504,6505,6536,-1,6537,6495,6494,-1,6495,6537,6496,-1,6496,6537,6538,-1,6496,6538,6497,-1,6497,6538,6539,-1,6497,6539,6498,-1,6498,6539,6540,-1,6498,6540,6499,-1,6499,6540,6500,-1,6500,6540,6541,-1,6500,6541,6501,-1,6501,6541,6502,-1,6502,6541,6511,-1,6502,6511,921,-1,6508,6509,6542,-1,6542,6509,6510,-1,6543,6537,6544,-1,6544,6537,6494,-1,6544,6494,914,-1,6543,6545,6537,-1,6537,6545,6546,-1,6537,6546,6538,-1,6538,6546,6547,-1,6538,6547,6539,-1,6539,6547,6548,-1,6539,6548,6540,-1,6540,6548,6542,-1,6540,6542,6541,-1,6541,6542,6510,-1,6541,6510,6511,-1,6508,6542,6549,-1,6549,6542,6548,-1,6549,6548,6550,-1,6550,6548,6547,-1,6550,6547,6551,-1,6551,6547,6546,-1,6551,6546,6552,-1,6552,6546,6545,-1,6552,6545,6553,-1,6505,6506,6549,-1,6549,6506,6507,-1,6549,6507,6508,-1,6543,6554,6545,-1,6545,6554,6555,-1,6545,6555,6553,-1,6553,6555,6556,-1,6553,6556,6557,-1,6505,6549,6536,-1,6536,6549,6550,-1,6536,6550,6558,-1,6558,6550,6551,-1,6558,6551,6559,-1,6559,6551,6552,-1,6559,6552,6560,-1,6560,6552,6553,-1,6560,6553,6561,-1,6561,6553,6557,-1,6561,6557,6562,-1,398,6503,6563,-1,6563,6503,6504,-1,6532,398,6563,-1,6504,6536,6563,-1,6563,6536,6558,-1,6563,6558,6532,-1,6532,6558,6559,-1,6532,6559,6533,-1,6533,6559,6560,-1,6533,6560,6530,-1,6530,6560,6561,-1,6530,6561,6531,-1,6531,6561,6562,-1,6531,6562,6534,-1,6564,6565,396,-1,6566,6567,396,-1,6513,6512,6565,-1,6565,6512,396,-1,6567,6564,396,-1,6568,6569,6570,-1,6571,6522,6521,-1,6522,6571,6523,-1,6523,6571,6572,-1,6523,6572,6524,-1,6524,6572,6573,-1,6524,6573,6525,-1,6525,6573,6574,-1,6525,6574,6526,-1,6526,6574,6527,-1,6527,6574,6575,-1,6527,6575,6528,-1,6528,6575,6529,-1,6529,6575,6576,-1,6529,6576,913,-1,6577,6578,6579,-1,6579,6578,6580,-1,6519,6571,6520,-1,6520,6571,6521,-1,6520,6521,918,-1,6519,6581,6571,-1,6571,6581,6582,-1,6571,6582,6572,-1,6572,6582,6583,-1,6572,6583,6573,-1,6573,6583,6584,-1,6573,6584,6574,-1,6574,6584,6579,-1,6574,6579,6575,-1,6575,6579,6580,-1,6575,6580,6576,-1,6577,6579,6585,-1,6585,6579,6584,-1,6585,6584,6586,-1,6586,6584,6583,-1,6586,6583,6587,-1,6587,6583,6582,-1,6587,6582,6588,-1,6588,6582,6581,-1,6588,6581,6589,-1,6569,6590,6585,-1,6585,6590,6591,-1,6585,6591,6577,-1,6519,6518,6581,-1,6581,6518,6517,-1,6581,6517,6589,-1,6589,6517,6516,-1,6589,6516,6515,-1,6569,6585,6570,-1,6570,6585,6586,-1,6570,6586,6592,-1,6592,6586,6587,-1,6592,6587,6593,-1,6593,6587,6588,-1,6593,6588,6594,-1,6594,6588,6589,-1,6594,6589,6595,-1,6595,6589,6515,-1,6595,6515,6514,-1,396,6596,6597,-1,6597,6596,6568,-1,6566,396,6597,-1,6568,6570,6597,-1,6597,6570,6592,-1,6597,6592,6566,-1,6566,6592,6593,-1,6566,6593,6567,-1,6567,6593,6594,-1,6567,6594,6564,-1,6564,6594,6595,-1,6564,6595,6565,-1,6565,6595,6514,-1,6565,6514,6513,-1,396,398,6596,-1,6596,398,6535,-1,6596,6535,6568,-1,6568,6535,6534,-1,6568,6534,6569,-1,6569,6534,6562,-1,6569,6562,6590,-1,6590,6562,6557,-1,6590,6557,6591,-1,6591,6557,6556,-1,6591,6556,6577,-1,6577,6556,6555,-1,6577,6555,6578,-1,6578,6555,6554,-1,6578,6554,6580,-1,6580,6554,6543,-1,6580,6543,6576,-1,6576,6543,6544,-1,6576,6544,913,-1,913,6544,914,-1,1004,452,454,-1,1004,454,6598,-1,6598,454,6599,-1,6598,6599,6600,-1,6600,6599,6601,-1,6600,6601,6602,-1,6602,6601,6603,-1,6603,6601,6604,-1,6603,6604,6605,-1,6605,6604,6606,-1,6606,6604,6607,-1,6606,6607,6608,-1,6608,6607,6609,-1,6609,6607,6610,-1,6609,6610,6611,-1,447,445,6610,-1,6610,445,1003,-1,6610,1003,6611,-1,996,451,449,-1,996,449,6612,-1,6612,449,6613,-1,6612,6613,6614,-1,6614,6613,6615,-1,6614,6615,6616,-1,6616,6615,6617,-1,6617,6615,6618,-1,6617,6618,6619,-1,6619,6618,6620,-1,6620,6618,6621,-1,6620,6621,6622,-1,6622,6621,6623,-1,6623,6621,6624,-1,6623,6624,6625,-1,455,453,6624,-1,6624,453,1007,-1,6624,1007,6625,-1,6606,6608,6626,-1,6626,6608,6609,-1,6626,6609,1002,-1,1002,6609,6611,-1,1002,6611,1003,-1,6626,6627,6606,-1,6606,6627,6628,-1,6606,6628,6605,-1,6605,6628,6629,-1,6629,6630,6605,-1,6605,6630,6631,-1,6605,6631,6603,-1,6603,6631,6632,-1,6603,6632,6602,-1,6602,6632,6633,-1,6602,6633,6600,-1,6600,6633,6634,-1,6600,6634,6598,-1,6598,6634,1005,-1,6598,1005,1004,-1,443,441,6635,-1,1006,1005,6636,-1,6636,1005,6637,-1,6636,6637,6638,-1,6638,6637,6639,-1,6638,6639,6640,-1,6640,6639,6641,-1,6640,6641,6642,-1,6642,6641,6643,-1,6642,6643,6644,-1,6644,6643,6645,-1,6644,6645,6646,-1,6646,6645,6647,-1,6646,6647,6648,-1,6648,6647,6649,-1,6648,6649,6650,-1,6650,6649,6651,-1,6650,6651,6652,-1,6652,6651,6653,-1,6652,6653,6635,-1,6635,6653,6654,-1,6635,6654,443,-1,6620,6622,6655,-1,6655,6622,6623,-1,6655,6623,1006,-1,1006,6623,6625,-1,1006,6625,1007,-1,6655,6656,6620,-1,6620,6656,6657,-1,6620,6657,6619,-1,6619,6657,6658,-1,6658,6659,6619,-1,6619,6659,6660,-1,6619,6660,6617,-1,6617,6660,6661,-1,6617,6661,6616,-1,6616,6661,6662,-1,6616,6662,6614,-1,6614,6662,6663,-1,6614,6663,6612,-1,6612,6663,997,-1,6612,997,996,-1,1000,444,446,-1,1000,446,6664,-1,6664,446,6665,-1,6664,6665,6666,-1,6666,6665,6667,-1,6666,6667,6668,-1,6668,6667,6669,-1,6669,6667,6670,-1,6669,6670,6671,-1,6671,6670,6672,-1,6672,6670,6673,-1,6672,6673,6674,-1,6674,6673,6675,-1,6675,6673,6676,-1,6675,6676,6677,-1,456,458,6676,-1,6676,458,995,-1,6676,995,6677,-1,6678,6679,6680,-1,6681,6682,6683,-1,443,6684,6685,-1,6686,6684,443,-1,6683,6682,443,-1,6687,443,6682,-1,6688,6627,6626,-1,6627,6688,6628,-1,6628,6688,6689,-1,6628,6689,6629,-1,6629,6689,6690,-1,6629,6690,6630,-1,6630,6690,6691,-1,6630,6691,6631,-1,6631,6691,6632,-1,6632,6691,6692,-1,6632,6692,6633,-1,6633,6692,6634,-1,6634,6692,6637,-1,6634,6637,1005,-1,6654,6686,443,-1,6693,6694,6681,-1,6681,6694,6695,-1,6681,6695,6682,-1,6682,6695,6696,-1,6682,6696,6687,-1,6697,6685,6698,-1,6698,6685,6684,-1,6698,6684,6699,-1,6699,6684,6686,-1,6699,6686,6700,-1,6654,6653,6686,-1,6686,6653,6651,-1,6686,6651,6700,-1,6700,6651,6649,-1,6700,6649,6647,-1,6680,6697,6701,-1,6701,6697,6698,-1,6701,6698,6702,-1,6702,6698,6699,-1,6702,6699,6703,-1,6703,6699,6700,-1,6703,6700,6704,-1,6704,6700,6647,-1,6705,6706,6707,-1,6707,6706,6678,-1,6678,6680,6707,-1,6707,6680,6701,-1,6707,6701,6708,-1,6708,6701,6702,-1,6708,6702,6709,-1,6709,6702,6703,-1,6709,6703,6710,-1,6710,6703,6704,-1,6710,6704,6711,-1,6679,6693,6680,-1,6680,6693,6681,-1,6680,6681,6697,-1,6697,6681,6683,-1,6697,6683,6685,-1,6685,6683,443,-1,6705,6688,6712,-1,6712,6688,6626,-1,6712,6626,1002,-1,6647,6645,6704,-1,6704,6645,6643,-1,6704,6643,6711,-1,6711,6643,6641,-1,6711,6641,6639,-1,6705,6707,6688,-1,6688,6707,6708,-1,6688,6708,6689,-1,6689,6708,6709,-1,6689,6709,6690,-1,6690,6709,6710,-1,6690,6710,6691,-1,6691,6710,6711,-1,6691,6711,6692,-1,6692,6711,6639,-1,6692,6639,6637,-1,6642,6644,6713,-1,6714,6715,6716,-1,441,6717,6718,-1,6719,6717,441,-1,6716,6715,441,-1,6635,441,6715,-1,6720,6656,6655,-1,6656,6720,6657,-1,6657,6720,6721,-1,6657,6721,6658,-1,6658,6721,6722,-1,6658,6722,6659,-1,6659,6722,6723,-1,6659,6723,6660,-1,6660,6723,6661,-1,6661,6723,6724,-1,6661,6724,6662,-1,6662,6724,6663,-1,6663,6724,6725,-1,6663,6725,997,-1,6726,6719,441,-1,6646,6648,6714,-1,6714,6648,6650,-1,6714,6650,6715,-1,6715,6650,6652,-1,6715,6652,6635,-1,6727,6718,6728,-1,6728,6718,6717,-1,6728,6717,6729,-1,6729,6717,6719,-1,6729,6719,6730,-1,6726,6731,6719,-1,6719,6731,6732,-1,6719,6732,6730,-1,6730,6732,6733,-1,6730,6733,6734,-1,6713,6727,6735,-1,6735,6727,6728,-1,6735,6728,6736,-1,6736,6728,6729,-1,6736,6729,6737,-1,6737,6729,6730,-1,6737,6730,6738,-1,6738,6730,6734,-1,6638,6640,6739,-1,6739,6640,6642,-1,6642,6713,6739,-1,6739,6713,6735,-1,6739,6735,6740,-1,6740,6735,6736,-1,6740,6736,6741,-1,6741,6736,6737,-1,6741,6737,6742,-1,6742,6737,6738,-1,6742,6738,6743,-1,6644,6646,6713,-1,6713,6646,6714,-1,6713,6714,6727,-1,6727,6714,6716,-1,6727,6716,6718,-1,6718,6716,441,-1,6638,6720,6636,-1,6636,6720,6655,-1,6636,6655,1006,-1,6734,6744,6738,-1,6738,6744,6745,-1,6738,6745,6743,-1,6743,6745,6746,-1,6743,6746,6747,-1,6638,6739,6720,-1,6720,6739,6740,-1,6720,6740,6721,-1,6721,6740,6741,-1,6721,6741,6722,-1,6722,6741,6742,-1,6722,6742,6723,-1,6723,6742,6743,-1,6723,6743,6724,-1,6724,6743,6747,-1,6724,6747,6725,-1,992,459,457,-1,992,457,6748,-1,6748,457,6749,-1,6748,6749,6750,-1,6750,6749,6751,-1,6750,6751,6752,-1,6752,6751,6753,-1,6753,6751,6754,-1,6753,6754,6755,-1,6755,6754,6756,-1,6756,6754,6757,-1,6756,6757,6758,-1,6758,6757,6759,-1,6759,6757,6760,-1,6759,6760,6761,-1,448,450,6760,-1,6760,450,999,-1,6760,999,6761,-1,995,994,6677,-1,6677,994,6762,-1,6677,6762,6675,-1,6675,6762,6763,-1,6675,6763,6674,-1,6674,6763,6764,-1,6674,6764,6672,-1,6764,6765,6672,-1,6672,6765,6766,-1,6672,6766,6671,-1,6671,6766,6767,-1,6671,6767,6669,-1,6669,6767,6768,-1,6669,6768,6668,-1,6668,6768,6769,-1,6668,6769,6666,-1,6666,6769,6664,-1,6664,6769,1000,-1,1000,6769,6770,-1,1000,6770,1001,-1,442,443,6687,-1,1002,1001,6712,-1,6712,1001,6771,-1,6712,6771,6705,-1,6705,6771,6772,-1,6705,6772,6706,-1,6706,6772,6773,-1,6706,6773,6678,-1,6678,6773,6774,-1,6678,6774,6679,-1,6679,6774,6775,-1,6679,6775,6693,-1,6693,6775,6776,-1,6693,6776,6694,-1,6694,6776,6777,-1,6694,6777,6695,-1,6695,6777,6778,-1,6695,6778,6696,-1,6696,6778,6779,-1,6696,6779,6687,-1,6687,6779,6780,-1,6687,6780,442,-1,998,997,6781,-1,6781,997,6725,-1,6781,6725,6782,-1,6782,6725,6747,-1,6782,6747,6783,-1,6783,6747,6746,-1,6783,6746,6784,-1,6784,6746,6745,-1,6784,6745,6785,-1,6785,6745,6744,-1,6785,6744,6786,-1,6786,6744,6734,-1,6786,6734,6787,-1,6787,6734,6733,-1,6787,6733,6788,-1,6788,6733,6732,-1,6788,6732,6789,-1,6789,6732,6731,-1,6789,6731,6790,-1,6731,6726,6790,-1,6790,6726,441,-1,6790,441,440,-1,999,998,6761,-1,6761,998,6791,-1,6761,6791,6759,-1,6759,6791,6792,-1,6759,6792,6758,-1,6758,6792,6793,-1,6758,6793,6756,-1,6793,6794,6756,-1,6756,6794,6795,-1,6756,6795,6755,-1,6755,6795,6796,-1,6755,6796,6753,-1,6753,6796,6797,-1,6753,6797,6752,-1,6752,6797,6798,-1,6752,6798,6750,-1,6750,6798,6748,-1,6748,6798,992,-1,992,6798,6799,-1,992,6799,993,-1,6800,6801,6802,-1,6803,6804,6805,-1,6806,6807,6808,-1,442,6809,6810,-1,6811,6809,442,-1,6808,6807,442,-1,6812,442,6807,-1,6762,6813,6763,-1,6763,6813,6814,-1,6766,6765,6814,-1,6814,6765,6764,-1,6814,6764,6763,-1,6814,6815,6766,-1,6766,6815,6816,-1,6766,6816,6767,-1,6767,6816,6817,-1,6767,6817,6768,-1,6768,6817,6769,-1,6769,6817,6818,-1,6769,6818,6770,-1,6770,6818,6771,-1,6770,6771,1001,-1,6780,6811,442,-1,6819,6820,6806,-1,6806,6820,6821,-1,6806,6821,6807,-1,6807,6821,6822,-1,6807,6822,6812,-1,6823,6810,6824,-1,6824,6810,6809,-1,6824,6809,6825,-1,6825,6809,6811,-1,6825,6811,6826,-1,6804,6819,6805,-1,6805,6819,6806,-1,6805,6806,6827,-1,6827,6806,6808,-1,6827,6808,6828,-1,6828,6808,442,-1,6780,6779,6811,-1,6811,6779,6778,-1,6811,6778,6826,-1,6826,6778,6777,-1,6826,6777,6776,-1,6829,6823,6830,-1,6830,6823,6824,-1,6830,6824,6831,-1,6831,6824,6825,-1,6831,6825,6832,-1,6832,6825,6826,-1,6832,6826,6833,-1,6833,6826,6776,-1,6802,6829,6834,-1,6834,6829,6830,-1,6834,6830,6835,-1,6835,6830,6831,-1,6835,6831,6836,-1,6836,6831,6832,-1,6836,6832,6837,-1,6837,6832,6833,-1,6837,6833,6838,-1,6801,6803,6802,-1,6802,6803,6805,-1,6802,6805,6829,-1,6829,6805,6827,-1,6829,6827,6823,-1,6823,6827,6828,-1,6823,6828,6810,-1,6810,6828,442,-1,6762,994,6813,-1,6813,994,6839,-1,6813,6839,6800,-1,6776,6775,6833,-1,6833,6775,6774,-1,6833,6774,6838,-1,6838,6774,6773,-1,6838,6773,6772,-1,6800,6802,6813,-1,6813,6802,6834,-1,6813,6834,6814,-1,6814,6834,6835,-1,6814,6835,6815,-1,6815,6835,6836,-1,6815,6836,6816,-1,6816,6836,6837,-1,6816,6837,6817,-1,6817,6837,6838,-1,6817,6838,6818,-1,6818,6838,6772,-1,6818,6772,6771,-1,6782,6783,6840,-1,6784,6785,6841,-1,6842,6843,6844,-1,440,6845,6846,-1,6847,6845,440,-1,6844,6843,440,-1,6790,440,6843,-1,6791,6848,6792,-1,6792,6848,6849,-1,6795,6794,6849,-1,6849,6794,6793,-1,6849,6793,6792,-1,6849,6850,6795,-1,6795,6850,6851,-1,6795,6851,6796,-1,6796,6851,6852,-1,6796,6852,6797,-1,6797,6852,6798,-1,6798,6852,6853,-1,6798,6853,6799,-1,6799,6853,6854,-1,6799,6854,993,-1,6855,6847,440,-1,6786,6787,6842,-1,6842,6787,6788,-1,6842,6788,6843,-1,6843,6788,6789,-1,6843,6789,6790,-1,6856,6846,6857,-1,6857,6846,6845,-1,6857,6845,6858,-1,6858,6845,6847,-1,6858,6847,6859,-1,6785,6786,6841,-1,6841,6786,6842,-1,6841,6842,6860,-1,6860,6842,6844,-1,6860,6844,6861,-1,6861,6844,440,-1,6855,6862,6847,-1,6847,6862,6863,-1,6847,6863,6859,-1,6859,6863,6864,-1,6859,6864,6865,-1,6866,6856,6867,-1,6867,6856,6857,-1,6867,6857,6868,-1,6868,6857,6858,-1,6868,6858,6869,-1,6869,6858,6859,-1,6869,6859,6870,-1,6870,6859,6865,-1,6840,6866,6871,-1,6871,6866,6867,-1,6871,6867,6872,-1,6872,6867,6868,-1,6872,6868,6873,-1,6873,6868,6869,-1,6873,6869,6874,-1,6874,6869,6870,-1,6874,6870,6875,-1,6783,6784,6840,-1,6840,6784,6841,-1,6840,6841,6866,-1,6866,6841,6860,-1,6866,6860,6856,-1,6856,6860,6861,-1,6856,6861,6846,-1,6846,6861,440,-1,6791,998,6848,-1,6848,998,6781,-1,6848,6781,6782,-1,6865,6876,6870,-1,6870,6876,6877,-1,6870,6877,6875,-1,6875,6877,6878,-1,6875,6878,6879,-1,6782,6840,6848,-1,6848,6840,6871,-1,6848,6871,6849,-1,6849,6871,6872,-1,6849,6872,6850,-1,6850,6872,6873,-1,6850,6873,6851,-1,6851,6873,6874,-1,6851,6874,6852,-1,6852,6874,6875,-1,6852,6875,6853,-1,6853,6875,6879,-1,6853,6879,6854,-1,994,993,6839,-1,6839,993,6854,-1,6839,6854,6800,-1,6800,6854,6879,-1,6800,6879,6801,-1,6801,6879,6878,-1,6801,6878,6803,-1,6803,6878,6877,-1,6803,6877,6804,-1,6804,6877,6876,-1,6804,6876,6819,-1,6819,6876,6865,-1,6819,6865,6820,-1,6820,6865,6864,-1,6820,6864,6821,-1,6821,6864,6863,-1,6821,6863,6822,-1,6822,6863,6862,-1,6822,6862,6812,-1,6862,6855,6812,-1,6812,6855,440,-1,6812,440,442,-1,1020,416,418,-1,1020,418,6880,-1,6880,418,6881,-1,6880,6881,6882,-1,6882,6881,6883,-1,6882,6883,6884,-1,6884,6883,6885,-1,6885,6883,6886,-1,6885,6886,6887,-1,6887,6886,6888,-1,6888,6886,6889,-1,6888,6889,6890,-1,6890,6889,6891,-1,6891,6889,6892,-1,6891,6892,6893,-1,408,410,6892,-1,6892,410,1019,-1,6892,1019,6893,-1,1012,404,406,-1,1012,406,6894,-1,6894,406,6895,-1,6894,6895,6896,-1,6896,6895,6897,-1,6896,6897,6898,-1,6898,6897,6899,-1,6899,6897,6900,-1,6899,6900,6901,-1,6901,6900,6902,-1,6902,6900,6903,-1,6902,6903,6904,-1,6904,6903,6905,-1,6905,6903,6906,-1,6905,6906,6907,-1,419,417,6906,-1,6906,417,1023,-1,6906,1023,6907,-1,1019,1018,6893,-1,6893,1018,6908,-1,6893,6908,6891,-1,6891,6908,6909,-1,6891,6909,6890,-1,6890,6909,6910,-1,6890,6910,6888,-1,6910,6911,6888,-1,6888,6911,6912,-1,6888,6912,6887,-1,6887,6912,6913,-1,6887,6913,6885,-1,6885,6913,6914,-1,6885,6914,6884,-1,6884,6914,6915,-1,6884,6915,6882,-1,6882,6915,6880,-1,6880,6915,1020,-1,1020,6915,6916,-1,1020,6916,1021,-1,1022,1021,6917,-1,6917,1021,6918,-1,6917,6918,6919,-1,6919,6918,6920,-1,6919,6920,6921,-1,6921,6920,6922,-1,6921,6922,6923,-1,6923,6922,6924,-1,6923,6924,6925,-1,6925,6924,6926,-1,6925,6926,6927,-1,6927,6926,6928,-1,6927,6928,6929,-1,6929,6928,6930,-1,6929,6930,6931,-1,6931,6930,6932,-1,6931,6932,6933,-1,6933,6932,6934,-1,6933,6934,6935,-1,6934,6936,6935,-1,6935,6936,403,-1,6935,403,401,-1,6902,6904,6937,-1,6937,6904,6905,-1,6937,6905,1022,-1,1022,6905,6907,-1,1022,6907,1023,-1,6937,6938,6902,-1,6902,6938,6939,-1,6902,6939,6901,-1,6901,6939,6940,-1,6940,6941,6901,-1,6901,6941,6942,-1,6901,6942,6899,-1,6899,6942,6943,-1,6899,6943,6898,-1,6898,6943,6944,-1,6898,6944,6896,-1,6896,6944,6945,-1,6896,6945,6894,-1,6894,6945,1013,-1,6894,1013,1012,-1,1016,411,409,-1,1016,409,6946,-1,6946,409,6947,-1,6946,6947,6948,-1,6948,6947,6949,-1,6948,6949,6950,-1,6950,6949,6951,-1,6951,6949,6952,-1,6951,6952,6953,-1,6953,6952,6954,-1,6954,6952,6955,-1,6954,6955,6956,-1,6956,6955,6957,-1,6957,6955,6958,-1,6957,6958,6959,-1,412,414,6958,-1,6958,414,1011,-1,6958,1011,6959,-1,6960,6961,6962,-1,6963,6964,6965,-1,6966,6967,6968,-1,403,6969,6970,-1,6971,6969,403,-1,6968,6967,403,-1,6972,403,6967,-1,6908,6973,6909,-1,6909,6973,6974,-1,6912,6911,6974,-1,6974,6911,6910,-1,6974,6910,6909,-1,6974,6975,6912,-1,6912,6975,6976,-1,6912,6976,6913,-1,6913,6976,6977,-1,6913,6977,6914,-1,6914,6977,6915,-1,6915,6977,6978,-1,6915,6978,6916,-1,6916,6978,6918,-1,6916,6918,1021,-1,6936,6971,403,-1,6979,6980,6966,-1,6966,6980,6981,-1,6966,6981,6967,-1,6967,6981,6982,-1,6967,6982,6972,-1,6983,6970,6984,-1,6984,6970,6969,-1,6984,6969,6985,-1,6985,6969,6971,-1,6985,6971,6986,-1,6964,6979,6965,-1,6965,6979,6966,-1,6965,6966,6987,-1,6987,6966,6968,-1,6987,6968,6988,-1,6988,6968,403,-1,6936,6934,6971,-1,6971,6934,6932,-1,6971,6932,6986,-1,6986,6932,6930,-1,6986,6930,6928,-1,6989,6983,6990,-1,6990,6983,6984,-1,6990,6984,6991,-1,6991,6984,6985,-1,6991,6985,6992,-1,6992,6985,6986,-1,6992,6986,6993,-1,6993,6986,6928,-1,6962,6989,6994,-1,6994,6989,6990,-1,6994,6990,6995,-1,6995,6990,6991,-1,6995,6991,6996,-1,6996,6991,6992,-1,6996,6992,6997,-1,6997,6992,6993,-1,6997,6993,6998,-1,6961,6963,6962,-1,6962,6963,6965,-1,6962,6965,6989,-1,6989,6965,6987,-1,6989,6987,6983,-1,6983,6987,6988,-1,6983,6988,6970,-1,6970,6988,403,-1,6908,1018,6973,-1,6973,1018,6999,-1,6973,6999,6960,-1,6928,6926,6993,-1,6993,6926,6924,-1,6993,6924,6998,-1,6998,6924,6922,-1,6998,6922,6920,-1,6960,6962,6973,-1,6973,6962,6994,-1,6973,6994,6974,-1,6974,6994,6995,-1,6974,6995,6975,-1,6975,6995,6996,-1,6975,6996,6976,-1,6976,6996,6997,-1,6976,6997,6977,-1,6977,6997,6998,-1,6977,6998,6978,-1,6978,6998,6920,-1,6978,6920,6918,-1,6923,6925,7000,-1,7001,7002,7003,-1,401,7004,7005,-1,7006,7004,401,-1,7003,7002,401,-1,6935,401,7002,-1,7007,6938,6937,-1,6938,7007,6939,-1,6939,7007,7008,-1,6939,7008,6940,-1,6940,7008,7009,-1,6940,7009,6941,-1,6941,7009,7010,-1,6941,7010,6942,-1,6942,7010,6943,-1,6943,7010,7011,-1,6943,7011,6944,-1,6944,7011,6945,-1,6945,7011,7012,-1,6945,7012,1013,-1,7013,7006,401,-1,6927,6929,7001,-1,7001,6929,6931,-1,7001,6931,7002,-1,7002,6931,6933,-1,7002,6933,6935,-1,7014,7005,7015,-1,7015,7005,7004,-1,7015,7004,7016,-1,7016,7004,7006,-1,7016,7006,7017,-1,7013,7018,7006,-1,7006,7018,7019,-1,7006,7019,7017,-1,7017,7019,7020,-1,7017,7020,7021,-1,7000,7014,7022,-1,7022,7014,7015,-1,7022,7015,7023,-1,7023,7015,7016,-1,7023,7016,7024,-1,7024,7016,7017,-1,7024,7017,7025,-1,7025,7017,7021,-1,6919,6921,7026,-1,7026,6921,6923,-1,6923,7000,7026,-1,7026,7000,7022,-1,7026,7022,7027,-1,7027,7022,7023,-1,7027,7023,7028,-1,7028,7023,7024,-1,7028,7024,7029,-1,7029,7024,7025,-1,7029,7025,7030,-1,6925,6927,7000,-1,7000,6927,7001,-1,7000,7001,7014,-1,7014,7001,7003,-1,7014,7003,7005,-1,7005,7003,401,-1,6919,7007,6917,-1,6917,7007,6937,-1,6917,6937,1022,-1,7021,7031,7025,-1,7025,7031,7032,-1,7025,7032,7030,-1,7030,7032,7033,-1,7030,7033,7034,-1,6919,7026,7007,-1,7007,7026,7027,-1,7007,7027,7008,-1,7008,7027,7028,-1,7008,7028,7009,-1,7009,7028,7029,-1,7009,7029,7010,-1,7010,7029,7030,-1,7010,7030,7011,-1,7011,7030,7034,-1,7011,7034,7012,-1,1008,415,413,-1,1008,413,7035,-1,7035,413,7036,-1,7035,7036,7037,-1,7037,7036,7038,-1,7037,7038,7039,-1,7039,7038,7040,-1,7040,7038,7041,-1,7040,7041,7042,-1,7042,7041,7043,-1,7043,7041,7044,-1,7043,7044,7045,-1,7045,7044,7046,-1,7046,7044,7047,-1,7046,7047,7048,-1,407,405,7047,-1,7047,405,1015,-1,7047,1015,7048,-1,6954,6956,7049,-1,7049,6956,6957,-1,7049,6957,1010,-1,1010,6957,6959,-1,1010,6959,1011,-1,7049,7050,6954,-1,6954,7050,7051,-1,6954,7051,6953,-1,6953,7051,7052,-1,7052,7053,6953,-1,6953,7053,7054,-1,6953,7054,6951,-1,6951,7054,7055,-1,6951,7055,6950,-1,6950,7055,7056,-1,6950,7056,6948,-1,6948,7056,7057,-1,6948,7057,6946,-1,6946,7057,1017,-1,6946,1017,1016,-1,402,403,6972,-1,1018,1017,6999,-1,6999,1017,7058,-1,6999,7058,6960,-1,6960,7058,7059,-1,6960,7059,6961,-1,6961,7059,7060,-1,6961,7060,6963,-1,6963,7060,7061,-1,6963,7061,6964,-1,6964,7061,7062,-1,6964,7062,6979,-1,6979,7062,7063,-1,6979,7063,6980,-1,6980,7063,7064,-1,6980,7064,6981,-1,6981,7064,7065,-1,6981,7065,6982,-1,6982,7065,7066,-1,6982,7066,6972,-1,6972,7066,7067,-1,6972,7067,402,-1,1014,1013,7068,-1,7068,1013,7012,-1,7068,7012,7069,-1,7069,7012,7034,-1,7069,7034,7070,-1,7070,7034,7033,-1,7070,7033,7071,-1,7071,7033,7032,-1,7071,7032,7072,-1,7072,7032,7031,-1,7072,7031,7073,-1,7073,7031,7021,-1,7073,7021,7074,-1,7074,7021,7020,-1,7074,7020,7075,-1,7075,7020,7019,-1,7075,7019,7076,-1,7076,7019,7018,-1,7076,7018,7077,-1,7018,7013,7077,-1,7077,7013,401,-1,7077,401,400,-1,7043,7045,7078,-1,7078,7045,7046,-1,7078,7046,1014,-1,1014,7046,7048,-1,1014,7048,1015,-1,7078,7079,7043,-1,7043,7079,7080,-1,7043,7080,7042,-1,7042,7080,7081,-1,7081,7082,7042,-1,7042,7082,7083,-1,7042,7083,7040,-1,7040,7083,7084,-1,7040,7084,7039,-1,7039,7084,7085,-1,7039,7085,7037,-1,7037,7085,7086,-1,7037,7086,7035,-1,7035,7086,1009,-1,7035,1009,1008,-1,7087,7088,7089,-1,7090,7091,7092,-1,402,7093,7094,-1,7095,7093,402,-1,7092,7091,402,-1,7096,402,7091,-1,7097,7050,7049,-1,7050,7097,7051,-1,7051,7097,7098,-1,7051,7098,7052,-1,7052,7098,7099,-1,7052,7099,7053,-1,7053,7099,7100,-1,7053,7100,7054,-1,7054,7100,7055,-1,7055,7100,7101,-1,7055,7101,7056,-1,7056,7101,7057,-1,7057,7101,7058,-1,7057,7058,1017,-1,7067,7095,402,-1,7102,7103,7090,-1,7090,7103,7104,-1,7090,7104,7091,-1,7091,7104,7105,-1,7091,7105,7096,-1,7106,7094,7107,-1,7107,7094,7093,-1,7107,7093,7108,-1,7108,7093,7095,-1,7108,7095,7109,-1,7067,7066,7095,-1,7095,7066,7065,-1,7095,7065,7109,-1,7109,7065,7064,-1,7109,7064,7063,-1,7089,7106,7110,-1,7110,7106,7107,-1,7110,7107,7111,-1,7111,7107,7108,-1,7111,7108,7112,-1,7112,7108,7109,-1,7112,7109,7113,-1,7113,7109,7063,-1,7114,7115,7116,-1,7116,7115,7087,-1,7087,7089,7116,-1,7116,7089,7110,-1,7116,7110,7117,-1,7117,7110,7111,-1,7117,7111,7118,-1,7118,7111,7112,-1,7118,7112,7119,-1,7119,7112,7113,-1,7119,7113,7120,-1,7088,7102,7089,-1,7089,7102,7090,-1,7089,7090,7106,-1,7106,7090,7092,-1,7106,7092,7094,-1,7094,7092,402,-1,7114,7097,7121,-1,7121,7097,7049,-1,7121,7049,1010,-1,7063,7062,7113,-1,7113,7062,7061,-1,7113,7061,7120,-1,7120,7061,7060,-1,7120,7060,7059,-1,7114,7116,7097,-1,7097,7116,7117,-1,7097,7117,7098,-1,7098,7117,7118,-1,7098,7118,7099,-1,7099,7118,7119,-1,7099,7119,7100,-1,7100,7119,7120,-1,7100,7120,7101,-1,7101,7120,7059,-1,7101,7059,7058,-1,7071,7072,7122,-1,7123,7124,7125,-1,400,7126,7127,-1,7128,7126,400,-1,7125,7124,400,-1,7077,400,7124,-1,7129,7079,7078,-1,7079,7129,7080,-1,7080,7129,7130,-1,7080,7130,7081,-1,7081,7130,7131,-1,7081,7131,7082,-1,7082,7131,7132,-1,7082,7132,7083,-1,7083,7132,7084,-1,7084,7132,7133,-1,7084,7133,7085,-1,7085,7133,7086,-1,7086,7133,7134,-1,7086,7134,1009,-1,7135,7128,400,-1,7073,7074,7123,-1,7123,7074,7075,-1,7123,7075,7124,-1,7124,7075,7076,-1,7124,7076,7077,-1,7136,7127,7137,-1,7137,7127,7126,-1,7137,7126,7138,-1,7138,7126,7128,-1,7138,7128,7139,-1,7135,7140,7128,-1,7128,7140,7141,-1,7128,7141,7139,-1,7139,7141,7142,-1,7139,7142,7143,-1,7122,7136,7144,-1,7144,7136,7137,-1,7144,7137,7145,-1,7145,7137,7138,-1,7145,7138,7146,-1,7146,7138,7139,-1,7146,7139,7147,-1,7147,7139,7143,-1,7069,7070,7148,-1,7148,7070,7071,-1,7071,7122,7148,-1,7148,7122,7144,-1,7148,7144,7149,-1,7149,7144,7145,-1,7149,7145,7150,-1,7150,7145,7146,-1,7150,7146,7151,-1,7151,7146,7147,-1,7151,7147,7152,-1,7072,7073,7122,-1,7122,7073,7123,-1,7122,7123,7136,-1,7136,7123,7125,-1,7136,7125,7127,-1,7127,7125,400,-1,7069,7129,7068,-1,7068,7129,7078,-1,7068,7078,1014,-1,7143,7153,7147,-1,7147,7153,7154,-1,7147,7154,7152,-1,7152,7154,7155,-1,7152,7155,7156,-1,7069,7148,7129,-1,7129,7148,7149,-1,7129,7149,7130,-1,7130,7149,7150,-1,7130,7150,7131,-1,7131,7150,7151,-1,7131,7151,7132,-1,7132,7151,7152,-1,7132,7152,7133,-1,7133,7152,7156,-1,7133,7156,7134,-1,400,402,7096,-1,1010,1009,7121,-1,7121,1009,7134,-1,7121,7134,7114,-1,7114,7134,7156,-1,7114,7156,7115,-1,7115,7156,7155,-1,7115,7155,7087,-1,7087,7155,7154,-1,7087,7154,7088,-1,7088,7154,7153,-1,7088,7153,7102,-1,7102,7153,7143,-1,7102,7143,7103,-1,7103,7143,7142,-1,7103,7142,7104,-1,7104,7142,7141,-1,7104,7141,7105,-1,7105,7141,7140,-1,7105,7140,7096,-1,7096,7140,7135,-1,7096,7135,400,-1,972,424,426,-1,972,426,7157,-1,7157,426,7158,-1,7157,7158,7159,-1,7159,7158,7160,-1,7159,7160,7161,-1,7161,7160,7162,-1,7162,7160,7163,-1,7162,7163,7164,-1,7164,7163,7165,-1,7165,7163,7166,-1,7165,7166,7167,-1,7167,7166,7168,-1,7168,7166,7169,-1,7168,7169,7170,-1,435,433,7169,-1,7169,433,971,-1,7169,971,7170,-1,964,431,429,-1,964,429,7171,-1,7171,429,7172,-1,7171,7172,7173,-1,7173,7172,7174,-1,7173,7174,7175,-1,7175,7174,7176,-1,7176,7174,7177,-1,7176,7177,7178,-1,7178,7177,7179,-1,7179,7177,7180,-1,7179,7180,7181,-1,7181,7180,7182,-1,7182,7180,7183,-1,7182,7183,7184,-1,427,425,7183,-1,7183,425,975,-1,7183,975,7184,-1,7165,7167,7185,-1,7185,7167,7168,-1,7185,7168,970,-1,970,7168,7170,-1,970,7170,971,-1,7185,7186,7165,-1,7165,7186,7187,-1,7165,7187,7164,-1,7164,7187,7188,-1,7188,7189,7164,-1,7164,7189,7190,-1,7164,7190,7162,-1,7162,7190,7191,-1,7162,7191,7161,-1,7161,7191,7192,-1,7161,7192,7159,-1,7159,7192,7193,-1,7159,7193,7157,-1,7157,7193,973,-1,7157,973,972,-1,439,437,7194,-1,7194,437,7195,-1,7194,7195,7196,-1,7196,7195,7197,-1,7196,7197,7198,-1,7198,7197,7199,-1,7198,7199,7200,-1,7200,7199,7201,-1,7200,7201,7202,-1,7202,7201,7203,-1,7202,7203,7204,-1,7204,7203,7205,-1,7204,7205,7206,-1,7206,7205,7207,-1,7206,7207,7208,-1,7208,7207,7209,-1,7208,7209,7210,-1,7210,7209,7211,-1,7210,7211,973,-1,973,7211,974,-1,7179,7181,7212,-1,7212,7181,7182,-1,7212,7182,974,-1,974,7182,7184,-1,974,7184,975,-1,7212,7213,7179,-1,7179,7213,7214,-1,7179,7214,7178,-1,7178,7214,7215,-1,7215,7216,7178,-1,7178,7216,7217,-1,7178,7217,7176,-1,7176,7217,7218,-1,7176,7218,7175,-1,7175,7218,7219,-1,7175,7219,7173,-1,7173,7219,7220,-1,7173,7220,7171,-1,7171,7220,965,-1,7171,965,964,-1,968,432,434,-1,968,434,7221,-1,7221,434,7222,-1,7221,7222,7223,-1,7223,7222,7224,-1,7223,7224,7225,-1,7225,7224,7226,-1,7226,7224,7227,-1,7226,7227,7228,-1,7228,7227,7229,-1,7229,7227,7230,-1,7229,7230,7231,-1,7231,7230,7232,-1,7232,7230,7233,-1,7232,7233,7234,-1,420,422,7233,-1,7233,422,963,-1,7233,963,7234,-1,7235,7236,439,-1,7237,7238,439,-1,7239,7240,7236,-1,7236,7240,439,-1,7238,7235,439,-1,7196,7198,7241,-1,7242,7186,7185,-1,7186,7242,7187,-1,7187,7242,7243,-1,7187,7243,7188,-1,7188,7243,7244,-1,7188,7244,7189,-1,7189,7244,7245,-1,7189,7245,7190,-1,7190,7245,7191,-1,7191,7245,7246,-1,7191,7246,7192,-1,7192,7246,7193,-1,7193,7246,7210,-1,7193,7210,973,-1,7204,7206,7247,-1,7247,7206,7208,-1,7248,7242,7249,-1,7249,7242,7185,-1,7249,7185,970,-1,7248,7250,7242,-1,7242,7250,7251,-1,7242,7251,7243,-1,7243,7251,7252,-1,7243,7252,7244,-1,7244,7252,7253,-1,7244,7253,7245,-1,7245,7253,7247,-1,7245,7247,7246,-1,7246,7247,7208,-1,7246,7208,7210,-1,7204,7247,7254,-1,7254,7247,7253,-1,7254,7253,7255,-1,7255,7253,7252,-1,7255,7252,7256,-1,7256,7252,7251,-1,7256,7251,7257,-1,7257,7251,7250,-1,7257,7250,7258,-1,7198,7200,7254,-1,7254,7200,7202,-1,7254,7202,7204,-1,7248,7259,7250,-1,7250,7259,7260,-1,7250,7260,7258,-1,7258,7260,7261,-1,7258,7261,7262,-1,7198,7254,7241,-1,7241,7254,7255,-1,7241,7255,7263,-1,7263,7255,7256,-1,7263,7256,7264,-1,7264,7256,7257,-1,7264,7257,7265,-1,7265,7257,7258,-1,7265,7258,7266,-1,7266,7258,7262,-1,7266,7262,7267,-1,439,7194,7268,-1,7268,7194,7196,-1,7237,439,7268,-1,7196,7241,7268,-1,7268,7241,7263,-1,7268,7263,7237,-1,7237,7263,7264,-1,7237,7264,7238,-1,7238,7264,7265,-1,7238,7265,7235,-1,7235,7265,7266,-1,7235,7266,7236,-1,7236,7266,7267,-1,7236,7267,7239,-1,7269,7270,437,-1,7271,7272,437,-1,7197,7195,7270,-1,7270,7195,437,-1,7272,7269,437,-1,7273,7274,7275,-1,7276,7213,7212,-1,7213,7276,7214,-1,7214,7276,7277,-1,7214,7277,7215,-1,7215,7277,7278,-1,7215,7278,7216,-1,7216,7278,7279,-1,7216,7279,7217,-1,7217,7279,7218,-1,7218,7279,7280,-1,7218,7280,7219,-1,7219,7280,7220,-1,7220,7280,7281,-1,7220,7281,965,-1,7282,7283,7284,-1,7284,7283,7285,-1,7209,7276,7211,-1,7211,7276,7212,-1,7211,7212,974,-1,7209,7286,7276,-1,7276,7286,7287,-1,7276,7287,7277,-1,7277,7287,7288,-1,7277,7288,7278,-1,7278,7288,7289,-1,7278,7289,7279,-1,7279,7289,7284,-1,7279,7284,7280,-1,7280,7284,7285,-1,7280,7285,7281,-1,7282,7284,7290,-1,7290,7284,7289,-1,7290,7289,7291,-1,7291,7289,7288,-1,7291,7288,7292,-1,7292,7288,7287,-1,7292,7287,7293,-1,7293,7287,7286,-1,7293,7286,7294,-1,7274,7295,7290,-1,7290,7295,7296,-1,7290,7296,7282,-1,7209,7207,7286,-1,7286,7207,7205,-1,7286,7205,7294,-1,7294,7205,7203,-1,7294,7203,7201,-1,7274,7290,7275,-1,7275,7290,7291,-1,7275,7291,7297,-1,7297,7291,7292,-1,7297,7292,7298,-1,7298,7292,7293,-1,7298,7293,7299,-1,7299,7293,7294,-1,7299,7294,7300,-1,7300,7294,7201,-1,7300,7201,7199,-1,437,7301,7302,-1,7302,7301,7273,-1,7271,437,7302,-1,7273,7275,7302,-1,7302,7275,7297,-1,7302,7297,7271,-1,7271,7297,7298,-1,7271,7298,7272,-1,7272,7298,7299,-1,7272,7299,7269,-1,7269,7299,7300,-1,7269,7300,7270,-1,7270,7300,7199,-1,7270,7199,7197,-1,960,423,421,-1,960,421,7303,-1,7303,421,7304,-1,7303,7304,7305,-1,7305,7304,7306,-1,7305,7306,7307,-1,7307,7306,7308,-1,7308,7306,7309,-1,7308,7309,7310,-1,7310,7309,7311,-1,7311,7309,7312,-1,7311,7312,7313,-1,7313,7312,7314,-1,7314,7312,7315,-1,7314,7315,7316,-1,428,430,7315,-1,7315,430,967,-1,7315,967,7316,-1,7229,7231,7317,-1,7317,7231,7232,-1,7317,7232,962,-1,962,7232,7234,-1,962,7234,963,-1,7317,7318,7229,-1,7229,7318,7319,-1,7229,7319,7228,-1,7228,7319,7320,-1,7320,7321,7228,-1,7228,7321,7322,-1,7228,7322,7226,-1,7226,7322,7323,-1,7226,7323,7225,-1,7225,7323,7324,-1,7225,7324,7223,-1,7223,7324,7325,-1,7223,7325,7221,-1,7221,7325,969,-1,7221,969,968,-1,970,969,7249,-1,7249,969,7326,-1,7249,7326,7248,-1,7248,7326,7327,-1,7248,7327,7259,-1,7259,7327,7328,-1,7259,7328,7260,-1,7260,7328,7329,-1,7260,7329,7261,-1,7261,7329,7330,-1,7261,7330,7262,-1,7262,7330,7331,-1,7262,7331,7267,-1,7267,7331,7332,-1,7267,7332,7239,-1,7239,7332,7333,-1,7239,7333,7240,-1,7240,7333,7334,-1,7240,7334,439,-1,439,7334,438,-1,966,965,7335,-1,7335,965,7281,-1,7335,7281,7336,-1,7336,7281,7285,-1,7336,7285,7337,-1,7337,7285,7283,-1,7337,7283,7338,-1,7338,7283,7282,-1,7338,7282,7339,-1,7339,7282,7296,-1,7339,7296,7340,-1,7340,7296,7295,-1,7340,7295,7341,-1,7341,7295,7274,-1,7341,7274,7342,-1,7342,7274,7273,-1,7342,7273,7343,-1,7343,7273,7301,-1,7343,7301,436,-1,436,7301,437,-1,7311,7313,7344,-1,7344,7313,7314,-1,7344,7314,966,-1,966,7314,7316,-1,966,7316,967,-1,7344,7345,7311,-1,7311,7345,7346,-1,7311,7346,7310,-1,7310,7346,7347,-1,7347,7348,7310,-1,7310,7348,7349,-1,7310,7349,7308,-1,7308,7349,7350,-1,7308,7350,7307,-1,7307,7350,7351,-1,7307,7351,7305,-1,7305,7351,7352,-1,7305,7352,7303,-1,7303,7352,961,-1,7303,961,960,-1,7353,7354,438,-1,7355,7356,438,-1,7357,7358,7354,-1,7354,7358,438,-1,7356,7353,438,-1,7333,7332,7359,-1,7360,7318,7317,-1,7318,7360,7319,-1,7319,7360,7361,-1,7319,7361,7320,-1,7320,7361,7362,-1,7320,7362,7321,-1,7321,7362,7363,-1,7321,7363,7322,-1,7322,7363,7323,-1,7323,7363,7364,-1,7323,7364,7324,-1,7324,7364,7325,-1,7325,7364,7326,-1,7325,7326,969,-1,7329,7328,7365,-1,7365,7328,7327,-1,7366,7360,7367,-1,7367,7360,7317,-1,7367,7317,962,-1,7366,7368,7360,-1,7360,7368,7369,-1,7360,7369,7361,-1,7361,7369,7370,-1,7361,7370,7362,-1,7362,7370,7371,-1,7362,7371,7363,-1,7363,7371,7365,-1,7363,7365,7364,-1,7364,7365,7327,-1,7364,7327,7326,-1,7329,7365,7372,-1,7372,7365,7371,-1,7372,7371,7373,-1,7373,7371,7370,-1,7373,7370,7374,-1,7374,7370,7369,-1,7374,7369,7375,-1,7375,7369,7368,-1,7375,7368,7376,-1,7332,7331,7372,-1,7372,7331,7330,-1,7372,7330,7329,-1,7366,7377,7368,-1,7368,7377,7378,-1,7368,7378,7376,-1,7376,7378,7379,-1,7376,7379,7380,-1,7332,7372,7359,-1,7359,7372,7373,-1,7359,7373,7381,-1,7381,7373,7374,-1,7381,7374,7382,-1,7382,7374,7375,-1,7382,7375,7383,-1,7383,7375,7376,-1,7383,7376,7384,-1,7384,7376,7380,-1,7384,7380,7385,-1,438,7334,7386,-1,7386,7334,7333,-1,7355,438,7386,-1,7333,7359,7386,-1,7386,7359,7381,-1,7386,7381,7355,-1,7355,7381,7382,-1,7355,7382,7356,-1,7356,7382,7383,-1,7356,7383,7353,-1,7353,7383,7384,-1,7353,7384,7354,-1,7354,7384,7385,-1,7354,7385,7357,-1,7387,7388,436,-1,7389,7390,436,-1,7342,7343,7388,-1,7388,7343,436,-1,7390,7387,436,-1,7391,7392,7393,-1,7394,7345,7344,-1,7345,7394,7346,-1,7346,7394,7395,-1,7346,7395,7347,-1,7347,7395,7396,-1,7347,7396,7348,-1,7348,7396,7397,-1,7348,7397,7349,-1,7349,7397,7350,-1,7350,7397,7398,-1,7350,7398,7351,-1,7351,7398,7352,-1,7352,7398,7399,-1,7352,7399,961,-1,7400,7401,7402,-1,7402,7401,7403,-1,7336,7394,7335,-1,7335,7394,7344,-1,7335,7344,966,-1,7336,7404,7394,-1,7394,7404,7405,-1,7394,7405,7395,-1,7395,7405,7406,-1,7395,7406,7396,-1,7396,7406,7407,-1,7396,7407,7397,-1,7397,7407,7402,-1,7397,7402,7398,-1,7398,7402,7403,-1,7398,7403,7399,-1,7400,7402,7408,-1,7408,7402,7407,-1,7408,7407,7409,-1,7409,7407,7406,-1,7409,7406,7410,-1,7410,7406,7405,-1,7410,7405,7411,-1,7411,7405,7404,-1,7411,7404,7412,-1,7392,7413,7408,-1,7408,7413,7414,-1,7408,7414,7400,-1,7336,7337,7404,-1,7404,7337,7338,-1,7404,7338,7412,-1,7412,7338,7339,-1,7412,7339,7340,-1,7392,7408,7393,-1,7393,7408,7409,-1,7393,7409,7415,-1,7415,7409,7410,-1,7415,7410,7416,-1,7416,7410,7411,-1,7416,7411,7417,-1,7417,7411,7412,-1,7417,7412,7418,-1,7418,7412,7340,-1,7418,7340,7341,-1,436,7419,7420,-1,7420,7419,7391,-1,7389,436,7420,-1,7391,7393,7420,-1,7420,7393,7415,-1,7420,7415,7389,-1,7389,7415,7416,-1,7389,7416,7390,-1,7390,7416,7417,-1,7390,7417,7387,-1,7387,7417,7418,-1,7387,7418,7388,-1,7388,7418,7341,-1,7388,7341,7342,-1,962,961,7367,-1,7367,961,7399,-1,7367,7399,7366,-1,7366,7399,7403,-1,7366,7403,7377,-1,7377,7403,7401,-1,7377,7401,7378,-1,7378,7401,7400,-1,7378,7400,7379,-1,7379,7400,7414,-1,7379,7414,7380,-1,7380,7414,7413,-1,7380,7413,7385,-1,7385,7413,7392,-1,7385,7392,7357,-1,7357,7392,7391,-1,7357,7391,7358,-1,7358,7391,7419,-1,7358,7419,438,-1,438,7419,436,-1,988,463,461,-1,988,461,7421,-1,7421,461,7422,-1,7421,7422,7423,-1,7423,7422,7424,-1,7423,7424,7425,-1,7425,7424,7426,-1,7426,7424,7427,-1,7426,7427,7428,-1,7428,7427,7429,-1,7429,7427,7430,-1,7429,7430,7431,-1,7431,7430,7432,-1,7432,7430,7433,-1,7432,7433,7434,-1,475,473,7433,-1,7433,473,987,-1,7433,987,7434,-1,980,468,470,-1,980,470,7435,-1,7435,470,7436,-1,7435,7436,7437,-1,7437,7436,7438,-1,7437,7438,7439,-1,7439,7438,7440,-1,7440,7438,7441,-1,7440,7441,7442,-1,7442,7441,7443,-1,7443,7441,7444,-1,7443,7444,7445,-1,7445,7444,7446,-1,7446,7444,7447,-1,7446,7447,7448,-1,460,462,7447,-1,7447,462,991,-1,7447,991,7448,-1,7429,7431,7449,-1,7449,7431,7432,-1,7449,7432,986,-1,986,7432,7434,-1,986,7434,987,-1,7449,7450,7429,-1,7429,7450,7451,-1,7429,7451,7428,-1,7428,7451,7452,-1,7452,7453,7428,-1,7428,7453,7454,-1,7428,7454,7426,-1,7426,7454,7455,-1,7426,7455,7425,-1,7425,7455,7456,-1,7425,7456,7423,-1,7423,7456,7457,-1,7423,7457,7421,-1,7421,7457,989,-1,7421,989,988,-1,990,989,7458,-1,7458,989,7459,-1,7458,7459,7460,-1,7460,7459,7461,-1,7460,7461,7462,-1,7462,7461,7463,-1,7462,7463,7464,-1,7464,7463,7465,-1,7464,7465,7466,-1,7466,7465,7467,-1,7466,7467,7468,-1,7468,7467,7469,-1,7468,7469,7470,-1,7470,7469,7471,-1,7470,7471,7472,-1,7472,7471,7473,-1,7472,7473,7474,-1,7474,7473,7475,-1,7474,7475,477,-1,477,7475,479,-1,7443,7445,7476,-1,7476,7445,7446,-1,7476,7446,990,-1,990,7446,7448,-1,990,7448,991,-1,7476,7477,7443,-1,7443,7477,7478,-1,7443,7478,7442,-1,7442,7478,7479,-1,7479,7480,7442,-1,7442,7480,7481,-1,7442,7481,7440,-1,7440,7481,7482,-1,7440,7482,7439,-1,7439,7482,7483,-1,7439,7483,7437,-1,7437,7483,7484,-1,7437,7484,7435,-1,7435,7484,981,-1,7435,981,980,-1,984,472,474,-1,984,474,7485,-1,7485,474,7486,-1,7485,7486,7487,-1,7487,7486,7488,-1,7487,7488,7489,-1,7489,7488,7490,-1,7490,7488,7491,-1,7490,7491,7492,-1,7492,7491,7493,-1,7493,7491,7494,-1,7493,7494,7495,-1,7495,7494,7496,-1,7496,7494,7497,-1,7496,7497,7498,-1,464,466,7497,-1,7497,466,979,-1,7497,979,7498,-1,7499,7500,479,-1,7501,7502,479,-1,7503,7504,7500,-1,7500,7504,479,-1,7502,7499,479,-1,7473,7471,7505,-1,7506,7450,7449,-1,7450,7506,7451,-1,7451,7506,7507,-1,7451,7507,7452,-1,7452,7507,7508,-1,7452,7508,7453,-1,7453,7508,7509,-1,7453,7509,7454,-1,7454,7509,7455,-1,7455,7509,7510,-1,7455,7510,7456,-1,7456,7510,7457,-1,7457,7510,7459,-1,7457,7459,989,-1,7465,7463,7511,-1,7511,7463,7461,-1,7512,7506,7513,-1,7513,7506,7449,-1,7513,7449,986,-1,7512,7514,7506,-1,7506,7514,7515,-1,7506,7515,7507,-1,7507,7515,7516,-1,7507,7516,7508,-1,7508,7516,7517,-1,7508,7517,7509,-1,7509,7517,7511,-1,7509,7511,7510,-1,7510,7511,7461,-1,7510,7461,7459,-1,7465,7511,7518,-1,7518,7511,7517,-1,7518,7517,7519,-1,7519,7517,7516,-1,7519,7516,7520,-1,7520,7516,7515,-1,7520,7515,7521,-1,7521,7515,7514,-1,7521,7514,7522,-1,7471,7469,7518,-1,7518,7469,7467,-1,7518,7467,7465,-1,7512,7523,7514,-1,7514,7523,7524,-1,7514,7524,7522,-1,7522,7524,7525,-1,7522,7525,7526,-1,7471,7518,7505,-1,7505,7518,7519,-1,7505,7519,7527,-1,7527,7519,7520,-1,7527,7520,7528,-1,7528,7520,7521,-1,7528,7521,7529,-1,7529,7521,7522,-1,7529,7522,7530,-1,7530,7522,7526,-1,7530,7526,7531,-1,479,7475,7532,-1,7532,7475,7473,-1,7501,479,7532,-1,7473,7505,7532,-1,7532,7505,7527,-1,7532,7527,7501,-1,7501,7527,7528,-1,7501,7528,7502,-1,7502,7528,7529,-1,7502,7529,7499,-1,7499,7529,7530,-1,7499,7530,7500,-1,7500,7530,7531,-1,7500,7531,7503,-1,7533,7534,477,-1,7535,7536,477,-1,7472,7474,7534,-1,7534,7474,477,-1,7536,7533,477,-1,7537,7538,7539,-1,7540,7477,7476,-1,7477,7540,7478,-1,7478,7540,7541,-1,7478,7541,7479,-1,7479,7541,7542,-1,7479,7542,7480,-1,7480,7542,7543,-1,7480,7543,7481,-1,7481,7543,7482,-1,7482,7543,7544,-1,7482,7544,7483,-1,7483,7544,7484,-1,7484,7544,7545,-1,7484,7545,981,-1,7546,7547,7548,-1,7548,7547,7549,-1,7460,7540,7458,-1,7458,7540,7476,-1,7458,7476,990,-1,7460,7550,7540,-1,7540,7550,7551,-1,7540,7551,7541,-1,7541,7551,7552,-1,7541,7552,7542,-1,7542,7552,7553,-1,7542,7553,7543,-1,7543,7553,7548,-1,7543,7548,7544,-1,7544,7548,7549,-1,7544,7549,7545,-1,7546,7548,7554,-1,7554,7548,7553,-1,7554,7553,7555,-1,7555,7553,7552,-1,7555,7552,7556,-1,7556,7552,7551,-1,7556,7551,7557,-1,7557,7551,7550,-1,7557,7550,7558,-1,7538,7559,7554,-1,7554,7559,7560,-1,7554,7560,7546,-1,7460,7462,7550,-1,7550,7462,7464,-1,7550,7464,7558,-1,7558,7464,7466,-1,7558,7466,7468,-1,7538,7554,7539,-1,7539,7554,7555,-1,7539,7555,7561,-1,7561,7555,7556,-1,7561,7556,7562,-1,7562,7556,7557,-1,7562,7557,7563,-1,7563,7557,7558,-1,7563,7558,7564,-1,7564,7558,7468,-1,7564,7468,7470,-1,477,7565,7566,-1,7566,7565,7537,-1,7535,477,7566,-1,7537,7539,7566,-1,7566,7539,7561,-1,7566,7561,7535,-1,7535,7561,7562,-1,7535,7562,7536,-1,7536,7562,7563,-1,7536,7563,7533,-1,7533,7563,7564,-1,7533,7564,7534,-1,7534,7564,7470,-1,7534,7470,7472,-1,976,467,465,-1,976,465,7567,-1,7567,465,7568,-1,7567,7568,7569,-1,7569,7568,7570,-1,7569,7570,7571,-1,7571,7570,7572,-1,7572,7570,7573,-1,7572,7573,7574,-1,7574,7573,7575,-1,7575,7573,7576,-1,7575,7576,7577,-1,7577,7576,7578,-1,7578,7576,7579,-1,7578,7579,7580,-1,471,469,7579,-1,7579,469,983,-1,7579,983,7580,-1,7493,7495,7581,-1,7581,7495,7496,-1,7581,7496,978,-1,978,7496,7498,-1,978,7498,979,-1,7581,7582,7493,-1,7493,7582,7583,-1,7493,7583,7492,-1,7492,7583,7584,-1,7584,7585,7492,-1,7492,7585,7586,-1,7492,7586,7490,-1,7490,7586,7587,-1,7490,7587,7489,-1,7489,7587,7588,-1,7489,7588,7487,-1,7487,7588,7589,-1,7487,7589,7485,-1,7485,7589,985,-1,7485,985,984,-1,478,479,7590,-1,7590,479,7504,-1,7590,7504,7591,-1,7591,7504,7503,-1,7591,7503,7592,-1,7592,7503,7531,-1,7592,7531,7593,-1,7593,7531,7526,-1,7593,7526,7594,-1,7594,7526,7525,-1,7594,7525,7595,-1,7595,7525,7524,-1,7595,7524,7596,-1,7596,7524,7523,-1,7596,7523,7597,-1,7597,7523,7512,-1,7597,7512,7598,-1,7598,7512,7513,-1,7598,7513,985,-1,985,7513,986,-1,982,981,7599,-1,7599,981,7545,-1,7599,7545,7600,-1,7600,7545,7549,-1,7600,7549,7601,-1,7601,7549,7547,-1,7601,7547,7602,-1,7602,7547,7546,-1,7602,7546,7603,-1,7603,7546,7560,-1,7603,7560,7604,-1,7604,7560,7559,-1,7604,7559,7605,-1,7605,7559,7538,-1,7605,7538,7606,-1,7606,7538,7537,-1,7606,7537,7607,-1,7607,7537,7565,-1,7607,7565,476,-1,476,7565,477,-1,7575,7577,7608,-1,7608,7577,7578,-1,7608,7578,982,-1,982,7578,7580,-1,982,7580,983,-1,7608,7609,7575,-1,7575,7609,7610,-1,7575,7610,7574,-1,7574,7610,7611,-1,7611,7612,7574,-1,7574,7612,7613,-1,7574,7613,7572,-1,7572,7613,7614,-1,7572,7614,7571,-1,7571,7614,7615,-1,7571,7615,7569,-1,7569,7615,7616,-1,7569,7616,7567,-1,7567,7616,977,-1,7567,977,976,-1,7617,7618,478,-1,7619,7620,478,-1,7621,7622,7618,-1,7618,7622,478,-1,7620,7617,478,-1,7591,7592,7623,-1,7624,7582,7581,-1,7582,7624,7583,-1,7583,7624,7625,-1,7583,7625,7584,-1,7584,7625,7626,-1,7584,7626,7585,-1,7585,7626,7627,-1,7585,7627,7586,-1,7586,7627,7587,-1,7587,7627,7628,-1,7587,7628,7588,-1,7588,7628,7589,-1,7589,7628,7598,-1,7589,7598,985,-1,7595,7596,7629,-1,7629,7596,7597,-1,7630,7624,7631,-1,7631,7624,7581,-1,7631,7581,978,-1,7630,7632,7624,-1,7624,7632,7633,-1,7624,7633,7625,-1,7625,7633,7634,-1,7625,7634,7626,-1,7626,7634,7635,-1,7626,7635,7627,-1,7627,7635,7629,-1,7627,7629,7628,-1,7628,7629,7597,-1,7628,7597,7598,-1,7595,7629,7636,-1,7636,7629,7635,-1,7636,7635,7637,-1,7637,7635,7634,-1,7637,7634,7638,-1,7638,7634,7633,-1,7638,7633,7639,-1,7639,7633,7632,-1,7639,7632,7640,-1,7592,7593,7636,-1,7636,7593,7594,-1,7636,7594,7595,-1,7630,7641,7632,-1,7632,7641,7642,-1,7632,7642,7640,-1,7640,7642,7643,-1,7640,7643,7644,-1,7592,7636,7623,-1,7623,7636,7637,-1,7623,7637,7645,-1,7645,7637,7638,-1,7645,7638,7646,-1,7646,7638,7639,-1,7646,7639,7647,-1,7647,7639,7640,-1,7647,7640,7648,-1,7648,7640,7644,-1,7648,7644,7649,-1,478,7590,7650,-1,7650,7590,7591,-1,7619,478,7650,-1,7591,7623,7650,-1,7650,7623,7645,-1,7650,7645,7619,-1,7619,7645,7646,-1,7619,7646,7620,-1,7620,7646,7647,-1,7620,7647,7617,-1,7617,7647,7648,-1,7617,7648,7618,-1,7618,7648,7649,-1,7618,7649,7621,-1,7651,7652,476,-1,7653,7654,476,-1,7606,7607,7652,-1,7652,7607,476,-1,7654,7651,476,-1,7655,7656,7657,-1,7658,7609,7608,-1,7609,7658,7610,-1,7610,7658,7659,-1,7610,7659,7611,-1,7611,7659,7660,-1,7611,7660,7612,-1,7612,7660,7661,-1,7612,7661,7613,-1,7613,7661,7614,-1,7614,7661,7662,-1,7614,7662,7615,-1,7615,7662,7616,-1,7616,7662,7663,-1,7616,7663,977,-1,7664,7665,7666,-1,7666,7665,7667,-1,7600,7658,7599,-1,7599,7658,7608,-1,7599,7608,982,-1,7600,7668,7658,-1,7658,7668,7669,-1,7658,7669,7659,-1,7659,7669,7670,-1,7659,7670,7660,-1,7660,7670,7671,-1,7660,7671,7661,-1,7661,7671,7666,-1,7661,7666,7662,-1,7662,7666,7667,-1,7662,7667,7663,-1,7664,7666,7672,-1,7672,7666,7671,-1,7672,7671,7673,-1,7673,7671,7670,-1,7673,7670,7674,-1,7674,7670,7669,-1,7674,7669,7675,-1,7675,7669,7668,-1,7675,7668,7676,-1,7656,7677,7672,-1,7672,7677,7678,-1,7672,7678,7664,-1,7600,7601,7668,-1,7668,7601,7602,-1,7668,7602,7676,-1,7676,7602,7603,-1,7676,7603,7604,-1,7656,7672,7657,-1,7657,7672,7673,-1,7657,7673,7679,-1,7679,7673,7674,-1,7679,7674,7680,-1,7680,7674,7675,-1,7680,7675,7681,-1,7681,7675,7676,-1,7681,7676,7682,-1,7682,7676,7604,-1,7682,7604,7605,-1,476,7683,7684,-1,7684,7683,7655,-1,7653,476,7684,-1,7655,7657,7684,-1,7684,7657,7679,-1,7684,7679,7653,-1,7653,7679,7680,-1,7653,7680,7654,-1,7654,7680,7681,-1,7654,7681,7651,-1,7651,7681,7682,-1,7651,7682,7652,-1,7652,7682,7605,-1,7652,7605,7606,-1,476,478,7683,-1,7683,478,7622,-1,7683,7622,7655,-1,7655,7622,7621,-1,7655,7621,7656,-1,7656,7621,7649,-1,7656,7649,7677,-1,7677,7649,7644,-1,7677,7644,7678,-1,7678,7644,7643,-1,7678,7643,7664,-1,7664,7643,7642,-1,7664,7642,7665,-1,7665,7642,7641,-1,7665,7641,7667,-1,7667,7641,7630,-1,7667,7630,7663,-1,7663,7630,7631,-1,7663,7631,977,-1,977,7631,978,-1,1068,532,534,-1,1068,534,7685,-1,7685,534,7686,-1,7685,7686,7687,-1,7687,7686,7688,-1,7687,7688,7689,-1,7689,7688,7690,-1,7690,7688,7691,-1,7690,7691,7692,-1,7692,7691,7693,-1,7693,7691,7694,-1,7693,7694,7695,-1,7695,7694,7696,-1,7696,7694,7697,-1,7696,7697,7698,-1,527,525,7697,-1,7697,525,1067,-1,7697,1067,7698,-1,1060,531,529,-1,1060,529,7699,-1,7699,529,7700,-1,7699,7700,7701,-1,7701,7700,7702,-1,7701,7702,7703,-1,7703,7702,7704,-1,7704,7702,7705,-1,7704,7705,7706,-1,7706,7705,7707,-1,7707,7705,7708,-1,7707,7708,7709,-1,7709,7708,7710,-1,7710,7708,7711,-1,7710,7711,7712,-1,535,533,7711,-1,7711,533,1071,-1,7711,1071,7712,-1,7693,7695,7713,-1,7713,7695,7696,-1,7713,7696,1066,-1,1066,7696,7698,-1,1066,7698,1067,-1,7713,7714,7693,-1,7693,7714,7715,-1,7693,7715,7692,-1,7692,7715,7716,-1,7716,7717,7692,-1,7692,7717,7718,-1,7692,7718,7690,-1,7690,7718,7719,-1,7690,7719,7689,-1,7689,7719,7720,-1,7689,7720,7687,-1,7687,7720,7721,-1,7687,7721,7685,-1,7685,7721,1069,-1,7685,1069,1068,-1,523,521,7722,-1,1070,1069,7723,-1,7723,1069,7724,-1,7723,7724,7725,-1,7725,7724,7726,-1,7725,7726,7727,-1,7727,7726,7728,-1,7727,7728,7729,-1,7729,7728,7730,-1,7729,7730,7731,-1,7731,7730,7732,-1,7731,7732,7733,-1,7733,7732,7734,-1,7733,7734,7735,-1,7735,7734,7736,-1,7735,7736,7737,-1,7737,7736,7738,-1,7737,7738,7739,-1,7739,7738,7740,-1,7739,7740,7722,-1,7722,7740,7741,-1,7722,7741,523,-1,7707,7709,7742,-1,7742,7709,7710,-1,7742,7710,1070,-1,1070,7710,7712,-1,1070,7712,1071,-1,7742,7743,7707,-1,7707,7743,7744,-1,7707,7744,7706,-1,7706,7744,7745,-1,7745,7746,7706,-1,7706,7746,7747,-1,7706,7747,7704,-1,7704,7747,7748,-1,7704,7748,7703,-1,7703,7748,7749,-1,7703,7749,7701,-1,7701,7749,7750,-1,7701,7750,7699,-1,7699,7750,1061,-1,7699,1061,1060,-1,1064,524,526,-1,1064,526,7751,-1,7751,526,7752,-1,7751,7752,7753,-1,7753,7752,7754,-1,7753,7754,7755,-1,7755,7754,7756,-1,7756,7754,7757,-1,7756,7757,7758,-1,7758,7757,7759,-1,7759,7757,7760,-1,7759,7760,7761,-1,7761,7760,7762,-1,7762,7760,7763,-1,7762,7763,7764,-1,536,538,7763,-1,7763,538,1059,-1,7763,1059,7764,-1,7765,7766,7767,-1,7768,7769,7770,-1,523,7771,7772,-1,7773,7771,523,-1,7770,7769,523,-1,7774,523,7769,-1,7775,7714,7713,-1,7714,7775,7715,-1,7715,7775,7776,-1,7715,7776,7716,-1,7716,7776,7777,-1,7716,7777,7717,-1,7717,7777,7778,-1,7717,7778,7718,-1,7718,7778,7719,-1,7719,7778,7779,-1,7719,7779,7720,-1,7720,7779,7721,-1,7721,7779,7724,-1,7721,7724,1069,-1,7741,7773,523,-1,7780,7781,7768,-1,7768,7781,7782,-1,7768,7782,7769,-1,7769,7782,7783,-1,7769,7783,7774,-1,7784,7772,7785,-1,7785,7772,7771,-1,7785,7771,7786,-1,7786,7771,7773,-1,7786,7773,7787,-1,7741,7740,7773,-1,7773,7740,7738,-1,7773,7738,7787,-1,7787,7738,7736,-1,7787,7736,7734,-1,7767,7784,7788,-1,7788,7784,7785,-1,7788,7785,7789,-1,7789,7785,7786,-1,7789,7786,7790,-1,7790,7786,7787,-1,7790,7787,7791,-1,7791,7787,7734,-1,7792,7793,7794,-1,7794,7793,7765,-1,7765,7767,7794,-1,7794,7767,7788,-1,7794,7788,7795,-1,7795,7788,7789,-1,7795,7789,7796,-1,7796,7789,7790,-1,7796,7790,7797,-1,7797,7790,7791,-1,7797,7791,7798,-1,7766,7780,7767,-1,7767,7780,7768,-1,7767,7768,7784,-1,7784,7768,7770,-1,7784,7770,7772,-1,7772,7770,523,-1,7792,7775,7799,-1,7799,7775,7713,-1,7799,7713,1066,-1,7734,7732,7791,-1,7791,7732,7730,-1,7791,7730,7798,-1,7798,7730,7728,-1,7798,7728,7726,-1,7792,7794,7775,-1,7775,7794,7795,-1,7775,7795,7776,-1,7776,7795,7796,-1,7776,7796,7777,-1,7777,7796,7797,-1,7777,7797,7778,-1,7778,7797,7798,-1,7778,7798,7779,-1,7779,7798,7726,-1,7779,7726,7724,-1,7729,7731,7800,-1,7801,7802,7803,-1,521,7804,7805,-1,7806,7804,521,-1,7803,7802,521,-1,7722,521,7802,-1,7807,7743,7742,-1,7743,7807,7744,-1,7744,7807,7808,-1,7744,7808,7745,-1,7745,7808,7809,-1,7745,7809,7746,-1,7746,7809,7810,-1,7746,7810,7747,-1,7747,7810,7748,-1,7748,7810,7811,-1,7748,7811,7749,-1,7749,7811,7750,-1,7750,7811,7812,-1,7750,7812,1061,-1,7813,7806,521,-1,7733,7735,7801,-1,7801,7735,7737,-1,7801,7737,7802,-1,7802,7737,7739,-1,7802,7739,7722,-1,7814,7805,7815,-1,7815,7805,7804,-1,7815,7804,7816,-1,7816,7804,7806,-1,7816,7806,7817,-1,7813,7818,7806,-1,7806,7818,7819,-1,7806,7819,7817,-1,7817,7819,7820,-1,7817,7820,7821,-1,7800,7814,7822,-1,7822,7814,7815,-1,7822,7815,7823,-1,7823,7815,7816,-1,7823,7816,7824,-1,7824,7816,7817,-1,7824,7817,7825,-1,7825,7817,7821,-1,7725,7727,7826,-1,7826,7727,7729,-1,7729,7800,7826,-1,7826,7800,7822,-1,7826,7822,7827,-1,7827,7822,7823,-1,7827,7823,7828,-1,7828,7823,7824,-1,7828,7824,7829,-1,7829,7824,7825,-1,7829,7825,7830,-1,7731,7733,7800,-1,7800,7733,7801,-1,7800,7801,7814,-1,7814,7801,7803,-1,7814,7803,7805,-1,7805,7803,521,-1,7725,7807,7723,-1,7723,7807,7742,-1,7723,7742,1070,-1,7821,7831,7825,-1,7825,7831,7832,-1,7825,7832,7830,-1,7830,7832,7833,-1,7830,7833,7834,-1,7725,7826,7807,-1,7807,7826,7827,-1,7807,7827,7808,-1,7808,7827,7828,-1,7808,7828,7809,-1,7809,7828,7829,-1,7809,7829,7810,-1,7810,7829,7830,-1,7810,7830,7811,-1,7811,7830,7834,-1,7811,7834,7812,-1,1056,539,537,-1,1056,537,7835,-1,7835,537,7836,-1,7835,7836,7837,-1,7837,7836,7838,-1,7837,7838,7839,-1,7839,7838,7840,-1,7840,7838,7841,-1,7840,7841,7842,-1,7842,7841,7843,-1,7843,7841,7844,-1,7843,7844,7845,-1,7845,7844,7846,-1,7846,7844,7847,-1,7846,7847,7848,-1,528,530,7847,-1,7847,530,1063,-1,7847,1063,7848,-1,1059,1058,7764,-1,7764,1058,7849,-1,7764,7849,7762,-1,7762,7849,7850,-1,7762,7850,7761,-1,7761,7850,7851,-1,7761,7851,7759,-1,7851,7852,7759,-1,7759,7852,7853,-1,7759,7853,7758,-1,7758,7853,7854,-1,7758,7854,7756,-1,7756,7854,7855,-1,7756,7855,7755,-1,7755,7855,7856,-1,7755,7856,7753,-1,7753,7856,7751,-1,7751,7856,1064,-1,1064,7856,7857,-1,1064,7857,1065,-1,522,523,7774,-1,1066,1065,7799,-1,7799,1065,7858,-1,7799,7858,7792,-1,7792,7858,7859,-1,7792,7859,7793,-1,7793,7859,7860,-1,7793,7860,7765,-1,7765,7860,7861,-1,7765,7861,7766,-1,7766,7861,7862,-1,7766,7862,7780,-1,7780,7862,7863,-1,7780,7863,7781,-1,7781,7863,7864,-1,7781,7864,7782,-1,7782,7864,7865,-1,7782,7865,7783,-1,7783,7865,7866,-1,7783,7866,7774,-1,7774,7866,7867,-1,7774,7867,522,-1,1062,1061,7868,-1,7868,1061,7812,-1,7868,7812,7869,-1,7869,7812,7834,-1,7869,7834,7870,-1,7870,7834,7833,-1,7870,7833,7871,-1,7871,7833,7832,-1,7871,7832,7872,-1,7872,7832,7831,-1,7872,7831,7873,-1,7873,7831,7821,-1,7873,7821,7874,-1,7874,7821,7820,-1,7874,7820,7875,-1,7875,7820,7819,-1,7875,7819,7876,-1,7876,7819,7818,-1,7876,7818,7877,-1,7818,7813,7877,-1,7877,7813,521,-1,7877,521,520,-1,1063,1062,7848,-1,7848,1062,7878,-1,7848,7878,7846,-1,7846,7878,7879,-1,7846,7879,7845,-1,7845,7879,7880,-1,7845,7880,7843,-1,7880,7881,7843,-1,7843,7881,7882,-1,7843,7882,7842,-1,7842,7882,7883,-1,7842,7883,7840,-1,7840,7883,7884,-1,7840,7884,7839,-1,7839,7884,7885,-1,7839,7885,7837,-1,7837,7885,7835,-1,7835,7885,1056,-1,1056,7885,7886,-1,1056,7886,1057,-1,7887,7888,7889,-1,7890,7891,7892,-1,7893,7894,7895,-1,522,7896,7897,-1,7898,7896,522,-1,7895,7894,522,-1,7899,522,7894,-1,7849,7900,7850,-1,7850,7900,7901,-1,7853,7852,7901,-1,7901,7852,7851,-1,7901,7851,7850,-1,7901,7902,7853,-1,7853,7902,7903,-1,7853,7903,7854,-1,7854,7903,7904,-1,7854,7904,7855,-1,7855,7904,7856,-1,7856,7904,7905,-1,7856,7905,7857,-1,7857,7905,7858,-1,7857,7858,1065,-1,7867,7898,522,-1,7906,7907,7893,-1,7893,7907,7908,-1,7893,7908,7894,-1,7894,7908,7909,-1,7894,7909,7899,-1,7910,7897,7911,-1,7911,7897,7896,-1,7911,7896,7912,-1,7912,7896,7898,-1,7912,7898,7913,-1,7891,7906,7892,-1,7892,7906,7893,-1,7892,7893,7914,-1,7914,7893,7895,-1,7914,7895,7915,-1,7915,7895,522,-1,7867,7866,7898,-1,7898,7866,7865,-1,7898,7865,7913,-1,7913,7865,7864,-1,7913,7864,7863,-1,7916,7910,7917,-1,7917,7910,7911,-1,7917,7911,7918,-1,7918,7911,7912,-1,7918,7912,7919,-1,7919,7912,7913,-1,7919,7913,7920,-1,7920,7913,7863,-1,7889,7916,7921,-1,7921,7916,7917,-1,7921,7917,7922,-1,7922,7917,7918,-1,7922,7918,7923,-1,7923,7918,7919,-1,7923,7919,7924,-1,7924,7919,7920,-1,7924,7920,7925,-1,7888,7890,7889,-1,7889,7890,7892,-1,7889,7892,7916,-1,7916,7892,7914,-1,7916,7914,7910,-1,7910,7914,7915,-1,7910,7915,7897,-1,7897,7915,522,-1,7849,1058,7900,-1,7900,1058,7926,-1,7900,7926,7887,-1,7863,7862,7920,-1,7920,7862,7861,-1,7920,7861,7925,-1,7925,7861,7860,-1,7925,7860,7859,-1,7887,7889,7900,-1,7900,7889,7921,-1,7900,7921,7901,-1,7901,7921,7922,-1,7901,7922,7902,-1,7902,7922,7923,-1,7902,7923,7903,-1,7903,7923,7924,-1,7903,7924,7904,-1,7904,7924,7925,-1,7904,7925,7905,-1,7905,7925,7859,-1,7905,7859,7858,-1,7869,7870,7927,-1,7871,7872,7928,-1,7929,7930,7931,-1,520,7932,7933,-1,7934,7932,520,-1,7931,7930,520,-1,7877,520,7930,-1,7878,7935,7879,-1,7879,7935,7936,-1,7882,7881,7936,-1,7936,7881,7880,-1,7936,7880,7879,-1,7936,7937,7882,-1,7882,7937,7938,-1,7882,7938,7883,-1,7883,7938,7939,-1,7883,7939,7884,-1,7884,7939,7885,-1,7885,7939,7940,-1,7885,7940,7886,-1,7886,7940,7941,-1,7886,7941,1057,-1,7942,7934,520,-1,7873,7874,7929,-1,7929,7874,7875,-1,7929,7875,7930,-1,7930,7875,7876,-1,7930,7876,7877,-1,7943,7933,7944,-1,7944,7933,7932,-1,7944,7932,7945,-1,7945,7932,7934,-1,7945,7934,7946,-1,7872,7873,7928,-1,7928,7873,7929,-1,7928,7929,7947,-1,7947,7929,7931,-1,7947,7931,7948,-1,7948,7931,520,-1,7942,7949,7934,-1,7934,7949,7950,-1,7934,7950,7946,-1,7946,7950,7951,-1,7946,7951,7952,-1,7953,7943,7954,-1,7954,7943,7944,-1,7954,7944,7955,-1,7955,7944,7945,-1,7955,7945,7956,-1,7956,7945,7946,-1,7956,7946,7957,-1,7957,7946,7952,-1,7927,7953,7958,-1,7958,7953,7954,-1,7958,7954,7959,-1,7959,7954,7955,-1,7959,7955,7960,-1,7960,7955,7956,-1,7960,7956,7961,-1,7961,7956,7957,-1,7961,7957,7962,-1,7870,7871,7927,-1,7927,7871,7928,-1,7927,7928,7953,-1,7953,7928,7947,-1,7953,7947,7943,-1,7943,7947,7948,-1,7943,7948,7933,-1,7933,7948,520,-1,7878,1062,7935,-1,7935,1062,7868,-1,7935,7868,7869,-1,7952,7963,7957,-1,7957,7963,7964,-1,7957,7964,7962,-1,7962,7964,7965,-1,7962,7965,7966,-1,7869,7927,7935,-1,7935,7927,7958,-1,7935,7958,7936,-1,7936,7958,7959,-1,7936,7959,7937,-1,7937,7959,7960,-1,7937,7960,7938,-1,7938,7960,7961,-1,7938,7961,7939,-1,7939,7961,7962,-1,7939,7962,7940,-1,7940,7962,7966,-1,7940,7966,7941,-1,1058,1057,7926,-1,7926,1057,7941,-1,7926,7941,7887,-1,7887,7941,7966,-1,7887,7966,7888,-1,7888,7966,7965,-1,7888,7965,7890,-1,7890,7965,7964,-1,7890,7964,7891,-1,7891,7964,7963,-1,7891,7963,7906,-1,7906,7963,7952,-1,7906,7952,7907,-1,7907,7952,7951,-1,7907,7951,7908,-1,7908,7951,7950,-1,7908,7950,7909,-1,7909,7950,7949,-1,7909,7949,7899,-1,7949,7942,7899,-1,7899,7942,520,-1,7899,520,522,-1,1084,496,498,-1,1084,498,7967,-1,7967,498,7968,-1,7967,7968,7969,-1,7969,7968,7970,-1,7969,7970,7971,-1,7971,7970,7972,-1,7972,7970,7973,-1,7972,7973,7974,-1,7974,7973,7975,-1,7975,7973,7976,-1,7975,7976,7977,-1,7977,7976,7978,-1,7978,7976,7979,-1,7978,7979,7980,-1,488,490,7979,-1,7979,490,1083,-1,7979,1083,7980,-1,1076,484,486,-1,1076,486,7981,-1,7981,486,7982,-1,7981,7982,7983,-1,7983,7982,7984,-1,7983,7984,7985,-1,7985,7984,7986,-1,7986,7984,7987,-1,7986,7987,7988,-1,7988,7987,7989,-1,7989,7987,7990,-1,7989,7990,7991,-1,7991,7990,7992,-1,7992,7990,7993,-1,7992,7993,7994,-1,499,497,7993,-1,7993,497,1087,-1,7993,1087,7994,-1,1083,1082,7980,-1,7980,1082,7995,-1,7980,7995,7978,-1,7978,7995,7996,-1,7978,7996,7977,-1,7977,7996,7997,-1,7977,7997,7975,-1,7997,7998,7975,-1,7975,7998,7999,-1,7975,7999,7974,-1,7974,7999,8000,-1,7974,8000,7972,-1,7972,8000,8001,-1,7972,8001,7971,-1,7971,8001,8002,-1,1085,1084,8003,-1,8003,1084,7967,-1,8003,7967,8002,-1,8002,7967,7969,-1,8002,7969,7971,-1,1086,1085,8004,-1,8004,1085,8005,-1,8004,8005,8006,-1,8006,8005,8007,-1,8006,8007,8008,-1,8008,8007,8009,-1,8008,8009,8010,-1,8010,8009,8011,-1,8010,8011,8012,-1,8012,8011,8013,-1,8012,8013,8014,-1,8014,8013,8015,-1,8014,8015,8016,-1,8016,8015,8017,-1,8016,8017,8018,-1,8018,8017,8019,-1,8018,8019,8020,-1,8020,8019,8021,-1,8020,8021,8022,-1,8021,8023,8022,-1,8022,8023,483,-1,8022,483,481,-1,7989,7991,8024,-1,8024,7991,7992,-1,8024,7992,1086,-1,1086,7992,7994,-1,1086,7994,1087,-1,8024,8025,7989,-1,7989,8025,8026,-1,7989,8026,7988,-1,7988,8026,8027,-1,8027,8028,7988,-1,7988,8028,8029,-1,7988,8029,7986,-1,7986,8029,8030,-1,7986,8030,7985,-1,7985,8030,8031,-1,7985,8031,7983,-1,7983,8031,8032,-1,7983,8032,7981,-1,7981,8032,1077,-1,7981,1077,1076,-1,1080,491,489,-1,1080,489,8033,-1,8033,489,8034,-1,8033,8034,8035,-1,8035,8034,8036,-1,8035,8036,8037,-1,8037,8036,8038,-1,8038,8036,8039,-1,8038,8039,8040,-1,8040,8039,8041,-1,8041,8039,8042,-1,8041,8042,8043,-1,8043,8042,8044,-1,8044,8042,8045,-1,8044,8045,8046,-1,492,494,8045,-1,8045,494,1075,-1,8045,1075,8046,-1,8047,8048,8049,-1,8050,8051,8052,-1,8053,8054,8055,-1,483,8056,8057,-1,8058,8056,483,-1,8055,8054,483,-1,8059,483,8054,-1,7995,8060,7996,-1,7996,8060,8061,-1,7999,7998,8061,-1,8061,7998,7997,-1,8061,7997,7996,-1,8061,8062,7999,-1,7999,8062,8063,-1,7999,8063,8000,-1,8000,8063,8064,-1,8000,8064,8001,-1,8001,8064,8002,-1,8002,8064,8065,-1,8002,8065,8003,-1,8003,8065,8005,-1,8003,8005,1085,-1,8023,8058,483,-1,8066,8067,8053,-1,8053,8067,8068,-1,8053,8068,8054,-1,8054,8068,8069,-1,8054,8069,8059,-1,8070,8057,8071,-1,8071,8057,8056,-1,8071,8056,8072,-1,8072,8056,8058,-1,8072,8058,8073,-1,8051,8066,8052,-1,8052,8066,8053,-1,8052,8053,8074,-1,8074,8053,8055,-1,8074,8055,8075,-1,8075,8055,483,-1,8023,8021,8058,-1,8058,8021,8019,-1,8058,8019,8073,-1,8073,8019,8017,-1,8073,8017,8015,-1,8076,8070,8077,-1,8077,8070,8071,-1,8077,8071,8078,-1,8078,8071,8072,-1,8078,8072,8079,-1,8079,8072,8073,-1,8079,8073,8080,-1,8080,8073,8015,-1,8049,8076,8081,-1,8081,8076,8077,-1,8081,8077,8082,-1,8082,8077,8078,-1,8082,8078,8083,-1,8083,8078,8079,-1,8083,8079,8084,-1,8084,8079,8080,-1,8084,8080,8085,-1,8048,8050,8049,-1,8049,8050,8052,-1,8049,8052,8076,-1,8076,8052,8074,-1,8076,8074,8070,-1,8070,8074,8075,-1,8070,8075,8057,-1,8057,8075,483,-1,7995,1082,8060,-1,8060,1082,8086,-1,8060,8086,8047,-1,8015,8013,8080,-1,8080,8013,8011,-1,8080,8011,8085,-1,8085,8011,8009,-1,8085,8009,8007,-1,8047,8049,8060,-1,8060,8049,8081,-1,8060,8081,8061,-1,8061,8081,8082,-1,8061,8082,8062,-1,8062,8082,8083,-1,8062,8083,8063,-1,8063,8083,8084,-1,8063,8084,8064,-1,8064,8084,8085,-1,8064,8085,8065,-1,8065,8085,8007,-1,8065,8007,8005,-1,8010,8012,8087,-1,8088,8089,8090,-1,481,8091,8092,-1,8093,8091,481,-1,8090,8089,481,-1,8022,481,8089,-1,8094,8025,8024,-1,8025,8094,8026,-1,8026,8094,8095,-1,8026,8095,8027,-1,8027,8095,8096,-1,8027,8096,8028,-1,8028,8096,8097,-1,8028,8097,8029,-1,8029,8097,8030,-1,8030,8097,8098,-1,8030,8098,8031,-1,8031,8098,8032,-1,8032,8098,8099,-1,8032,8099,1077,-1,8100,8093,481,-1,8014,8016,8088,-1,8088,8016,8018,-1,8088,8018,8089,-1,8089,8018,8020,-1,8089,8020,8022,-1,8101,8092,8102,-1,8102,8092,8091,-1,8102,8091,8103,-1,8103,8091,8093,-1,8103,8093,8104,-1,8100,8105,8093,-1,8093,8105,8106,-1,8093,8106,8104,-1,8104,8106,8107,-1,8104,8107,8108,-1,8087,8101,8109,-1,8109,8101,8102,-1,8109,8102,8110,-1,8110,8102,8103,-1,8110,8103,8111,-1,8111,8103,8104,-1,8111,8104,8112,-1,8112,8104,8108,-1,8006,8008,8113,-1,8113,8008,8010,-1,8010,8087,8113,-1,8113,8087,8109,-1,8113,8109,8114,-1,8114,8109,8110,-1,8114,8110,8115,-1,8115,8110,8111,-1,8115,8111,8116,-1,8116,8111,8112,-1,8116,8112,8117,-1,8012,8014,8087,-1,8087,8014,8088,-1,8087,8088,8101,-1,8101,8088,8090,-1,8101,8090,8092,-1,8092,8090,481,-1,8006,8094,8004,-1,8004,8094,8024,-1,8004,8024,1086,-1,8108,8118,8112,-1,8112,8118,8119,-1,8112,8119,8117,-1,8117,8119,8120,-1,8117,8120,8121,-1,8006,8113,8094,-1,8094,8113,8114,-1,8094,8114,8095,-1,8095,8114,8115,-1,8095,8115,8096,-1,8096,8115,8116,-1,8096,8116,8097,-1,8097,8116,8117,-1,8097,8117,8098,-1,8098,8117,8121,-1,8098,8121,8099,-1,1072,495,493,-1,1072,493,8122,-1,8122,493,8123,-1,8122,8123,8124,-1,8124,8123,8125,-1,8124,8125,8126,-1,8126,8125,8127,-1,8127,8125,8128,-1,8127,8128,8129,-1,8129,8128,8130,-1,8130,8128,8131,-1,8130,8131,8132,-1,8132,8131,8133,-1,8133,8131,8134,-1,8133,8134,8135,-1,487,485,8134,-1,8134,485,1079,-1,8134,1079,8135,-1,8041,8043,8136,-1,8136,8043,8044,-1,8136,8044,1074,-1,1074,8044,8046,-1,1074,8046,1075,-1,8136,8137,8041,-1,8041,8137,8138,-1,8041,8138,8040,-1,8040,8138,8139,-1,8139,8140,8040,-1,8040,8140,8141,-1,8040,8141,8038,-1,8038,8141,8142,-1,8038,8142,8037,-1,8037,8142,8143,-1,8037,8143,8035,-1,8035,8143,8144,-1,8035,8144,8033,-1,8033,8144,1081,-1,8033,1081,1080,-1,482,483,8059,-1,1082,1081,8086,-1,8086,1081,8145,-1,8086,8145,8047,-1,8047,8145,8146,-1,8047,8146,8048,-1,8048,8146,8147,-1,8048,8147,8050,-1,8050,8147,8148,-1,8050,8148,8051,-1,8051,8148,8149,-1,8051,8149,8066,-1,8066,8149,8150,-1,8066,8150,8067,-1,8067,8150,8151,-1,8067,8151,8068,-1,8068,8151,8152,-1,8068,8152,8069,-1,8069,8152,8153,-1,8069,8153,8059,-1,8059,8153,8154,-1,8059,8154,482,-1,1078,1077,8155,-1,8155,1077,8099,-1,8155,8099,8156,-1,8156,8099,8121,-1,8156,8121,8157,-1,8157,8121,8120,-1,8157,8120,8158,-1,8158,8120,8119,-1,8158,8119,8159,-1,8159,8119,8118,-1,8159,8118,8160,-1,8160,8118,8108,-1,8160,8108,8161,-1,8161,8108,8107,-1,8161,8107,8162,-1,8162,8107,8106,-1,8162,8106,8163,-1,8163,8106,8105,-1,8163,8105,8164,-1,8105,8100,8164,-1,8164,8100,481,-1,8164,481,480,-1,8130,8132,8165,-1,8165,8132,8133,-1,8165,8133,1078,-1,1078,8133,8135,-1,1078,8135,1079,-1,8165,8166,8130,-1,8130,8166,8167,-1,8130,8167,8129,-1,8129,8167,8168,-1,8168,8169,8129,-1,8129,8169,8170,-1,8129,8170,8127,-1,8127,8170,8171,-1,8127,8171,8126,-1,8126,8171,8172,-1,8126,8172,8124,-1,8124,8172,8173,-1,8124,8173,8122,-1,8122,8173,1073,-1,8122,1073,1072,-1,8174,8175,8176,-1,8177,8178,8179,-1,482,8180,8181,-1,8182,8180,482,-1,8179,8178,482,-1,8183,482,8178,-1,8184,8137,8136,-1,8137,8184,8138,-1,8138,8184,8185,-1,8138,8185,8139,-1,8139,8185,8186,-1,8139,8186,8140,-1,8140,8186,8187,-1,8140,8187,8141,-1,8141,8187,8142,-1,8142,8187,8188,-1,8142,8188,8143,-1,8143,8188,8144,-1,8144,8188,8145,-1,8144,8145,1081,-1,8154,8182,482,-1,8189,8190,8177,-1,8177,8190,8191,-1,8177,8191,8178,-1,8178,8191,8192,-1,8178,8192,8183,-1,8193,8181,8194,-1,8194,8181,8180,-1,8194,8180,8195,-1,8195,8180,8182,-1,8195,8182,8196,-1,8154,8153,8182,-1,8182,8153,8152,-1,8182,8152,8196,-1,8196,8152,8151,-1,8196,8151,8150,-1,8176,8193,8197,-1,8197,8193,8194,-1,8197,8194,8198,-1,8198,8194,8195,-1,8198,8195,8199,-1,8199,8195,8196,-1,8199,8196,8200,-1,8200,8196,8150,-1,8201,8202,8203,-1,8203,8202,8174,-1,8174,8176,8203,-1,8203,8176,8197,-1,8203,8197,8204,-1,8204,8197,8198,-1,8204,8198,8205,-1,8205,8198,8199,-1,8205,8199,8206,-1,8206,8199,8200,-1,8206,8200,8207,-1,8175,8189,8176,-1,8176,8189,8177,-1,8176,8177,8193,-1,8193,8177,8179,-1,8193,8179,8181,-1,8181,8179,482,-1,8201,8184,8208,-1,8208,8184,8136,-1,8208,8136,1074,-1,8150,8149,8200,-1,8200,8149,8148,-1,8200,8148,8207,-1,8207,8148,8147,-1,8207,8147,8146,-1,8201,8203,8184,-1,8184,8203,8204,-1,8184,8204,8185,-1,8185,8204,8205,-1,8185,8205,8186,-1,8186,8205,8206,-1,8186,8206,8187,-1,8187,8206,8207,-1,8187,8207,8188,-1,8188,8207,8146,-1,8188,8146,8145,-1,8158,8159,8209,-1,8210,8211,8212,-1,480,8213,8214,-1,8215,8213,480,-1,8212,8211,480,-1,8164,480,8211,-1,8216,8166,8165,-1,8166,8216,8167,-1,8167,8216,8217,-1,8167,8217,8168,-1,8168,8217,8218,-1,8168,8218,8169,-1,8169,8218,8219,-1,8169,8219,8170,-1,8170,8219,8171,-1,8171,8219,8220,-1,8171,8220,8172,-1,8172,8220,8173,-1,8173,8220,8221,-1,8173,8221,1073,-1,8222,8215,480,-1,8160,8161,8210,-1,8210,8161,8162,-1,8210,8162,8211,-1,8211,8162,8163,-1,8211,8163,8164,-1,8223,8214,8224,-1,8224,8214,8213,-1,8224,8213,8225,-1,8225,8213,8215,-1,8225,8215,8226,-1,8222,8227,8215,-1,8215,8227,8228,-1,8215,8228,8226,-1,8226,8228,8229,-1,8226,8229,8230,-1,8209,8223,8231,-1,8231,8223,8224,-1,8231,8224,8232,-1,8232,8224,8225,-1,8232,8225,8233,-1,8233,8225,8226,-1,8233,8226,8234,-1,8234,8226,8230,-1,8156,8157,8235,-1,8235,8157,8158,-1,8158,8209,8235,-1,8235,8209,8231,-1,8235,8231,8236,-1,8236,8231,8232,-1,8236,8232,8237,-1,8237,8232,8233,-1,8237,8233,8238,-1,8238,8233,8234,-1,8238,8234,8239,-1,8159,8160,8209,-1,8209,8160,8210,-1,8209,8210,8223,-1,8223,8210,8212,-1,8223,8212,8214,-1,8214,8212,480,-1,8156,8216,8155,-1,8155,8216,8165,-1,8155,8165,1078,-1,8230,8240,8234,-1,8234,8240,8241,-1,8234,8241,8239,-1,8239,8241,8242,-1,8239,8242,8243,-1,8156,8235,8216,-1,8216,8235,8236,-1,8216,8236,8217,-1,8217,8236,8237,-1,8217,8237,8218,-1,8218,8237,8238,-1,8218,8238,8219,-1,8219,8238,8239,-1,8219,8239,8220,-1,8220,8239,8243,-1,8220,8243,8221,-1,480,482,8183,-1,1074,1073,8208,-1,8208,1073,8221,-1,8208,8221,8201,-1,8201,8221,8243,-1,8201,8243,8202,-1,8202,8243,8242,-1,8202,8242,8174,-1,8174,8242,8241,-1,8174,8241,8175,-1,8175,8241,8240,-1,8175,8240,8189,-1,8189,8240,8230,-1,8189,8230,8190,-1,8190,8230,8229,-1,8190,8229,8191,-1,8191,8229,8228,-1,8191,8228,8192,-1,8192,8228,8227,-1,8192,8227,8183,-1,8183,8227,8222,-1,8183,8222,480,-1,1036,504,506,-1,1036,506,8244,-1,8244,506,8245,-1,8244,8245,8246,-1,8246,8245,8247,-1,8246,8247,8248,-1,8248,8247,8249,-1,8249,8247,8250,-1,8249,8250,8251,-1,8251,8250,8252,-1,8252,8250,8253,-1,8252,8253,8254,-1,8254,8253,8255,-1,8255,8253,8256,-1,8255,8256,8257,-1,515,513,8256,-1,8256,513,1035,-1,8256,1035,8257,-1,1028,511,509,-1,1028,509,8258,-1,8258,509,8259,-1,8258,8259,8260,-1,8260,8259,8261,-1,8260,8261,8262,-1,8262,8261,8263,-1,8263,8261,8264,-1,8263,8264,8265,-1,8265,8264,8266,-1,8266,8264,8267,-1,8266,8267,8268,-1,8268,8267,8269,-1,8269,8267,8270,-1,8269,8270,8271,-1,507,505,8270,-1,8270,505,1039,-1,8270,1039,8271,-1,8252,8254,8272,-1,8272,8254,8255,-1,8272,8255,1034,-1,1034,8255,8257,-1,1034,8257,1035,-1,8272,8273,8252,-1,8252,8273,8274,-1,8252,8274,8251,-1,8251,8274,8275,-1,8275,8276,8251,-1,8251,8276,8277,-1,8251,8277,8249,-1,8249,8277,8278,-1,8249,8278,8248,-1,8248,8278,8279,-1,8248,8279,8246,-1,8246,8279,8280,-1,8246,8280,8244,-1,8244,8280,1037,-1,8244,1037,1036,-1,1038,1037,8281,-1,8281,1037,8282,-1,8281,8282,8283,-1,8283,8282,8284,-1,8283,8284,8285,-1,8285,8284,8286,-1,8285,8286,8287,-1,8287,8286,8288,-1,8287,8288,8289,-1,8289,8288,8290,-1,8289,8290,8291,-1,8291,8290,8292,-1,8291,8292,8293,-1,8293,8292,8294,-1,8293,8294,8295,-1,8295,8294,8296,-1,8295,8296,8297,-1,8297,8296,8298,-1,8297,8298,517,-1,517,8298,519,-1,8266,8268,8299,-1,8299,8268,8269,-1,8299,8269,1038,-1,1038,8269,8271,-1,1038,8271,1039,-1,8299,8300,8266,-1,8266,8300,8301,-1,8266,8301,8265,-1,8265,8301,8302,-1,8302,8303,8265,-1,8265,8303,8304,-1,8265,8304,8263,-1,8263,8304,8305,-1,8263,8305,8262,-1,8262,8305,8306,-1,8262,8306,8260,-1,8260,8306,8307,-1,8260,8307,8258,-1,8258,8307,1029,-1,8258,1029,1028,-1,1032,512,514,-1,1032,514,8308,-1,8308,514,8309,-1,8308,8309,8310,-1,8310,8309,8311,-1,8310,8311,8312,-1,8312,8311,8313,-1,8313,8311,8314,-1,8313,8314,8315,-1,8315,8314,8316,-1,8316,8314,8317,-1,8316,8317,8318,-1,8318,8317,8319,-1,8319,8317,8320,-1,8319,8320,8321,-1,500,502,8320,-1,8320,502,1027,-1,8320,1027,8321,-1,8322,8323,519,-1,8324,8325,519,-1,8326,8327,8323,-1,8323,8327,519,-1,8325,8322,519,-1,8296,8294,8328,-1,8329,8273,8272,-1,8273,8329,8274,-1,8274,8329,8330,-1,8274,8330,8275,-1,8275,8330,8331,-1,8275,8331,8276,-1,8276,8331,8332,-1,8276,8332,8277,-1,8277,8332,8278,-1,8278,8332,8333,-1,8278,8333,8279,-1,8279,8333,8280,-1,8280,8333,8282,-1,8280,8282,1037,-1,8288,8286,8334,-1,8334,8286,8284,-1,8335,8329,8336,-1,8336,8329,8272,-1,8336,8272,1034,-1,8335,8337,8329,-1,8329,8337,8338,-1,8329,8338,8330,-1,8330,8338,8339,-1,8330,8339,8331,-1,8331,8339,8340,-1,8331,8340,8332,-1,8332,8340,8334,-1,8332,8334,8333,-1,8333,8334,8284,-1,8333,8284,8282,-1,8288,8334,8341,-1,8341,8334,8340,-1,8341,8340,8342,-1,8342,8340,8339,-1,8342,8339,8343,-1,8343,8339,8338,-1,8343,8338,8344,-1,8344,8338,8337,-1,8344,8337,8345,-1,8294,8292,8341,-1,8341,8292,8290,-1,8341,8290,8288,-1,8335,8346,8337,-1,8337,8346,8347,-1,8337,8347,8345,-1,8345,8347,8348,-1,8345,8348,8349,-1,8294,8341,8328,-1,8328,8341,8342,-1,8328,8342,8350,-1,8350,8342,8343,-1,8350,8343,8351,-1,8351,8343,8344,-1,8351,8344,8352,-1,8352,8344,8345,-1,8352,8345,8353,-1,8353,8345,8349,-1,8353,8349,8354,-1,519,8298,8355,-1,8355,8298,8296,-1,8324,519,8355,-1,8296,8328,8355,-1,8355,8328,8350,-1,8355,8350,8324,-1,8324,8350,8351,-1,8324,8351,8325,-1,8325,8351,8352,-1,8325,8352,8322,-1,8322,8352,8353,-1,8322,8353,8323,-1,8323,8353,8354,-1,8323,8354,8326,-1,8356,8357,517,-1,8358,8359,517,-1,8295,8297,8357,-1,8357,8297,517,-1,8359,8356,517,-1,8360,8361,8362,-1,8363,8300,8299,-1,8300,8363,8301,-1,8301,8363,8364,-1,8301,8364,8302,-1,8302,8364,8365,-1,8302,8365,8303,-1,8303,8365,8366,-1,8303,8366,8304,-1,8304,8366,8305,-1,8305,8366,8367,-1,8305,8367,8306,-1,8306,8367,8307,-1,8307,8367,8368,-1,8307,8368,1029,-1,8369,8370,8371,-1,8371,8370,8372,-1,8283,8363,8281,-1,8281,8363,8299,-1,8281,8299,1038,-1,8283,8373,8363,-1,8363,8373,8374,-1,8363,8374,8364,-1,8364,8374,8375,-1,8364,8375,8365,-1,8365,8375,8376,-1,8365,8376,8366,-1,8366,8376,8371,-1,8366,8371,8367,-1,8367,8371,8372,-1,8367,8372,8368,-1,8369,8371,8377,-1,8377,8371,8376,-1,8377,8376,8378,-1,8378,8376,8375,-1,8378,8375,8379,-1,8379,8375,8374,-1,8379,8374,8380,-1,8380,8374,8373,-1,8380,8373,8381,-1,8361,8382,8377,-1,8377,8382,8383,-1,8377,8383,8369,-1,8283,8285,8373,-1,8373,8285,8287,-1,8373,8287,8381,-1,8381,8287,8289,-1,8381,8289,8291,-1,8361,8377,8362,-1,8362,8377,8378,-1,8362,8378,8384,-1,8384,8378,8379,-1,8384,8379,8385,-1,8385,8379,8380,-1,8385,8380,8386,-1,8386,8380,8381,-1,8386,8381,8387,-1,8387,8381,8291,-1,8387,8291,8293,-1,517,8388,8389,-1,8389,8388,8360,-1,8358,517,8389,-1,8360,8362,8389,-1,8389,8362,8384,-1,8389,8384,8358,-1,8358,8384,8385,-1,8358,8385,8359,-1,8359,8385,8386,-1,8359,8386,8356,-1,8356,8386,8387,-1,8356,8387,8357,-1,8357,8387,8293,-1,8357,8293,8295,-1,1024,503,501,-1,1024,501,8390,-1,8390,501,8391,-1,8390,8391,8392,-1,8392,8391,8393,-1,8392,8393,8394,-1,8394,8393,8395,-1,8395,8393,8396,-1,8395,8396,8397,-1,8397,8396,8398,-1,8398,8396,8399,-1,8398,8399,8400,-1,8400,8399,8401,-1,8401,8399,8402,-1,8401,8402,8403,-1,508,510,8402,-1,8402,510,1031,-1,8402,1031,8403,-1,8316,8318,8404,-1,8404,8318,8319,-1,8404,8319,1026,-1,1026,8319,8321,-1,1026,8321,1027,-1,8404,8405,8316,-1,8316,8405,8406,-1,8316,8406,8315,-1,8315,8406,8407,-1,8407,8408,8315,-1,8315,8408,8409,-1,8315,8409,8313,-1,8313,8409,8410,-1,8313,8410,8312,-1,8312,8410,8411,-1,8312,8411,8310,-1,8310,8411,8412,-1,8310,8412,8308,-1,8308,8412,1033,-1,8308,1033,1032,-1,518,519,8413,-1,8413,519,8327,-1,8413,8327,8414,-1,8414,8327,8326,-1,8414,8326,8415,-1,8415,8326,8354,-1,8415,8354,8416,-1,8416,8354,8349,-1,8416,8349,8417,-1,8417,8349,8348,-1,8417,8348,8418,-1,8418,8348,8347,-1,8418,8347,8419,-1,8419,8347,8346,-1,8419,8346,8420,-1,8420,8346,8335,-1,8420,8335,8421,-1,8421,8335,8336,-1,8421,8336,1033,-1,1033,8336,1034,-1,1030,1029,8422,-1,8422,1029,8368,-1,8422,8368,8423,-1,8423,8368,8372,-1,8423,8372,8424,-1,8424,8372,8370,-1,8424,8370,8425,-1,8425,8370,8369,-1,8425,8369,8426,-1,8426,8369,8383,-1,8426,8383,8427,-1,8427,8383,8382,-1,8427,8382,8428,-1,8428,8382,8361,-1,8428,8361,8429,-1,8429,8361,8360,-1,8429,8360,8430,-1,8430,8360,8388,-1,8430,8388,516,-1,516,8388,517,-1,8398,8400,8431,-1,8431,8400,8401,-1,8431,8401,1030,-1,1030,8401,8403,-1,1030,8403,1031,-1,8431,8432,8398,-1,8398,8432,8433,-1,8398,8433,8397,-1,8397,8433,8434,-1,8434,8435,8397,-1,8397,8435,8436,-1,8397,8436,8395,-1,8395,8436,8437,-1,8395,8437,8394,-1,8394,8437,8438,-1,8394,8438,8392,-1,8392,8438,8439,-1,8392,8439,8390,-1,8390,8439,1025,-1,8390,1025,1024,-1,8440,8441,518,-1,8442,8443,518,-1,8444,8445,8441,-1,8441,8445,518,-1,8443,8440,518,-1,8414,8415,8446,-1,8447,8405,8404,-1,8405,8447,8406,-1,8406,8447,8448,-1,8406,8448,8407,-1,8407,8448,8449,-1,8407,8449,8408,-1,8408,8449,8450,-1,8408,8450,8409,-1,8409,8450,8410,-1,8410,8450,8451,-1,8410,8451,8411,-1,8411,8451,8412,-1,8412,8451,8421,-1,8412,8421,1033,-1,8418,8419,8452,-1,8452,8419,8420,-1,8453,8447,8454,-1,8454,8447,8404,-1,8454,8404,1026,-1,8453,8455,8447,-1,8447,8455,8456,-1,8447,8456,8448,-1,8448,8456,8457,-1,8448,8457,8449,-1,8449,8457,8458,-1,8449,8458,8450,-1,8450,8458,8452,-1,8450,8452,8451,-1,8451,8452,8420,-1,8451,8420,8421,-1,8418,8452,8459,-1,8459,8452,8458,-1,8459,8458,8460,-1,8460,8458,8457,-1,8460,8457,8461,-1,8461,8457,8456,-1,8461,8456,8462,-1,8462,8456,8455,-1,8462,8455,8463,-1,8415,8416,8459,-1,8459,8416,8417,-1,8459,8417,8418,-1,8453,8464,8455,-1,8455,8464,8465,-1,8455,8465,8463,-1,8463,8465,8466,-1,8463,8466,8467,-1,8415,8459,8446,-1,8446,8459,8460,-1,8446,8460,8468,-1,8468,8460,8461,-1,8468,8461,8469,-1,8469,8461,8462,-1,8469,8462,8470,-1,8470,8462,8463,-1,8470,8463,8471,-1,8471,8463,8467,-1,8471,8467,8472,-1,518,8413,8473,-1,8473,8413,8414,-1,8442,518,8473,-1,8414,8446,8473,-1,8473,8446,8468,-1,8473,8468,8442,-1,8442,8468,8469,-1,8442,8469,8443,-1,8443,8469,8470,-1,8443,8470,8440,-1,8440,8470,8471,-1,8440,8471,8441,-1,8441,8471,8472,-1,8441,8472,8444,-1,8474,8475,516,-1,8476,8477,516,-1,8429,8430,8475,-1,8475,8430,516,-1,8477,8474,516,-1,8478,8479,8480,-1,8481,8432,8431,-1,8432,8481,8433,-1,8433,8481,8482,-1,8433,8482,8434,-1,8434,8482,8483,-1,8434,8483,8435,-1,8435,8483,8484,-1,8435,8484,8436,-1,8436,8484,8437,-1,8437,8484,8485,-1,8437,8485,8438,-1,8438,8485,8439,-1,8439,8485,8486,-1,8439,8486,1025,-1,8487,8488,8489,-1,8489,8488,8490,-1,8423,8481,8422,-1,8422,8481,8431,-1,8422,8431,1030,-1,8423,8491,8481,-1,8481,8491,8492,-1,8481,8492,8482,-1,8482,8492,8493,-1,8482,8493,8483,-1,8483,8493,8494,-1,8483,8494,8484,-1,8484,8494,8489,-1,8484,8489,8485,-1,8485,8489,8490,-1,8485,8490,8486,-1,8487,8489,8495,-1,8495,8489,8494,-1,8495,8494,8496,-1,8496,8494,8493,-1,8496,8493,8497,-1,8497,8493,8492,-1,8497,8492,8498,-1,8498,8492,8491,-1,8498,8491,8499,-1,8479,8500,8495,-1,8495,8500,8501,-1,8495,8501,8487,-1,8423,8424,8491,-1,8491,8424,8425,-1,8491,8425,8499,-1,8499,8425,8426,-1,8499,8426,8427,-1,8479,8495,8480,-1,8480,8495,8496,-1,8480,8496,8502,-1,8502,8496,8497,-1,8502,8497,8503,-1,8503,8497,8498,-1,8503,8498,8504,-1,8504,8498,8499,-1,8504,8499,8505,-1,8505,8499,8427,-1,8505,8427,8428,-1,516,8506,8507,-1,8507,8506,8478,-1,8476,516,8507,-1,8478,8480,8507,-1,8507,8480,8502,-1,8507,8502,8476,-1,8476,8502,8503,-1,8476,8503,8477,-1,8477,8503,8504,-1,8477,8504,8474,-1,8474,8504,8505,-1,8474,8505,8475,-1,8475,8505,8428,-1,8475,8428,8429,-1,1026,1025,8454,-1,8454,1025,8486,-1,8454,8486,8453,-1,8453,8486,8490,-1,8453,8490,8464,-1,8464,8490,8488,-1,8464,8488,8465,-1,8465,8488,8487,-1,8465,8487,8466,-1,8466,8487,8501,-1,8466,8501,8467,-1,8467,8501,8500,-1,8467,8500,8472,-1,8472,8500,8479,-1,8472,8479,8444,-1,8444,8479,8478,-1,8444,8478,8445,-1,8445,8478,8506,-1,8445,8506,518,-1,518,8506,516,-1,1052,543,541,-1,1052,541,8508,-1,8508,541,8509,-1,8508,8509,8510,-1,8510,8509,8511,-1,8510,8511,8512,-1,8512,8511,8513,-1,8513,8511,8514,-1,8513,8514,8515,-1,8515,8514,8516,-1,8516,8514,8517,-1,8516,8517,8518,-1,8518,8517,8519,-1,8519,8517,8520,-1,8519,8520,8521,-1,555,553,8520,-1,8520,553,1051,-1,8520,1051,8521,-1,1044,548,550,-1,1044,550,8522,-1,8522,550,8523,-1,8522,8523,8524,-1,8524,8523,8525,-1,8524,8525,8526,-1,8526,8525,8527,-1,8527,8525,8528,-1,8527,8528,8529,-1,8529,8528,8530,-1,8530,8528,8531,-1,8530,8531,8532,-1,8532,8531,8533,-1,8533,8531,8534,-1,8533,8534,8535,-1,540,542,8534,-1,8534,542,1055,-1,8534,1055,8535,-1,8516,8518,8536,-1,8536,8518,8519,-1,8536,8519,1050,-1,1050,8519,8521,-1,1050,8521,1051,-1,8536,8537,8516,-1,8516,8537,8538,-1,8516,8538,8515,-1,8515,8538,8539,-1,8539,8540,8515,-1,8515,8540,8541,-1,8515,8541,8513,-1,8513,8541,8542,-1,8513,8542,8512,-1,8512,8542,8543,-1,8512,8543,8510,-1,8510,8543,8544,-1,8510,8544,8508,-1,8508,8544,1053,-1,8508,1053,1052,-1,1054,1053,8545,-1,8545,1053,8546,-1,8545,8546,8547,-1,8547,8546,8548,-1,8547,8548,8549,-1,8549,8548,8550,-1,8549,8550,8551,-1,8551,8550,8552,-1,8551,8552,8553,-1,8553,8552,8554,-1,8553,8554,8555,-1,8555,8554,8556,-1,8555,8556,8557,-1,8557,8556,8558,-1,8557,8558,8559,-1,8559,8558,8560,-1,8559,8560,8561,-1,8561,8560,8562,-1,8561,8562,557,-1,557,8562,559,-1,8530,8532,8563,-1,8563,8532,8533,-1,8563,8533,1054,-1,1054,8533,8535,-1,1054,8535,1055,-1,8563,8564,8530,-1,8530,8564,8565,-1,8530,8565,8529,-1,8529,8565,8566,-1,8566,8567,8529,-1,8529,8567,8568,-1,8529,8568,8527,-1,8527,8568,8569,-1,8527,8569,8526,-1,8526,8569,8570,-1,8526,8570,8524,-1,8524,8570,8571,-1,8524,8571,8522,-1,8522,8571,1045,-1,8522,1045,1044,-1,1048,552,554,-1,1048,554,8572,-1,8572,554,8573,-1,8572,8573,8574,-1,8574,8573,8575,-1,8574,8575,8576,-1,8576,8575,8577,-1,8577,8575,8578,-1,8577,8578,8579,-1,8579,8578,8580,-1,8580,8578,8581,-1,8580,8581,8582,-1,8582,8581,8583,-1,8583,8581,8584,-1,8583,8584,8585,-1,544,546,8584,-1,8584,546,1043,-1,8584,1043,8585,-1,8586,8587,559,-1,8588,8589,559,-1,8590,8591,8587,-1,8587,8591,559,-1,8589,8586,559,-1,8560,8558,8592,-1,8593,8537,8536,-1,8537,8593,8538,-1,8538,8593,8594,-1,8538,8594,8539,-1,8539,8594,8595,-1,8539,8595,8540,-1,8540,8595,8596,-1,8540,8596,8541,-1,8541,8596,8542,-1,8542,8596,8597,-1,8542,8597,8543,-1,8543,8597,8544,-1,8544,8597,8546,-1,8544,8546,1053,-1,8552,8550,8598,-1,8598,8550,8548,-1,8599,8593,8600,-1,8600,8593,8536,-1,8600,8536,1050,-1,8599,8601,8593,-1,8593,8601,8602,-1,8593,8602,8594,-1,8594,8602,8603,-1,8594,8603,8595,-1,8595,8603,8604,-1,8595,8604,8596,-1,8596,8604,8598,-1,8596,8598,8597,-1,8597,8598,8548,-1,8597,8548,8546,-1,8552,8598,8605,-1,8605,8598,8604,-1,8605,8604,8606,-1,8606,8604,8603,-1,8606,8603,8607,-1,8607,8603,8602,-1,8607,8602,8608,-1,8608,8602,8601,-1,8608,8601,8609,-1,8558,8556,8605,-1,8605,8556,8554,-1,8605,8554,8552,-1,8599,8610,8601,-1,8601,8610,8611,-1,8601,8611,8609,-1,8609,8611,8612,-1,8609,8612,8613,-1,8558,8605,8592,-1,8592,8605,8606,-1,8592,8606,8614,-1,8614,8606,8607,-1,8614,8607,8615,-1,8615,8607,8608,-1,8615,8608,8616,-1,8616,8608,8609,-1,8616,8609,8617,-1,8617,8609,8613,-1,8617,8613,8618,-1,559,8562,8619,-1,8619,8562,8560,-1,8588,559,8619,-1,8560,8592,8619,-1,8619,8592,8614,-1,8619,8614,8588,-1,8588,8614,8615,-1,8588,8615,8589,-1,8589,8615,8616,-1,8589,8616,8586,-1,8586,8616,8617,-1,8586,8617,8587,-1,8587,8617,8618,-1,8587,8618,8590,-1,8620,8621,557,-1,8622,8623,557,-1,8559,8561,8621,-1,8621,8561,557,-1,8623,8620,557,-1,8624,8625,8626,-1,8627,8564,8563,-1,8564,8627,8565,-1,8565,8627,8628,-1,8565,8628,8566,-1,8566,8628,8629,-1,8566,8629,8567,-1,8567,8629,8630,-1,8567,8630,8568,-1,8568,8630,8569,-1,8569,8630,8631,-1,8569,8631,8570,-1,8570,8631,8571,-1,8571,8631,8632,-1,8571,8632,1045,-1,8633,8634,8635,-1,8635,8634,8636,-1,8547,8627,8545,-1,8545,8627,8563,-1,8545,8563,1054,-1,8547,8637,8627,-1,8627,8637,8638,-1,8627,8638,8628,-1,8628,8638,8639,-1,8628,8639,8629,-1,8629,8639,8640,-1,8629,8640,8630,-1,8630,8640,8635,-1,8630,8635,8631,-1,8631,8635,8636,-1,8631,8636,8632,-1,8633,8635,8641,-1,8641,8635,8640,-1,8641,8640,8642,-1,8642,8640,8639,-1,8642,8639,8643,-1,8643,8639,8638,-1,8643,8638,8644,-1,8644,8638,8637,-1,8644,8637,8645,-1,8625,8646,8641,-1,8641,8646,8647,-1,8641,8647,8633,-1,8547,8549,8637,-1,8637,8549,8551,-1,8637,8551,8645,-1,8645,8551,8553,-1,8645,8553,8555,-1,8625,8641,8626,-1,8626,8641,8642,-1,8626,8642,8648,-1,8648,8642,8643,-1,8648,8643,8649,-1,8649,8643,8644,-1,8649,8644,8650,-1,8650,8644,8645,-1,8650,8645,8651,-1,8651,8645,8555,-1,8651,8555,8557,-1,557,8652,8653,-1,8653,8652,8624,-1,8622,557,8653,-1,8624,8626,8653,-1,8653,8626,8648,-1,8653,8648,8622,-1,8622,8648,8649,-1,8622,8649,8623,-1,8623,8649,8650,-1,8623,8650,8620,-1,8620,8650,8651,-1,8620,8651,8621,-1,8621,8651,8557,-1,8621,8557,8559,-1,1040,547,545,-1,1040,545,8654,-1,8654,545,8655,-1,8654,8655,8656,-1,8656,8655,8657,-1,8656,8657,8658,-1,8658,8657,8659,-1,8659,8657,8660,-1,8659,8660,8661,-1,8661,8660,8662,-1,8662,8660,8663,-1,8662,8663,8664,-1,8664,8663,8665,-1,8665,8663,8666,-1,8665,8666,8667,-1,551,549,8666,-1,8666,549,1047,-1,8666,1047,8667,-1,8580,8582,8668,-1,8668,8582,8583,-1,8668,8583,1042,-1,1042,8583,8585,-1,1042,8585,1043,-1,8668,8669,8580,-1,8580,8669,8670,-1,8580,8670,8579,-1,8579,8670,8671,-1,8671,8672,8579,-1,8579,8672,8673,-1,8579,8673,8577,-1,8577,8673,8674,-1,8577,8674,8576,-1,8576,8674,8675,-1,8576,8675,8574,-1,8574,8675,8676,-1,8574,8676,8572,-1,8572,8676,1049,-1,8572,1049,1048,-1,558,559,8677,-1,8677,559,8591,-1,8677,8591,8678,-1,8678,8591,8590,-1,8678,8590,8679,-1,8679,8590,8618,-1,8679,8618,8680,-1,8680,8618,8613,-1,8680,8613,8681,-1,8681,8613,8612,-1,8681,8612,8682,-1,8682,8612,8611,-1,8682,8611,8683,-1,8683,8611,8610,-1,8683,8610,8684,-1,8684,8610,8599,-1,8684,8599,8685,-1,8685,8599,8600,-1,8685,8600,1049,-1,1049,8600,1050,-1,557,556,8652,-1,8652,556,8686,-1,8652,8686,8624,-1,8624,8686,8687,-1,8624,8687,8625,-1,8625,8687,8688,-1,8625,8688,8646,-1,8646,8688,8689,-1,8646,8689,8647,-1,8647,8689,8690,-1,8647,8690,8633,-1,8633,8690,8691,-1,8633,8691,8634,-1,8634,8691,8692,-1,8634,8692,8636,-1,8636,8692,8693,-1,8636,8693,8632,-1,8632,8693,8694,-1,8632,8694,1045,-1,1045,8694,1046,-1,8662,8664,8695,-1,8695,8664,8665,-1,8695,8665,1046,-1,1046,8665,8667,-1,1046,8667,1047,-1,8695,8696,8662,-1,8662,8696,8697,-1,8662,8697,8661,-1,8661,8697,8698,-1,8698,8699,8661,-1,8661,8699,8700,-1,8661,8700,8659,-1,8659,8700,8701,-1,8659,8701,8658,-1,8658,8701,8702,-1,8658,8702,8656,-1,8656,8702,8703,-1,8656,8703,8654,-1,8654,8703,1041,-1,8654,1041,1040,-1,8704,8705,558,-1,8706,8707,558,-1,8708,8709,8705,-1,8705,8709,558,-1,8707,8704,558,-1,8678,8679,8710,-1,8711,8669,8668,-1,8669,8711,8670,-1,8670,8711,8712,-1,8670,8712,8671,-1,8671,8712,8713,-1,8671,8713,8672,-1,8672,8713,8714,-1,8672,8714,8673,-1,8673,8714,8674,-1,8674,8714,8715,-1,8674,8715,8675,-1,8675,8715,8676,-1,8676,8715,8685,-1,8676,8685,1049,-1,8682,8683,8716,-1,8716,8683,8684,-1,8717,8711,8718,-1,8718,8711,8668,-1,8718,8668,1042,-1,8717,8719,8711,-1,8711,8719,8720,-1,8711,8720,8712,-1,8712,8720,8721,-1,8712,8721,8713,-1,8713,8721,8722,-1,8713,8722,8714,-1,8714,8722,8716,-1,8714,8716,8715,-1,8715,8716,8684,-1,8715,8684,8685,-1,8682,8716,8723,-1,8723,8716,8722,-1,8723,8722,8724,-1,8724,8722,8721,-1,8724,8721,8725,-1,8725,8721,8720,-1,8725,8720,8726,-1,8726,8720,8719,-1,8726,8719,8727,-1,8679,8680,8723,-1,8723,8680,8681,-1,8723,8681,8682,-1,8717,8728,8719,-1,8719,8728,8729,-1,8719,8729,8727,-1,8727,8729,8730,-1,8727,8730,8731,-1,8679,8723,8710,-1,8710,8723,8724,-1,8710,8724,8732,-1,8732,8724,8725,-1,8732,8725,8733,-1,8733,8725,8726,-1,8733,8726,8734,-1,8734,8726,8727,-1,8734,8727,8735,-1,8735,8727,8731,-1,8735,8731,8736,-1,558,8677,8737,-1,8737,8677,8678,-1,8706,558,8737,-1,8678,8710,8737,-1,8737,8710,8732,-1,8737,8732,8706,-1,8706,8732,8733,-1,8706,8733,8707,-1,8707,8733,8734,-1,8707,8734,8704,-1,8704,8734,8735,-1,8704,8735,8705,-1,8705,8735,8736,-1,8705,8736,8708,-1,8738,8739,556,-1,8740,8741,556,-1,8687,8686,8739,-1,8739,8686,556,-1,8741,8738,556,-1,8742,8743,8744,-1,8745,8696,8695,-1,8696,8745,8697,-1,8697,8745,8746,-1,8697,8746,8698,-1,8698,8746,8747,-1,8698,8747,8699,-1,8699,8747,8748,-1,8699,8748,8700,-1,8700,8748,8701,-1,8701,8748,8749,-1,8701,8749,8702,-1,8702,8749,8703,-1,8703,8749,8750,-1,8703,8750,1041,-1,8751,8752,8753,-1,8753,8752,8754,-1,8693,8745,8694,-1,8694,8745,8695,-1,8694,8695,1046,-1,8693,8755,8745,-1,8745,8755,8756,-1,8745,8756,8746,-1,8746,8756,8757,-1,8746,8757,8747,-1,8747,8757,8758,-1,8747,8758,8748,-1,8748,8758,8753,-1,8748,8753,8749,-1,8749,8753,8754,-1,8749,8754,8750,-1,8751,8753,8759,-1,8759,8753,8758,-1,8759,8758,8760,-1,8760,8758,8757,-1,8760,8757,8761,-1,8761,8757,8756,-1,8761,8756,8762,-1,8762,8756,8755,-1,8762,8755,8763,-1,8743,8764,8759,-1,8759,8764,8765,-1,8759,8765,8751,-1,8693,8692,8755,-1,8755,8692,8691,-1,8755,8691,8763,-1,8763,8691,8690,-1,8763,8690,8689,-1,8743,8759,8744,-1,8744,8759,8760,-1,8744,8760,8766,-1,8766,8760,8761,-1,8766,8761,8767,-1,8767,8761,8762,-1,8767,8762,8768,-1,8768,8762,8763,-1,8768,8763,8769,-1,8769,8763,8689,-1,8769,8689,8688,-1,556,8770,8771,-1,8771,8770,8742,-1,8740,556,8771,-1,8742,8744,8771,-1,8771,8744,8766,-1,8771,8766,8740,-1,8740,8766,8767,-1,8740,8767,8741,-1,8741,8767,8768,-1,8741,8768,8738,-1,8738,8768,8769,-1,8738,8769,8739,-1,8739,8769,8688,-1,8739,8688,8687,-1,556,558,8770,-1,8770,558,8709,-1,8770,8709,8742,-1,8742,8709,8708,-1,8742,8708,8743,-1,8743,8708,8736,-1,8743,8736,8764,-1,8764,8736,8731,-1,8764,8731,8765,-1,8765,8731,8730,-1,8765,8730,8751,-1,8751,8730,8729,-1,8751,8729,8752,-1,8752,8729,8728,-1,8752,8728,8754,-1,8754,8728,8717,-1,8754,8717,8750,-1,8750,8717,8718,-1,8750,8718,1041,-1,1041,8718,1042,-1,1132,624,626,-1,1132,626,8772,-1,8772,626,8773,-1,8772,8773,8774,-1,8774,8773,8775,-1,8774,8775,8776,-1,8776,8775,8777,-1,8777,8775,8778,-1,8777,8778,8779,-1,8779,8778,8780,-1,8780,8778,8781,-1,8780,8781,8782,-1,8782,8781,8783,-1,8783,8781,8784,-1,8783,8784,8785,-1,639,637,8784,-1,8784,637,1131,-1,8784,1131,8785,-1,1124,635,633,-1,1124,633,8786,-1,8786,633,8787,-1,8786,8787,8788,-1,8788,8787,8789,-1,8788,8789,8790,-1,8790,8789,8791,-1,8791,8789,8792,-1,8791,8792,8793,-1,8793,8792,8794,-1,8794,8792,8795,-1,8794,8795,8796,-1,8796,8795,8797,-1,8797,8795,8798,-1,8797,8798,8799,-1,627,625,8798,-1,8798,625,1135,-1,8798,1135,8799,-1,8780,8782,8800,-1,8800,8782,8783,-1,8800,8783,1130,-1,1130,8783,8785,-1,1130,8785,1131,-1,8800,8801,8780,-1,8780,8801,8802,-1,8780,8802,8779,-1,8779,8802,8803,-1,8803,8804,8779,-1,8779,8804,8805,-1,8779,8805,8777,-1,8777,8805,8806,-1,8777,8806,8776,-1,8776,8806,8807,-1,8776,8807,8774,-1,8774,8807,8808,-1,8774,8808,8772,-1,8772,8808,1133,-1,8772,1133,1132,-1,631,629,8809,-1,1134,1133,8810,-1,8810,1133,8811,-1,8810,8811,8812,-1,8812,8811,8813,-1,8812,8813,8814,-1,8814,8813,8815,-1,8814,8815,8816,-1,8816,8815,8817,-1,8816,8817,8818,-1,8818,8817,8819,-1,8818,8819,8820,-1,8820,8819,8821,-1,8820,8821,8822,-1,8822,8821,8823,-1,8822,8823,8824,-1,8824,8823,8825,-1,8824,8825,8826,-1,8826,8825,8827,-1,8826,8827,8809,-1,8809,8827,8828,-1,8809,8828,631,-1,8794,8796,8829,-1,8829,8796,8797,-1,8829,8797,1134,-1,1134,8797,8799,-1,1134,8799,1135,-1,8829,8830,8794,-1,8794,8830,8831,-1,8794,8831,8793,-1,8793,8831,8832,-1,8832,8833,8793,-1,8793,8833,8834,-1,8793,8834,8791,-1,8791,8834,8835,-1,8791,8835,8790,-1,8790,8835,8836,-1,8790,8836,8788,-1,8788,8836,8837,-1,8788,8837,8786,-1,8786,8837,1125,-1,8786,1125,1124,-1,1128,636,638,-1,1128,638,8838,-1,8838,638,8839,-1,8838,8839,8840,-1,8840,8839,8841,-1,8840,8841,8842,-1,8842,8841,8843,-1,8843,8841,8844,-1,8843,8844,8845,-1,8845,8844,8846,-1,8846,8844,8847,-1,8846,8847,8848,-1,8848,8847,8849,-1,8849,8847,8850,-1,8849,8850,8851,-1,620,622,8850,-1,8850,622,1123,-1,8850,1123,8851,-1,8852,8853,8854,-1,8855,8856,8857,-1,631,8858,8859,-1,8860,8858,631,-1,8857,8856,631,-1,8861,631,8856,-1,8862,8801,8800,-1,8801,8862,8802,-1,8802,8862,8863,-1,8802,8863,8803,-1,8803,8863,8864,-1,8803,8864,8804,-1,8804,8864,8865,-1,8804,8865,8805,-1,8805,8865,8806,-1,8806,8865,8866,-1,8806,8866,8807,-1,8807,8866,8808,-1,8808,8866,8811,-1,8808,8811,1133,-1,8828,8860,631,-1,8867,8868,8855,-1,8855,8868,8869,-1,8855,8869,8856,-1,8856,8869,8870,-1,8856,8870,8861,-1,8871,8859,8872,-1,8872,8859,8858,-1,8872,8858,8873,-1,8873,8858,8860,-1,8873,8860,8874,-1,8828,8827,8860,-1,8860,8827,8825,-1,8860,8825,8874,-1,8874,8825,8823,-1,8874,8823,8821,-1,8854,8871,8875,-1,8875,8871,8872,-1,8875,8872,8876,-1,8876,8872,8873,-1,8876,8873,8877,-1,8877,8873,8874,-1,8877,8874,8878,-1,8878,8874,8821,-1,8879,8880,8881,-1,8881,8880,8852,-1,8852,8854,8881,-1,8881,8854,8875,-1,8881,8875,8882,-1,8882,8875,8876,-1,8882,8876,8883,-1,8883,8876,8877,-1,8883,8877,8884,-1,8884,8877,8878,-1,8884,8878,8885,-1,8853,8867,8854,-1,8854,8867,8855,-1,8854,8855,8871,-1,8871,8855,8857,-1,8871,8857,8859,-1,8859,8857,631,-1,8879,8862,8886,-1,8886,8862,8800,-1,8886,8800,1130,-1,8821,8819,8878,-1,8878,8819,8817,-1,8878,8817,8885,-1,8885,8817,8815,-1,8885,8815,8813,-1,8879,8881,8862,-1,8862,8881,8882,-1,8862,8882,8863,-1,8863,8882,8883,-1,8863,8883,8864,-1,8864,8883,8884,-1,8864,8884,8865,-1,8865,8884,8885,-1,8865,8885,8866,-1,8866,8885,8813,-1,8866,8813,8811,-1,8816,8818,8887,-1,8888,8889,8890,-1,629,8891,8892,-1,8893,8891,629,-1,8890,8889,629,-1,8809,629,8889,-1,8894,8830,8829,-1,8830,8894,8831,-1,8831,8894,8895,-1,8831,8895,8832,-1,8832,8895,8896,-1,8832,8896,8833,-1,8833,8896,8897,-1,8833,8897,8834,-1,8834,8897,8835,-1,8835,8897,8898,-1,8835,8898,8836,-1,8836,8898,8837,-1,8837,8898,8899,-1,8837,8899,1125,-1,8900,8893,629,-1,8820,8822,8888,-1,8888,8822,8824,-1,8888,8824,8889,-1,8889,8824,8826,-1,8889,8826,8809,-1,8901,8892,8902,-1,8902,8892,8891,-1,8902,8891,8903,-1,8903,8891,8893,-1,8903,8893,8904,-1,8900,8905,8893,-1,8893,8905,8906,-1,8893,8906,8904,-1,8904,8906,8907,-1,8904,8907,8908,-1,8887,8901,8909,-1,8909,8901,8902,-1,8909,8902,8910,-1,8910,8902,8903,-1,8910,8903,8911,-1,8911,8903,8904,-1,8911,8904,8912,-1,8912,8904,8908,-1,8812,8814,8913,-1,8913,8814,8816,-1,8816,8887,8913,-1,8913,8887,8909,-1,8913,8909,8914,-1,8914,8909,8910,-1,8914,8910,8915,-1,8915,8910,8911,-1,8915,8911,8916,-1,8916,8911,8912,-1,8916,8912,8917,-1,8818,8820,8887,-1,8887,8820,8888,-1,8887,8888,8901,-1,8901,8888,8890,-1,8901,8890,8892,-1,8892,8890,629,-1,8812,8894,8810,-1,8810,8894,8829,-1,8810,8829,1134,-1,8908,8918,8912,-1,8912,8918,8919,-1,8912,8919,8917,-1,8917,8919,8920,-1,8917,8920,8921,-1,8812,8913,8894,-1,8894,8913,8914,-1,8894,8914,8895,-1,8895,8914,8915,-1,8895,8915,8896,-1,8896,8915,8916,-1,8896,8916,8897,-1,8897,8916,8917,-1,8897,8917,8898,-1,8898,8917,8921,-1,8898,8921,8899,-1,1120,623,621,-1,1120,621,8922,-1,8922,621,8923,-1,8922,8923,8924,-1,8924,8923,8925,-1,8924,8925,8926,-1,8926,8925,8927,-1,8927,8925,8928,-1,8927,8928,8929,-1,8929,8928,8930,-1,8930,8928,8931,-1,8930,8931,8932,-1,8932,8931,8933,-1,8933,8931,8934,-1,8933,8934,8935,-1,632,634,8934,-1,8934,634,1127,-1,8934,1127,8935,-1,8846,8848,8936,-1,8936,8848,8849,-1,8936,8849,1122,-1,1122,8849,8851,-1,1122,8851,1123,-1,8936,8937,8846,-1,8846,8937,8938,-1,8846,8938,8845,-1,8845,8938,8939,-1,8939,8940,8845,-1,8845,8940,8941,-1,8845,8941,8843,-1,8843,8941,8942,-1,8843,8942,8842,-1,8842,8942,8943,-1,8842,8943,8840,-1,8840,8943,8944,-1,8840,8944,8838,-1,8838,8944,1129,-1,8838,1129,1128,-1,630,631,8861,-1,1130,1129,8886,-1,8886,1129,8945,-1,8886,8945,8879,-1,8879,8945,8946,-1,8879,8946,8880,-1,8880,8946,8947,-1,8880,8947,8852,-1,8852,8947,8948,-1,8852,8948,8853,-1,8853,8948,8949,-1,8853,8949,8867,-1,8867,8949,8950,-1,8867,8950,8868,-1,8868,8950,8951,-1,8868,8951,8869,-1,8869,8951,8952,-1,8869,8952,8870,-1,8870,8952,8953,-1,8870,8953,8861,-1,8861,8953,8954,-1,8861,8954,630,-1,1126,1125,8955,-1,8955,1125,8899,-1,8955,8899,8956,-1,8956,8899,8921,-1,8956,8921,8957,-1,8957,8921,8920,-1,8957,8920,8958,-1,8958,8920,8919,-1,8958,8919,8959,-1,8959,8919,8918,-1,8959,8918,8960,-1,8960,8918,8908,-1,8960,8908,8961,-1,8961,8908,8907,-1,8961,8907,8962,-1,8962,8907,8906,-1,8962,8906,8963,-1,8963,8906,8905,-1,8963,8905,8964,-1,8905,8900,8964,-1,8964,8900,629,-1,8964,629,628,-1,8930,8932,8965,-1,8965,8932,8933,-1,8965,8933,1126,-1,1126,8933,8935,-1,1126,8935,1127,-1,8965,8966,8930,-1,8930,8966,8967,-1,8930,8967,8929,-1,8929,8967,8968,-1,8968,8969,8929,-1,8929,8969,8970,-1,8929,8970,8927,-1,8927,8970,8971,-1,8927,8971,8926,-1,8926,8971,8972,-1,8926,8972,8924,-1,8924,8972,8973,-1,8924,8973,8922,-1,8922,8973,1121,-1,8922,1121,1120,-1,8974,8975,8976,-1,8977,8978,8979,-1,630,8980,8981,-1,8982,8980,630,-1,8979,8978,630,-1,8983,630,8978,-1,8984,8937,8936,-1,8937,8984,8938,-1,8938,8984,8985,-1,8938,8985,8939,-1,8939,8985,8986,-1,8939,8986,8940,-1,8940,8986,8987,-1,8940,8987,8941,-1,8941,8987,8942,-1,8942,8987,8988,-1,8942,8988,8943,-1,8943,8988,8944,-1,8944,8988,8945,-1,8944,8945,1129,-1,8954,8982,630,-1,8989,8990,8977,-1,8977,8990,8991,-1,8977,8991,8978,-1,8978,8991,8992,-1,8978,8992,8983,-1,8993,8981,8994,-1,8994,8981,8980,-1,8994,8980,8995,-1,8995,8980,8982,-1,8995,8982,8996,-1,8954,8953,8982,-1,8982,8953,8952,-1,8982,8952,8996,-1,8996,8952,8951,-1,8996,8951,8950,-1,8976,8993,8997,-1,8997,8993,8994,-1,8997,8994,8998,-1,8998,8994,8995,-1,8998,8995,8999,-1,8999,8995,8996,-1,8999,8996,9000,-1,9000,8996,8950,-1,9001,9002,9003,-1,9003,9002,8974,-1,8974,8976,9003,-1,9003,8976,8997,-1,9003,8997,9004,-1,9004,8997,8998,-1,9004,8998,9005,-1,9005,8998,8999,-1,9005,8999,9006,-1,9006,8999,9000,-1,9006,9000,9007,-1,8975,8989,8976,-1,8976,8989,8977,-1,8976,8977,8993,-1,8993,8977,8979,-1,8993,8979,8981,-1,8981,8979,630,-1,9001,8984,9008,-1,9008,8984,8936,-1,9008,8936,1122,-1,8950,8949,9000,-1,9000,8949,8948,-1,9000,8948,9007,-1,9007,8948,8947,-1,9007,8947,8946,-1,9001,9003,8984,-1,8984,9003,9004,-1,8984,9004,8985,-1,8985,9004,9005,-1,8985,9005,8986,-1,8986,9005,9006,-1,8986,9006,8987,-1,8987,9006,9007,-1,8987,9007,8988,-1,8988,9007,8946,-1,8988,8946,8945,-1,8958,8959,9009,-1,9010,9011,9012,-1,628,9013,9014,-1,9015,9013,628,-1,9012,9011,628,-1,8964,628,9011,-1,9016,8966,8965,-1,8966,9016,8967,-1,8967,9016,9017,-1,8967,9017,8968,-1,8968,9017,9018,-1,8968,9018,8969,-1,8969,9018,9019,-1,8969,9019,8970,-1,8970,9019,8971,-1,8971,9019,9020,-1,8971,9020,8972,-1,8972,9020,8973,-1,8973,9020,9021,-1,8973,9021,1121,-1,9022,9015,628,-1,8960,8961,9010,-1,9010,8961,8962,-1,9010,8962,9011,-1,9011,8962,8963,-1,9011,8963,8964,-1,9023,9014,9024,-1,9024,9014,9013,-1,9024,9013,9025,-1,9025,9013,9015,-1,9025,9015,9026,-1,9022,9027,9015,-1,9015,9027,9028,-1,9015,9028,9026,-1,9026,9028,9029,-1,9026,9029,9030,-1,9009,9023,9031,-1,9031,9023,9024,-1,9031,9024,9032,-1,9032,9024,9025,-1,9032,9025,9033,-1,9033,9025,9026,-1,9033,9026,9034,-1,9034,9026,9030,-1,8956,8957,9035,-1,9035,8957,8958,-1,8958,9009,9035,-1,9035,9009,9031,-1,9035,9031,9036,-1,9036,9031,9032,-1,9036,9032,9037,-1,9037,9032,9033,-1,9037,9033,9038,-1,9038,9033,9034,-1,9038,9034,9039,-1,8959,8960,9009,-1,9009,8960,9010,-1,9009,9010,9023,-1,9023,9010,9012,-1,9023,9012,9014,-1,9014,9012,628,-1,8956,9016,8955,-1,8955,9016,8965,-1,8955,8965,1126,-1,9030,9040,9034,-1,9034,9040,9041,-1,9034,9041,9039,-1,9039,9041,9042,-1,9039,9042,9043,-1,8956,9035,9016,-1,9016,9035,9036,-1,9016,9036,9017,-1,9017,9036,9037,-1,9017,9037,9018,-1,9018,9037,9038,-1,9018,9038,9019,-1,9019,9038,9039,-1,9019,9039,9020,-1,9020,9039,9043,-1,9020,9043,9021,-1,1122,1121,9008,-1,9008,1121,9021,-1,9008,9021,9001,-1,9001,9021,9043,-1,9001,9043,9002,-1,9002,9043,9042,-1,9002,9042,8974,-1,8974,9042,9041,-1,8974,9041,8975,-1,8975,9041,9040,-1,8975,9040,8989,-1,8989,9040,9030,-1,8989,9030,8990,-1,8990,9030,9029,-1,8990,9029,8991,-1,8991,9029,9028,-1,8991,9028,8992,-1,8992,9028,9027,-1,8992,9027,8983,-1,9027,9022,8983,-1,8983,9022,628,-1,8983,628,630,-1,1148,580,582,-1,1148,582,9044,-1,9044,582,9045,-1,9044,9045,9046,-1,9046,9045,9047,-1,9046,9047,9048,-1,9048,9047,9049,-1,9049,9047,9050,-1,9049,9050,9051,-1,9051,9050,9052,-1,9052,9050,9053,-1,9052,9053,9054,-1,9054,9053,9055,-1,9055,9053,9056,-1,9055,9056,9057,-1,596,598,9056,-1,9056,598,1147,-1,9056,1147,9057,-1,1140,592,594,-1,1140,594,9058,-1,9058,594,9059,-1,9058,9059,9060,-1,9060,9059,9061,-1,9060,9061,9062,-1,9062,9061,9063,-1,9063,9061,9064,-1,9063,9064,9065,-1,9065,9064,9066,-1,9066,9064,9067,-1,9066,9067,9068,-1,9068,9067,9069,-1,9069,9067,9070,-1,9069,9070,9071,-1,583,581,9070,-1,9070,581,1151,-1,9070,1151,9071,-1,9052,9054,9072,-1,9072,9054,9055,-1,9072,9055,1146,-1,1146,9055,9057,-1,1146,9057,1147,-1,9072,9073,9052,-1,9052,9073,9074,-1,9052,9074,9051,-1,9051,9074,9075,-1,9075,9076,9051,-1,9051,9076,9077,-1,9051,9077,9049,-1,9049,9077,9078,-1,9049,9078,9048,-1,9048,9078,9079,-1,9048,9079,9046,-1,9046,9079,9080,-1,9046,9080,9044,-1,9044,9080,1149,-1,9044,1149,1148,-1,1150,1149,9081,-1,9081,1149,9082,-1,9081,9082,9083,-1,9083,9082,9084,-1,9083,9084,9085,-1,9085,9084,9086,-1,9085,9086,9087,-1,9087,9086,9088,-1,9087,9088,9089,-1,9089,9088,9090,-1,9089,9090,9091,-1,9091,9090,9092,-1,9091,9092,9093,-1,9093,9092,9094,-1,9093,9094,9095,-1,9095,9094,9096,-1,9095,9096,9097,-1,9097,9096,9098,-1,9097,9098,9099,-1,9098,9100,9099,-1,9099,9100,587,-1,9099,587,585,-1,9066,9068,9101,-1,9101,9068,9069,-1,9101,9069,1150,-1,1150,9069,9071,-1,1150,9071,1151,-1,9101,9102,9066,-1,9066,9102,9103,-1,9066,9103,9065,-1,9065,9103,9104,-1,9104,9105,9065,-1,9065,9105,9106,-1,9065,9106,9063,-1,9063,9106,9107,-1,9063,9107,9062,-1,9062,9107,9108,-1,9062,9108,9060,-1,9060,9108,9109,-1,9060,9109,9058,-1,9058,9109,1141,-1,9058,1141,1140,-1,1144,599,597,-1,1144,597,9110,-1,9110,597,9111,-1,9110,9111,9112,-1,9112,9111,9113,-1,9112,9113,9114,-1,9114,9113,9115,-1,9115,9113,9116,-1,9115,9116,9117,-1,9117,9116,9118,-1,9118,9116,9119,-1,9118,9119,9120,-1,9120,9119,9121,-1,9121,9119,9122,-1,9121,9122,9123,-1,588,590,9122,-1,9122,590,1139,-1,9122,1139,9123,-1,9124,9125,9126,-1,9127,9128,9129,-1,587,9130,9131,-1,9132,9130,587,-1,9129,9128,587,-1,9133,587,9128,-1,9134,9073,9072,-1,9073,9134,9074,-1,9074,9134,9135,-1,9074,9135,9075,-1,9075,9135,9136,-1,9075,9136,9076,-1,9076,9136,9137,-1,9076,9137,9077,-1,9077,9137,9078,-1,9078,9137,9138,-1,9078,9138,9079,-1,9079,9138,9080,-1,9080,9138,9082,-1,9080,9082,1149,-1,9100,9132,587,-1,9139,9140,9127,-1,9127,9140,9141,-1,9127,9141,9128,-1,9128,9141,9142,-1,9128,9142,9133,-1,9143,9131,9144,-1,9144,9131,9130,-1,9144,9130,9145,-1,9145,9130,9132,-1,9145,9132,9146,-1,9100,9098,9132,-1,9132,9098,9096,-1,9132,9096,9146,-1,9146,9096,9094,-1,9146,9094,9092,-1,9126,9143,9147,-1,9147,9143,9144,-1,9147,9144,9148,-1,9148,9144,9145,-1,9148,9145,9149,-1,9149,9145,9146,-1,9149,9146,9150,-1,9150,9146,9092,-1,9151,9152,9153,-1,9153,9152,9124,-1,9124,9126,9153,-1,9153,9126,9147,-1,9153,9147,9154,-1,9154,9147,9148,-1,9154,9148,9155,-1,9155,9148,9149,-1,9155,9149,9156,-1,9156,9149,9150,-1,9156,9150,9157,-1,9125,9139,9126,-1,9126,9139,9127,-1,9126,9127,9143,-1,9143,9127,9129,-1,9143,9129,9131,-1,9131,9129,587,-1,9151,9134,9158,-1,9158,9134,9072,-1,9158,9072,1146,-1,9092,9090,9150,-1,9150,9090,9088,-1,9150,9088,9157,-1,9157,9088,9086,-1,9157,9086,9084,-1,9151,9153,9134,-1,9134,9153,9154,-1,9134,9154,9135,-1,9135,9154,9155,-1,9135,9155,9136,-1,9136,9155,9156,-1,9136,9156,9137,-1,9137,9156,9157,-1,9137,9157,9138,-1,9138,9157,9084,-1,9138,9084,9082,-1,9087,9089,9159,-1,9160,9161,9162,-1,585,9163,9164,-1,9165,9163,585,-1,9162,9161,585,-1,9099,585,9161,-1,9166,9102,9101,-1,9102,9166,9103,-1,9103,9166,9167,-1,9103,9167,9104,-1,9104,9167,9168,-1,9104,9168,9105,-1,9105,9168,9169,-1,9105,9169,9106,-1,9106,9169,9107,-1,9107,9169,9170,-1,9107,9170,9108,-1,9108,9170,9109,-1,9109,9170,9171,-1,9109,9171,1141,-1,9172,9165,585,-1,9091,9093,9160,-1,9160,9093,9095,-1,9160,9095,9161,-1,9161,9095,9097,-1,9161,9097,9099,-1,9173,9164,9174,-1,9174,9164,9163,-1,9174,9163,9175,-1,9175,9163,9165,-1,9175,9165,9176,-1,9172,9177,9165,-1,9165,9177,9178,-1,9165,9178,9176,-1,9176,9178,9179,-1,9176,9179,9180,-1,9159,9173,9181,-1,9181,9173,9174,-1,9181,9174,9182,-1,9182,9174,9175,-1,9182,9175,9183,-1,9183,9175,9176,-1,9183,9176,9184,-1,9184,9176,9180,-1,9083,9085,9185,-1,9185,9085,9087,-1,9087,9159,9185,-1,9185,9159,9181,-1,9185,9181,9186,-1,9186,9181,9182,-1,9186,9182,9187,-1,9187,9182,9183,-1,9187,9183,9188,-1,9188,9183,9184,-1,9188,9184,9189,-1,9089,9091,9159,-1,9159,9091,9160,-1,9159,9160,9173,-1,9173,9160,9162,-1,9173,9162,9164,-1,9164,9162,585,-1,9083,9166,9081,-1,9081,9166,9101,-1,9081,9101,1150,-1,9180,9190,9184,-1,9184,9190,9191,-1,9184,9191,9189,-1,9189,9191,9192,-1,9189,9192,9193,-1,9083,9185,9166,-1,9166,9185,9186,-1,9166,9186,9167,-1,9167,9186,9187,-1,9167,9187,9168,-1,9168,9187,9188,-1,9168,9188,9169,-1,9169,9188,9189,-1,9169,9189,9170,-1,9170,9189,9193,-1,9170,9193,9171,-1,1136,591,589,-1,1136,589,9194,-1,9194,589,9195,-1,9194,9195,9196,-1,9196,9195,9197,-1,9196,9197,9198,-1,9198,9197,9199,-1,9199,9197,9200,-1,9199,9200,9201,-1,9201,9200,9202,-1,9202,9200,9203,-1,9202,9203,9204,-1,9204,9203,9205,-1,9205,9203,9206,-1,9205,9206,9207,-1,595,593,9206,-1,9206,593,1143,-1,9206,1143,9207,-1,1139,1138,9123,-1,9123,1138,9208,-1,9123,9208,9121,-1,9121,9208,9209,-1,9121,9209,9120,-1,9120,9209,9210,-1,9120,9210,9118,-1,9210,9211,9118,-1,9118,9211,9212,-1,9118,9212,9117,-1,9117,9212,9213,-1,9117,9213,9115,-1,9115,9213,9214,-1,9115,9214,9114,-1,9114,9214,9215,-1,1145,1144,9216,-1,9216,1144,9110,-1,9216,9110,9215,-1,9215,9110,9112,-1,9215,9112,9114,-1,586,587,9133,-1,1146,1145,9158,-1,9158,1145,9217,-1,9158,9217,9151,-1,9151,9217,9218,-1,9151,9218,9152,-1,9152,9218,9219,-1,9152,9219,9124,-1,9124,9219,9220,-1,9124,9220,9125,-1,9125,9220,9221,-1,9125,9221,9139,-1,9139,9221,9222,-1,9139,9222,9140,-1,9140,9222,9223,-1,9140,9223,9141,-1,9141,9223,9224,-1,9141,9224,9142,-1,9142,9224,9225,-1,9142,9225,9133,-1,9133,9225,9226,-1,9133,9226,586,-1,1142,1141,9227,-1,9227,1141,9171,-1,9227,9171,9228,-1,9228,9171,9193,-1,9228,9193,9229,-1,9229,9193,9192,-1,9229,9192,9230,-1,9230,9192,9191,-1,9230,9191,9231,-1,9231,9191,9190,-1,9231,9190,9232,-1,9232,9190,9180,-1,9232,9180,9233,-1,9233,9180,9179,-1,9233,9179,9234,-1,9234,9179,9178,-1,9234,9178,9235,-1,9235,9178,9177,-1,9235,9177,9236,-1,9177,9172,9236,-1,9236,9172,585,-1,9236,585,584,-1,9202,9204,9237,-1,9237,9204,9205,-1,9237,9205,1142,-1,1142,9205,9207,-1,1142,9207,1143,-1,9237,9238,9202,-1,9202,9238,9239,-1,9202,9239,9201,-1,9201,9239,9240,-1,9240,9241,9201,-1,9201,9241,9242,-1,9201,9242,9199,-1,9199,9242,9243,-1,9199,9243,9198,-1,9198,9243,9244,-1,9198,9244,9196,-1,9196,9244,9245,-1,9196,9245,9194,-1,9194,9245,1137,-1,9194,1137,1136,-1,9246,9247,9248,-1,9249,9250,9251,-1,9252,9253,9254,-1,586,9255,9256,-1,9257,9255,586,-1,9254,9253,586,-1,9258,586,9253,-1,9208,9259,9209,-1,9209,9259,9260,-1,9212,9211,9260,-1,9260,9211,9210,-1,9260,9210,9209,-1,9260,9261,9212,-1,9212,9261,9262,-1,9212,9262,9213,-1,9213,9262,9263,-1,9213,9263,9214,-1,9214,9263,9215,-1,9215,9263,9264,-1,9215,9264,9216,-1,9216,9264,9217,-1,9216,9217,1145,-1,9226,9257,586,-1,9265,9266,9252,-1,9252,9266,9267,-1,9252,9267,9253,-1,9253,9267,9268,-1,9253,9268,9258,-1,9269,9256,9270,-1,9270,9256,9255,-1,9270,9255,9271,-1,9271,9255,9257,-1,9271,9257,9272,-1,9250,9265,9251,-1,9251,9265,9252,-1,9251,9252,9273,-1,9273,9252,9254,-1,9273,9254,9274,-1,9274,9254,586,-1,9226,9225,9257,-1,9257,9225,9224,-1,9257,9224,9272,-1,9272,9224,9223,-1,9272,9223,9222,-1,9275,9269,9276,-1,9276,9269,9270,-1,9276,9270,9277,-1,9277,9270,9271,-1,9277,9271,9278,-1,9278,9271,9272,-1,9278,9272,9279,-1,9279,9272,9222,-1,9248,9275,9280,-1,9280,9275,9276,-1,9280,9276,9281,-1,9281,9276,9277,-1,9281,9277,9282,-1,9282,9277,9278,-1,9282,9278,9283,-1,9283,9278,9279,-1,9283,9279,9284,-1,9247,9249,9248,-1,9248,9249,9251,-1,9248,9251,9275,-1,9275,9251,9273,-1,9275,9273,9269,-1,9269,9273,9274,-1,9269,9274,9256,-1,9256,9274,586,-1,9208,1138,9259,-1,9259,1138,9285,-1,9259,9285,9246,-1,9222,9221,9279,-1,9279,9221,9220,-1,9279,9220,9284,-1,9284,9220,9219,-1,9284,9219,9218,-1,9246,9248,9259,-1,9259,9248,9280,-1,9259,9280,9260,-1,9260,9280,9281,-1,9260,9281,9261,-1,9261,9281,9282,-1,9261,9282,9262,-1,9262,9282,9283,-1,9262,9283,9263,-1,9263,9283,9284,-1,9263,9284,9264,-1,9264,9284,9218,-1,9264,9218,9217,-1,9230,9231,9286,-1,9287,9288,9289,-1,584,9290,9291,-1,9292,9290,584,-1,9289,9288,584,-1,9236,584,9288,-1,9293,9238,9237,-1,9238,9293,9239,-1,9239,9293,9294,-1,9239,9294,9240,-1,9240,9294,9295,-1,9240,9295,9241,-1,9241,9295,9296,-1,9241,9296,9242,-1,9242,9296,9243,-1,9243,9296,9297,-1,9243,9297,9244,-1,9244,9297,9245,-1,9245,9297,9298,-1,9245,9298,1137,-1,9299,9292,584,-1,9232,9233,9287,-1,9287,9233,9234,-1,9287,9234,9288,-1,9288,9234,9235,-1,9288,9235,9236,-1,9300,9291,9301,-1,9301,9291,9290,-1,9301,9290,9302,-1,9302,9290,9292,-1,9302,9292,9303,-1,9299,9304,9292,-1,9292,9304,9305,-1,9292,9305,9303,-1,9303,9305,9306,-1,9303,9306,9307,-1,9286,9300,9308,-1,9308,9300,9301,-1,9308,9301,9309,-1,9309,9301,9302,-1,9309,9302,9310,-1,9310,9302,9303,-1,9310,9303,9311,-1,9311,9303,9307,-1,9228,9229,9312,-1,9312,9229,9230,-1,9230,9286,9312,-1,9312,9286,9308,-1,9312,9308,9313,-1,9313,9308,9309,-1,9313,9309,9314,-1,9314,9309,9310,-1,9314,9310,9315,-1,9315,9310,9311,-1,9315,9311,9316,-1,9231,9232,9286,-1,9286,9232,9287,-1,9286,9287,9300,-1,9300,9287,9289,-1,9300,9289,9291,-1,9291,9289,584,-1,9228,9293,9227,-1,9227,9293,9237,-1,9227,9237,1142,-1,9307,9317,9311,-1,9311,9317,9318,-1,9311,9318,9316,-1,9316,9318,9319,-1,9316,9319,9320,-1,9228,9312,9293,-1,9293,9312,9313,-1,9293,9313,9294,-1,9294,9313,9314,-1,9294,9314,9295,-1,9295,9314,9315,-1,9295,9315,9296,-1,9296,9315,9316,-1,9296,9316,9297,-1,9297,9316,9320,-1,9297,9320,9298,-1,584,586,9258,-1,1138,1137,9285,-1,9285,1137,9298,-1,9285,9298,9246,-1,9246,9298,9320,-1,9246,9320,9247,-1,9247,9320,9319,-1,9247,9319,9249,-1,9249,9319,9318,-1,9249,9318,9250,-1,9250,9318,9317,-1,9250,9317,9265,-1,9265,9317,9307,-1,9265,9307,9266,-1,9266,9307,9306,-1,9266,9306,9267,-1,9267,9306,9305,-1,9267,9305,9268,-1,9268,9305,9304,-1,9268,9304,9258,-1,9258,9304,9299,-1,9258,9299,584,-1,1100,572,574,-1,1100,574,9321,-1,9321,574,9322,-1,9321,9322,9323,-1,9323,9322,9324,-1,9323,9324,9325,-1,9325,9324,9326,-1,9326,9324,9327,-1,9326,9327,9328,-1,9328,9327,9329,-1,9329,9327,9330,-1,9329,9330,9331,-1,9331,9330,9332,-1,9332,9330,9333,-1,9332,9333,9334,-1,571,569,9333,-1,9333,569,1099,-1,9333,1099,9334,-1,1092,567,565,-1,1092,565,9335,-1,9335,565,9336,-1,9335,9336,9337,-1,9337,9336,9338,-1,9337,9338,9339,-1,9339,9338,9340,-1,9340,9338,9341,-1,9340,9341,9342,-1,9342,9341,9343,-1,9343,9341,9344,-1,9343,9344,9345,-1,9345,9344,9346,-1,9346,9344,9347,-1,9346,9347,9348,-1,575,573,9347,-1,9347,573,1103,-1,9347,1103,9348,-1,1099,1098,9334,-1,9334,1098,9349,-1,9334,9349,9332,-1,9332,9349,9350,-1,9332,9350,9331,-1,9331,9350,9351,-1,9331,9351,9329,-1,9351,9352,9329,-1,9329,9352,9353,-1,9329,9353,9328,-1,9328,9353,9354,-1,9328,9354,9326,-1,9326,9354,9355,-1,9326,9355,9325,-1,9325,9355,9356,-1,9325,9356,9323,-1,9323,9356,9321,-1,9321,9356,1100,-1,1100,9356,9357,-1,1100,9357,1101,-1,563,561,9358,-1,9358,561,9359,-1,9358,9359,9360,-1,9360,9359,9361,-1,9360,9361,9362,-1,9362,9361,9363,-1,9362,9363,9364,-1,9364,9363,9365,-1,9364,9365,9366,-1,9366,9365,9367,-1,9366,9367,9368,-1,9368,9367,9369,-1,9368,9369,9370,-1,9370,9369,9371,-1,9370,9371,9372,-1,9372,9371,9373,-1,9372,9373,9374,-1,9374,9373,9375,-1,9374,9375,1101,-1,1101,9375,1102,-1,9343,9345,9376,-1,9376,9345,9346,-1,9376,9346,1102,-1,1102,9346,9348,-1,1102,9348,1103,-1,9376,9377,9343,-1,9343,9377,9378,-1,9343,9378,9342,-1,9342,9378,9379,-1,9379,9380,9342,-1,9342,9380,9381,-1,9342,9381,9340,-1,9340,9381,9382,-1,9340,9382,9339,-1,9339,9382,9383,-1,9339,9383,9337,-1,9337,9383,9384,-1,9337,9384,9335,-1,9335,9384,1093,-1,9335,1093,1092,-1,1096,568,570,-1,1096,570,9385,-1,9385,570,9386,-1,9385,9386,9387,-1,9387,9386,9388,-1,9387,9388,9389,-1,9389,9388,9390,-1,9390,9388,9391,-1,9390,9391,9392,-1,9392,9391,9393,-1,9393,9391,9394,-1,9393,9394,9395,-1,9395,9394,9396,-1,9396,9394,9397,-1,9396,9397,9398,-1,576,578,9397,-1,9397,578,1091,-1,9397,1091,9398,-1,9399,563,9400,-1,9352,9351,9401,-1,9350,9349,9402,-1,9402,9349,1098,-1,9352,9401,9353,-1,1101,9357,9374,-1,9374,9357,9403,-1,9374,9403,9372,-1,9372,9403,9404,-1,9372,9404,9370,-1,1098,9405,9402,-1,9402,9405,9406,-1,9402,9406,9407,-1,9370,9404,9368,-1,9368,9404,9408,-1,9368,9408,9366,-1,9406,9409,9407,-1,9407,9409,9410,-1,9407,9410,9411,-1,9410,9412,9411,-1,9411,9412,9413,-1,9411,9413,9414,-1,563,9358,9415,-1,9415,9358,9360,-1,9415,9360,9416,-1,9416,9360,9362,-1,9416,9362,9408,-1,9408,9362,9364,-1,9408,9364,9366,-1,9417,9418,9419,-1,9419,9418,9420,-1,9419,9420,9421,-1,9421,9420,9422,-1,9421,9422,9423,-1,9423,9422,9424,-1,9423,9424,9425,-1,9425,9424,9426,-1,9425,9426,563,-1,9418,9427,9420,-1,9420,9427,9428,-1,9420,9428,9422,-1,9422,9428,9429,-1,9422,9429,9424,-1,9424,9429,9430,-1,9424,9430,9426,-1,9426,9430,9431,-1,9426,9431,563,-1,9357,9356,9403,-1,9403,9356,9417,-1,9403,9417,9404,-1,9404,9417,9419,-1,9404,9419,9408,-1,9408,9419,9421,-1,9408,9421,9416,-1,9416,9421,9423,-1,9416,9423,9415,-1,9415,9423,9425,-1,9415,9425,563,-1,9351,9350,9401,-1,9401,9350,9402,-1,9401,9402,9432,-1,9432,9402,9407,-1,9432,9407,9433,-1,9433,9407,9411,-1,9433,9411,9434,-1,9434,9411,9414,-1,9434,9414,9435,-1,9435,9414,9400,-1,9435,9400,563,-1,9413,9436,9414,-1,9414,9436,9437,-1,9414,9437,9400,-1,9400,9437,9438,-1,9400,9438,9399,-1,9356,9355,9417,-1,9417,9355,9354,-1,9417,9354,9418,-1,9418,9354,9353,-1,9418,9353,9427,-1,9427,9353,9401,-1,9427,9401,9428,-1,9428,9401,9432,-1,9428,9432,9429,-1,9429,9432,9433,-1,9429,9433,9430,-1,9430,9433,9434,-1,9430,9434,9431,-1,9431,9434,9435,-1,9431,9435,563,-1,9439,9440,561,-1,9441,9442,9443,-1,9444,9445,9446,-1,9373,9371,9447,-1,9448,9449,9450,-1,1102,9375,9376,-1,9376,9375,9451,-1,9376,9451,9377,-1,9377,9451,9378,-1,9384,9383,9449,-1,9449,9383,9382,-1,9449,9382,9450,-1,9450,9382,9381,-1,9450,9381,9380,-1,1093,9384,9452,-1,9452,9384,9449,-1,9452,9449,9453,-1,9453,9449,9448,-1,9453,9448,9454,-1,9454,9448,9455,-1,9445,9455,9446,-1,9446,9455,9448,-1,9446,9448,9456,-1,9456,9448,9450,-1,9456,9450,9457,-1,9457,9450,9380,-1,9457,9380,9379,-1,9442,9444,9443,-1,9443,9444,9446,-1,9443,9446,9458,-1,9458,9446,9456,-1,9458,9456,9459,-1,9459,9456,9457,-1,9459,9457,9460,-1,9460,9457,9379,-1,9460,9379,9378,-1,9461,9462,9463,-1,9378,9451,9460,-1,9460,9451,9464,-1,9460,9464,9459,-1,9459,9464,9465,-1,9459,9465,9458,-1,9458,9465,9466,-1,9458,9466,9443,-1,9443,9466,9467,-1,9443,9467,9441,-1,9440,9439,9463,-1,9463,9462,9440,-1,9440,9462,9468,-1,9440,9468,561,-1,9359,561,9468,-1,9369,9367,9461,-1,9461,9367,9365,-1,9461,9365,9462,-1,9462,9365,9363,-1,9462,9363,9468,-1,9468,9363,9361,-1,9468,9361,9359,-1,561,9469,9467,-1,9467,9469,9470,-1,9467,9470,9441,-1,9375,9373,9451,-1,9451,9373,9447,-1,9451,9447,9464,-1,9464,9447,9471,-1,9464,9471,9465,-1,9465,9471,9472,-1,9465,9472,9466,-1,9466,9472,9473,-1,9466,9473,9467,-1,9467,9473,561,-1,9371,9369,9447,-1,9447,9369,9461,-1,9447,9461,9471,-1,9471,9461,9463,-1,9471,9463,9472,-1,9472,9463,9439,-1,9472,9439,9473,-1,9473,9439,561,-1,1088,579,577,-1,1088,577,9474,-1,9474,577,9475,-1,9474,9475,9476,-1,9476,9475,9477,-1,9476,9477,9478,-1,9478,9477,9479,-1,9479,9477,9480,-1,9479,9480,9481,-1,9481,9480,9482,-1,9482,9480,9483,-1,9482,9483,9484,-1,9484,9483,9485,-1,9485,9483,9486,-1,9485,9486,9487,-1,9487,9486,9488,-1,9488,9486,9489,-1,9488,9489,9490,-1,564,566,9489,-1,9489,566,1095,-1,9489,1095,9490,-1,1091,1090,9398,-1,9398,1090,9491,-1,9398,9491,9396,-1,9396,9491,9492,-1,9396,9492,9395,-1,9395,9492,9493,-1,9395,9493,9393,-1,9493,9494,9393,-1,9393,9494,9495,-1,9393,9495,9392,-1,9392,9495,9496,-1,9392,9496,9390,-1,9390,9496,9497,-1,9390,9497,9389,-1,9389,9497,9498,-1,1097,1096,9499,-1,9499,1096,9385,-1,9499,9385,9498,-1,9498,9385,9387,-1,9498,9387,9389,-1,562,563,9399,-1,1098,1097,9405,-1,9405,1097,9500,-1,9405,9500,9406,-1,9406,9500,9501,-1,9406,9501,9409,-1,9409,9501,9502,-1,9409,9502,9410,-1,9410,9502,9503,-1,9410,9503,9412,-1,9412,9503,9504,-1,9412,9504,9413,-1,9413,9504,9505,-1,9413,9505,9436,-1,9436,9505,9506,-1,9436,9506,9437,-1,9437,9506,9507,-1,9437,9507,9438,-1,9438,9507,9508,-1,9438,9508,9399,-1,9399,9508,9509,-1,9399,9509,562,-1,1094,1093,9510,-1,9510,1093,9452,-1,9510,9452,9511,-1,9511,9452,9453,-1,9511,9453,9512,-1,9512,9453,9454,-1,9512,9454,9513,-1,9513,9454,9455,-1,9513,9455,9514,-1,9514,9455,9445,-1,9514,9445,9515,-1,9515,9445,9444,-1,9515,9444,9516,-1,9516,9444,9442,-1,9516,9442,9517,-1,9517,9442,9441,-1,9517,9441,9518,-1,9518,9441,9470,-1,9518,9470,9519,-1,9470,9469,9519,-1,9519,9469,561,-1,9519,561,560,-1,1095,1094,9490,-1,9490,1094,9520,-1,9490,9520,9488,-1,9521,9485,9487,-1,9488,9520,9487,-1,9487,9520,9522,-1,9487,9522,9521,-1,9523,9482,9484,-1,9485,9521,9484,-1,9484,9521,9524,-1,9484,9524,9523,-1,9482,9523,9481,-1,9481,9523,9525,-1,9481,9525,9479,-1,9479,9525,9526,-1,9479,9526,9478,-1,9478,9526,9527,-1,9478,9527,9476,-1,9476,9527,9528,-1,9476,9528,9474,-1,9474,9528,1089,-1,9474,1089,1088,-1,9529,9530,562,-1,9507,9506,9531,-1,9505,9504,9532,-1,9533,9534,9535,-1,9492,9491,9536,-1,9536,9491,1090,-1,9536,1090,9537,-1,9495,9494,9538,-1,9538,9494,9493,-1,9538,9493,9492,-1,9535,9497,9496,-1,9497,9535,9498,-1,9498,9535,9534,-1,9498,9534,9499,-1,1097,9499,9500,-1,9500,9499,9534,-1,9500,9534,9501,-1,9501,9534,9533,-1,9501,9533,9502,-1,9502,9533,9503,-1,9504,9503,9532,-1,9532,9503,9533,-1,9532,9533,9539,-1,9539,9533,9535,-1,9539,9535,9540,-1,9540,9535,9496,-1,9540,9496,9495,-1,9541,9542,9543,-1,9544,9545,9541,-1,9541,9545,9546,-1,9541,9546,9542,-1,9506,9505,9531,-1,9531,9505,9532,-1,9531,9532,9547,-1,9547,9532,9539,-1,9547,9539,9548,-1,9548,9539,9540,-1,9548,9540,9549,-1,9549,9540,9495,-1,9543,9550,9551,-1,9495,9538,9549,-1,9549,9538,9552,-1,9549,9552,9548,-1,9548,9552,9553,-1,9548,9553,9547,-1,9547,9553,9554,-1,9547,9554,9531,-1,9531,9554,9555,-1,9531,9555,9507,-1,9530,9529,9551,-1,9551,9550,9530,-1,9530,9550,9556,-1,9530,9556,562,-1,9543,9542,9550,-1,9550,9542,9557,-1,9550,9557,9556,-1,9556,9557,9558,-1,9556,9558,562,-1,9559,562,9558,-1,9546,9560,9542,-1,9542,9560,9561,-1,9542,9561,9557,-1,9557,9561,9562,-1,9557,9562,9558,-1,9558,9562,9563,-1,9558,9563,9559,-1,562,9509,9555,-1,9555,9509,9508,-1,9555,9508,9507,-1,9492,9536,9538,-1,9538,9536,9564,-1,9538,9564,9552,-1,9552,9564,9565,-1,9552,9565,9553,-1,9553,9565,9566,-1,9553,9566,9554,-1,9554,9566,9567,-1,9554,9567,9555,-1,9555,9567,562,-1,9537,9544,9536,-1,9536,9544,9541,-1,9536,9541,9564,-1,9564,9541,9543,-1,9564,9543,9565,-1,9565,9543,9551,-1,9565,9551,9566,-1,9566,9551,9529,-1,9566,9529,9567,-1,9567,9529,562,-1,9519,560,9568,-1,9528,9527,9569,-1,9526,9525,9570,-1,9520,1094,9510,-1,9521,9522,9571,-1,9571,9522,9520,-1,1089,9528,9572,-1,9572,9528,9569,-1,9572,9569,9573,-1,9573,9569,9574,-1,9573,9574,9575,-1,9520,9510,9571,-1,9571,9510,9511,-1,9571,9511,9576,-1,9575,9574,9577,-1,9577,9574,9578,-1,9577,9578,9579,-1,9511,9512,9576,-1,9576,9512,9513,-1,9576,9513,9580,-1,9513,9514,9580,-1,9580,9514,9515,-1,9580,9515,9581,-1,560,9582,9583,-1,9583,9582,9584,-1,9583,9584,9585,-1,9585,9584,9586,-1,9585,9586,9578,-1,9578,9586,9587,-1,9578,9587,9579,-1,9527,9526,9569,-1,9569,9526,9570,-1,9569,9570,9574,-1,9574,9570,9588,-1,9574,9588,9578,-1,9578,9588,9589,-1,9578,9589,9585,-1,9585,9589,9590,-1,9585,9590,9583,-1,9583,9590,9591,-1,9583,9591,560,-1,9525,9523,9570,-1,9570,9523,9592,-1,9570,9592,9588,-1,9588,9592,9593,-1,9588,9593,9589,-1,9589,9593,9594,-1,9589,9594,9590,-1,9590,9594,9595,-1,9590,9595,9591,-1,9591,9595,9596,-1,9591,9596,560,-1,9524,9521,9597,-1,9597,9521,9571,-1,9597,9571,9598,-1,9598,9571,9576,-1,9598,9576,9599,-1,9599,9576,9580,-1,9599,9580,9600,-1,9600,9580,9581,-1,9600,9581,9601,-1,9601,9581,9568,-1,9601,9568,560,-1,9515,9516,9581,-1,9581,9516,9517,-1,9581,9517,9568,-1,9568,9517,9518,-1,9568,9518,9519,-1,9523,9524,9592,-1,9592,9524,9597,-1,9592,9597,9593,-1,9593,9597,9598,-1,9593,9598,9594,-1,9594,9598,9599,-1,9594,9599,9595,-1,9595,9599,9600,-1,9595,9600,9596,-1,9596,9600,9601,-1,9596,9601,560,-1,1090,1089,9537,-1,9537,1089,9572,-1,9537,9572,9544,-1,9544,9572,9573,-1,9544,9573,9545,-1,9545,9573,9575,-1,9545,9575,9546,-1,9546,9575,9577,-1,9546,9577,9560,-1,9560,9577,9579,-1,9560,9579,9561,-1,9561,9579,9587,-1,9561,9587,9562,-1,9562,9587,9586,-1,9562,9586,9563,-1,9563,9586,9584,-1,9563,9584,9559,-1,9559,9584,9582,-1,9559,9582,562,-1,562,9582,560,-1,1116,619,617,-1,1116,617,9602,-1,9602,617,9603,-1,9602,9603,9604,-1,9604,9603,9605,-1,9604,9605,9606,-1,9606,9605,9607,-1,9607,9605,9608,-1,9607,9608,9609,-1,9609,9608,9610,-1,9610,9608,9611,-1,9610,9611,9612,-1,9612,9611,9613,-1,9613,9611,9614,-1,9613,9614,9615,-1,607,605,9614,-1,9614,605,1115,-1,9614,1115,9615,-1,1108,608,610,-1,1108,610,9616,-1,9616,610,9617,-1,9616,9617,9618,-1,9618,9617,9619,-1,9618,9619,9620,-1,9620,9619,9621,-1,9621,9619,9622,-1,9621,9622,9623,-1,9623,9622,9624,-1,9624,9622,9625,-1,9624,9625,9626,-1,9626,9625,9627,-1,9627,9625,9628,-1,9627,9628,9629,-1,616,618,9628,-1,9628,618,1119,-1,9628,1119,9629,-1,1115,1114,9615,-1,9615,1114,9630,-1,9615,9630,9613,-1,9613,9630,9631,-1,9613,9631,9612,-1,9612,9631,9632,-1,9612,9632,9610,-1,9632,9633,9610,-1,9610,9633,9634,-1,9610,9634,9609,-1,9609,9634,9635,-1,9609,9635,9607,-1,9607,9635,9636,-1,9607,9636,9606,-1,9606,9636,9637,-1,9606,9637,9604,-1,9604,9637,9602,-1,9602,9637,1116,-1,1116,9637,9638,-1,1116,9638,1117,-1,1118,1117,9639,-1,9639,1117,9640,-1,9639,9640,9641,-1,9641,9640,9642,-1,9641,9642,9643,-1,9643,9642,9644,-1,9643,9644,9645,-1,9645,9644,9646,-1,9645,9646,9647,-1,9647,9646,9648,-1,9647,9648,9649,-1,9649,9648,9650,-1,9649,9650,9651,-1,9651,9650,9652,-1,9651,9652,9653,-1,9653,9652,9654,-1,9653,9654,9655,-1,9655,9654,9656,-1,9655,9656,601,-1,601,9656,603,-1,9624,9626,9657,-1,9657,9626,9627,-1,9657,9627,1118,-1,1118,9627,9629,-1,1118,9629,1119,-1,9657,9658,9624,-1,9624,9658,9659,-1,9624,9659,9623,-1,9623,9659,9660,-1,9660,9661,9623,-1,9623,9661,9662,-1,9623,9662,9621,-1,9621,9662,9663,-1,9621,9663,9620,-1,9620,9663,9664,-1,9620,9664,9618,-1,9618,9664,9665,-1,9618,9665,9616,-1,9616,9665,1109,-1,9616,1109,1108,-1,1112,604,606,-1,1112,606,9666,-1,9666,606,9667,-1,9666,9667,9668,-1,9668,9667,9669,-1,9668,9669,9670,-1,9670,9669,9671,-1,9671,9669,9672,-1,9671,9672,9673,-1,9673,9672,9674,-1,9674,9672,9675,-1,9674,9675,9676,-1,9676,9675,9677,-1,9677,9675,9678,-1,9677,9678,9679,-1,612,614,9678,-1,9678,614,1107,-1,9678,1107,9679,-1,9680,603,9681,-1,9633,9632,9682,-1,9631,9630,9683,-1,9683,9630,1114,-1,9633,9682,9634,-1,1117,9638,9640,-1,9640,9638,9684,-1,9640,9684,9642,-1,9642,9684,9685,-1,9642,9685,9644,-1,1114,9686,9683,-1,9683,9686,9687,-1,9683,9687,9688,-1,9644,9685,9646,-1,9646,9685,9689,-1,9646,9689,9648,-1,9687,9690,9688,-1,9688,9690,9691,-1,9688,9691,9692,-1,9691,9693,9692,-1,9692,9693,9694,-1,9692,9694,9695,-1,603,9656,9696,-1,9696,9656,9654,-1,9696,9654,9697,-1,9697,9654,9652,-1,9697,9652,9689,-1,9689,9652,9650,-1,9689,9650,9648,-1,9698,9699,9700,-1,9700,9699,9701,-1,9700,9701,9702,-1,9702,9701,9703,-1,9702,9703,9704,-1,9704,9703,9705,-1,9704,9705,9706,-1,9706,9705,9707,-1,9706,9707,603,-1,9699,9708,9701,-1,9701,9708,9709,-1,9701,9709,9703,-1,9703,9709,9710,-1,9703,9710,9705,-1,9705,9710,9711,-1,9705,9711,9707,-1,9707,9711,9712,-1,9707,9712,603,-1,9638,9637,9684,-1,9684,9637,9698,-1,9684,9698,9685,-1,9685,9698,9700,-1,9685,9700,9689,-1,9689,9700,9702,-1,9689,9702,9697,-1,9697,9702,9704,-1,9697,9704,9696,-1,9696,9704,9706,-1,9696,9706,603,-1,9632,9631,9682,-1,9682,9631,9683,-1,9682,9683,9713,-1,9713,9683,9688,-1,9713,9688,9714,-1,9714,9688,9692,-1,9714,9692,9715,-1,9715,9692,9695,-1,9715,9695,9716,-1,9716,9695,9681,-1,9716,9681,603,-1,9694,9717,9695,-1,9695,9717,9718,-1,9695,9718,9681,-1,9681,9718,9719,-1,9681,9719,9680,-1,9637,9636,9698,-1,9698,9636,9635,-1,9698,9635,9699,-1,9699,9635,9634,-1,9699,9634,9708,-1,9708,9634,9682,-1,9708,9682,9709,-1,9709,9682,9713,-1,9709,9713,9710,-1,9710,9713,9714,-1,9710,9714,9711,-1,9711,9714,9715,-1,9711,9715,9712,-1,9712,9715,9716,-1,9712,9716,603,-1,9720,9721,601,-1,9722,9723,9724,-1,9725,9726,9727,-1,9641,9643,9728,-1,9729,9730,9731,-1,1118,9639,9657,-1,9657,9639,9732,-1,9657,9732,9658,-1,9658,9732,9659,-1,9665,9664,9730,-1,9730,9664,9663,-1,9730,9663,9731,-1,9731,9663,9662,-1,9731,9662,9661,-1,1109,9665,9733,-1,9733,9665,9730,-1,9733,9730,9734,-1,9734,9730,9729,-1,9734,9729,9735,-1,9735,9729,9736,-1,9726,9736,9727,-1,9727,9736,9729,-1,9727,9729,9737,-1,9737,9729,9731,-1,9737,9731,9738,-1,9738,9731,9661,-1,9738,9661,9660,-1,9723,9725,9724,-1,9724,9725,9727,-1,9724,9727,9739,-1,9739,9727,9737,-1,9739,9737,9740,-1,9740,9737,9738,-1,9740,9738,9741,-1,9741,9738,9660,-1,9741,9660,9659,-1,9742,9743,9744,-1,9659,9732,9741,-1,9741,9732,9745,-1,9741,9745,9740,-1,9740,9745,9746,-1,9740,9746,9739,-1,9739,9746,9747,-1,9739,9747,9724,-1,9724,9747,9748,-1,9724,9748,9722,-1,9721,9720,9744,-1,9744,9743,9721,-1,9721,9743,9749,-1,9721,9749,601,-1,9655,601,9749,-1,9645,9647,9742,-1,9742,9647,9649,-1,9742,9649,9743,-1,9743,9649,9651,-1,9743,9651,9749,-1,9749,9651,9653,-1,9749,9653,9655,-1,601,9750,9748,-1,9748,9750,9751,-1,9748,9751,9722,-1,9639,9641,9732,-1,9732,9641,9728,-1,9732,9728,9745,-1,9745,9728,9752,-1,9745,9752,9746,-1,9746,9752,9753,-1,9746,9753,9747,-1,9747,9753,9754,-1,9747,9754,9748,-1,9748,9754,601,-1,9643,9645,9728,-1,9728,9645,9742,-1,9728,9742,9752,-1,9752,9742,9744,-1,9752,9744,9753,-1,9753,9744,9720,-1,9753,9720,9754,-1,9754,9720,601,-1,1104,615,613,-1,1104,613,9755,-1,9755,613,9756,-1,9755,9756,9757,-1,9757,9756,9758,-1,9757,9758,9759,-1,9759,9758,9760,-1,9760,9758,9761,-1,9760,9761,9762,-1,9762,9761,9763,-1,9763,9761,9764,-1,9763,9764,9765,-1,9765,9764,9766,-1,9766,9764,9767,-1,9766,9767,9768,-1,611,609,9767,-1,9767,609,1111,-1,9767,1111,9768,-1,9674,9676,9769,-1,9769,9676,9677,-1,9769,9677,1106,-1,1106,9677,9679,-1,1106,9679,1107,-1,9769,9770,9674,-1,9674,9770,9771,-1,9674,9771,9673,-1,9673,9771,9772,-1,9772,9773,9673,-1,9673,9773,9774,-1,9673,9774,9671,-1,9671,9774,9775,-1,9671,9775,9670,-1,9670,9775,9776,-1,9670,9776,9668,-1,9668,9776,9777,-1,9668,9777,9666,-1,9666,9777,1113,-1,9666,1113,1112,-1,602,603,9680,-1,1114,1113,9686,-1,9686,1113,9778,-1,9686,9778,9687,-1,9687,9778,9779,-1,9687,9779,9690,-1,9690,9779,9780,-1,9690,9780,9691,-1,9691,9780,9781,-1,9691,9781,9693,-1,9693,9781,9782,-1,9693,9782,9694,-1,9694,9782,9783,-1,9694,9783,9717,-1,9717,9783,9784,-1,9717,9784,9718,-1,9718,9784,9785,-1,9718,9785,9719,-1,9719,9785,9786,-1,9719,9786,9680,-1,9680,9786,9787,-1,9680,9787,602,-1,1110,1109,9788,-1,9788,1109,9733,-1,9788,9733,9789,-1,9789,9733,9734,-1,9789,9734,9790,-1,9790,9734,9735,-1,9790,9735,9791,-1,9791,9735,9736,-1,9791,9736,9792,-1,9792,9736,9726,-1,9792,9726,9793,-1,9793,9726,9725,-1,9793,9725,9794,-1,9794,9725,9723,-1,9794,9723,9795,-1,9795,9723,9722,-1,9795,9722,9796,-1,9796,9722,9751,-1,9796,9751,9797,-1,9751,9750,9797,-1,9797,9750,601,-1,9797,601,600,-1,9763,9765,9798,-1,9798,9765,9766,-1,9798,9766,1110,-1,1110,9766,9768,-1,1110,9768,1111,-1,9798,9799,9763,-1,9763,9799,9800,-1,9763,9800,9762,-1,9762,9800,9801,-1,9801,9802,9762,-1,9762,9802,9803,-1,9762,9803,9760,-1,9760,9803,9804,-1,9760,9804,9759,-1,9759,9804,9805,-1,9759,9805,9757,-1,9757,9805,9806,-1,9757,9806,9755,-1,9755,9806,1105,-1,9755,1105,1104,-1,9807,9808,602,-1,9785,9784,9809,-1,9783,9782,9810,-1,9811,9812,9813,-1,9814,9815,9816,-1,1106,9817,9769,-1,9769,9817,9818,-1,9769,9818,9770,-1,9770,9818,9771,-1,9777,9776,9815,-1,9815,9776,9775,-1,9815,9775,9816,-1,9816,9775,9774,-1,9816,9774,9773,-1,1113,9777,9778,-1,9778,9777,9815,-1,9778,9815,9779,-1,9779,9815,9814,-1,9779,9814,9780,-1,9780,9814,9781,-1,9782,9781,9810,-1,9810,9781,9814,-1,9810,9814,9819,-1,9819,9814,9816,-1,9819,9816,9820,-1,9820,9816,9773,-1,9820,9773,9772,-1,9784,9783,9809,-1,9809,9783,9810,-1,9809,9810,9821,-1,9821,9810,9819,-1,9821,9819,9822,-1,9822,9819,9820,-1,9822,9820,9823,-1,9823,9820,9772,-1,9823,9772,9771,-1,9824,9825,9826,-1,9771,9818,9823,-1,9823,9818,9827,-1,9823,9827,9822,-1,9822,9827,9828,-1,9822,9828,9821,-1,9821,9828,9829,-1,9821,9829,9809,-1,9809,9829,9830,-1,9809,9830,9785,-1,9808,9807,9826,-1,9826,9825,9808,-1,9808,9825,9831,-1,9808,9831,602,-1,9832,602,9831,-1,9833,9834,9824,-1,9824,9834,9835,-1,9824,9835,9825,-1,9825,9835,9836,-1,9825,9836,9831,-1,9831,9836,9837,-1,9831,9837,9832,-1,602,9787,9830,-1,9830,9787,9786,-1,9830,9786,9785,-1,9817,9811,9818,-1,9818,9811,9813,-1,9818,9813,9827,-1,9827,9813,9838,-1,9827,9838,9828,-1,9828,9838,9839,-1,9828,9839,9829,-1,9829,9839,9840,-1,9829,9840,9830,-1,9830,9840,602,-1,9812,9833,9813,-1,9813,9833,9824,-1,9813,9824,9838,-1,9838,9824,9826,-1,9838,9826,9839,-1,9839,9826,9807,-1,9839,9807,9840,-1,9840,9807,602,-1,9797,600,9841,-1,9806,9805,9842,-1,9804,9803,9843,-1,9798,1110,9788,-1,9800,9799,9844,-1,9844,9799,9798,-1,1105,9806,9845,-1,9845,9806,9842,-1,9845,9842,9846,-1,9846,9842,9847,-1,9846,9847,9848,-1,9798,9788,9844,-1,9844,9788,9789,-1,9844,9789,9849,-1,9848,9847,9850,-1,9850,9847,9851,-1,9850,9851,9852,-1,9789,9790,9849,-1,9849,9790,9791,-1,9849,9791,9853,-1,9791,9792,9853,-1,9853,9792,9793,-1,9853,9793,9854,-1,600,9855,9856,-1,9856,9855,9857,-1,9856,9857,9858,-1,9858,9857,9859,-1,9858,9859,9851,-1,9851,9859,9860,-1,9851,9860,9852,-1,9805,9804,9842,-1,9842,9804,9843,-1,9842,9843,9847,-1,9847,9843,9861,-1,9847,9861,9851,-1,9851,9861,9862,-1,9851,9862,9858,-1,9858,9862,9863,-1,9858,9863,9856,-1,9856,9863,9864,-1,9856,9864,600,-1,9803,9802,9843,-1,9843,9802,9865,-1,9843,9865,9861,-1,9861,9865,9866,-1,9861,9866,9862,-1,9862,9866,9867,-1,9862,9867,9863,-1,9863,9867,9868,-1,9863,9868,9864,-1,9864,9868,9869,-1,9864,9869,600,-1,9801,9800,9870,-1,9870,9800,9844,-1,9870,9844,9871,-1,9871,9844,9849,-1,9871,9849,9872,-1,9872,9849,9853,-1,9872,9853,9873,-1,9873,9853,9854,-1,9873,9854,9874,-1,9874,9854,9841,-1,9874,9841,600,-1,9793,9794,9854,-1,9854,9794,9795,-1,9854,9795,9841,-1,9841,9795,9796,-1,9841,9796,9797,-1,9802,9801,9865,-1,9865,9801,9870,-1,9865,9870,9866,-1,9866,9870,9871,-1,9866,9871,9867,-1,9867,9871,9872,-1,9867,9872,9868,-1,9868,9872,9873,-1,9868,9873,9869,-1,9869,9873,9874,-1,9869,9874,600,-1,600,602,9855,-1,9855,602,9832,-1,9855,9832,9857,-1,9857,9832,9837,-1,9857,9837,9859,-1,9859,9837,9836,-1,9859,9836,9860,-1,9860,9836,9835,-1,9860,9835,9852,-1,9852,9835,9834,-1,9852,9834,9850,-1,9850,9834,9833,-1,9850,9833,9848,-1,9848,9833,9812,-1,9848,9812,9846,-1,9846,9812,9811,-1,9846,9811,9845,-1,9845,9811,9817,-1,9845,9817,1105,-1,1105,9817,1106,-1,
        ]
    }
}
Shape{
    appearance Appearance {
        material  Material 	{
            diffuseColor 0.2235294117647059 0.2235294117647059 0.2235294117647059
            specularColor 0.11372549019607843 0.11372549019607843 0.11372549019607843
            ambientIntensity 0.2235
            transparency 0.0
            shininess 0.5
        }
    }
    geometry IndexedFaceSet {
        ccw TRUE
        solid FALSE
        coord DEF co Coordinate {
            point [
                -0.3201 -0.7375 0.4173, -0.397 -0.9344 0.4173, -0.3201 -0.7375 0.4134, -0.397 -0.9344 0.4134, -0.3681 -0.9344 0.4173, -0.3681 -0.9344 0.4134, -0.3482 -0.8792 0.4173, -0.3482 -0.8792 0.4134, -0.2669 -0.8792 0.4173, -0.2669 -0.8792 0.4134, -0.2481 -0.9344 0.4173, -0.2481 -0.9344 0.4134, -0.2193 -0.9344 0.4173, -0.2193 -0.9344 0.4134, -0.2937 -0.7375 0.4173, -0.2937 -0.7375 0.4134, -0.2735 -0.8576 0.4173, -0.3394 -0.8576 0.4173, -0.3029 -0.7754 0.4173, -0.3048 -0.7685 0.4173, -0.3061 -0.7616 0.4173, -0.3067 -0.7616 0.4173, -0.308 -0.7685 0.4173, -0.3097 -0.7754 0.4173, -0.2735 -0.8576 0.4134, -0.3394 -0.8576 0.4134, -0.3029 -0.7754 0.4134, -0.3048 -0.7685 0.4134, -0.3061 -0.7616 0.4134, -0.3067 -0.7616 0.4134, -0.308 -0.7685 0.4134, -0.3097 -0.7754 0.4134, -0.1 -0.9344 0.4173, -0.0465 -0.9344 0.4173, -0.1 -0.9344 0.4134, -0.0465 -0.9344 0.4134, -0.0465 -0.7375 0.4173, -0.0465 -0.7375 0.4134, -0.102 -0.7375 0.4173, -0.102 -0.7375 0.4134, -0.2049 -0.8335 0.4173, -0.2049 -0.8335 0.4134, -0.2035 -0.815 0.4134, -0.2035 -0.815 0.4173, -0.1982 -0.7956 0.4134, -0.1982 -0.7956 0.4173, -0.189 -0.7786 0.4134, -0.189 -0.7786 0.4173, -0.1751 -0.7632 0.4134, -0.1751 -0.7632 0.4173, -0.1749 -0.763 0.4134, -0.1749 -0.763 0.4173, -0.1535 -0.7487 0.4134, -0.1535 -0.7487 0.4173, -0.1305 -0.7406 0.4134, -0.1305 -0.7406 0.4173, -0.1243 -0.9323 0.4134, -0.1243 -0.9323 0.4173, -0.147 -0.9255 0.4134, -0.147 -0.9255 0.4173, -0.1676 -0.9136 0.4134, -0.1676 -0.9136 0.4173, -0.1838 -0.8981 0.4134, -0.1838 -0.8981 0.4173, -0.1951 -0.8804 0.4134, -0.1951 -0.8804 0.4173, -0.2021 -0.8598 0.4134, -0.2021 -0.8598 0.4173, -0.1654 -0.7868 0.4173, -0.1558 -0.7766 0.4173, -0.1415 -0.7673 0.4173, -0.1252 -0.7616 0.4173, -0.1019 -0.7592 0.4173, -0.0729 -0.7592 0.4173, -0.0729 -0.9128 0.4173, -0.1008 -0.9128 0.4173, -0.1216 -0.9109 0.4173, -0.1381 -0.9057 0.4173, -0.1516 -0.8977 0.4173, -0.1626 -0.8868 0.4173, -0.1709 -0.8732 0.4173, -0.1767 -0.8547 0.4173, -0.1785 -0.8341 0.4173, -0.1768 -0.8145 0.4173, -0.1722 -0.7989 0.4173, -0.1019 -0.7592 0.4134, -0.0729 -0.7592 0.4134, -0.1252 -0.7616 0.4134, -0.1415 -0.7673 0.4134, -0.1558 -0.7766 0.4134, -0.1654 -0.7868 0.4134, -0.1722 -0.7989 0.4134, -0.1768 -0.8145 0.4134, -0.1785 -0.8341 0.4134, -0.1767 -0.8547 0.4134, -0.1709 -0.8732 0.4134, -0.1626 -0.8868 0.4134, -0.1516 -0.8977 0.4134, -0.1381 -0.9057 0.4134, -0.1216 -0.9109 0.4134, -0.1008 -0.9128 0.4134, -0.0729 -0.9128 0.4134, -0.0081 -0.9128 0.4173, -0.0081 -0.9344 0.4173, -0.0081 -0.9128 0.4134, -0.0081 -0.9344 0.4134, 0.0976 -0.9344 0.4173, 0.0976 -0.9344 0.4134, 0.0976 -0.7375 0.4173, 0.0976 -0.7375 0.4134, -0.0033 -0.7375 0.4173, -0.0033 -0.7375 0.4134, -0.0033 -0.7592 0.4173, -0.0033 -0.7592 0.4134, 0.0712 -0.7592 0.4173, 0.0712 -0.7592 0.4134, 0.0712 -0.824 0.4173, 0.0712 -0.824 0.4134, 0.0015 -0.824 0.4173, 0.0015 -0.824 0.4134, 0.0015 -0.8456 0.4173, 0.0015 -0.8456 0.4134, 0.0712 -0.8456 0.4173, 0.0712 -0.8456 0.4134, 0.0712 -0.9128 0.4173, 0.0712 -0.9128 0.4134, 0.136 -0.9026 0.4173, 0.136 -0.9242 0.4173, 0.136 -0.9026 0.4134, 0.136 -0.9242 0.4134, 0.157 -0.9328 0.4173, 0.1901 -0.9368 0.4173, 0.1901 -0.9368 0.4134, 0.1848 -0.9367 0.4134, 0.1848 -0.9367 0.4173, 0.1769 -0.9356 0.4134, 0.157 -0.9328 0.4134, 0.2824 -0.8397 0.4173, 0.2824 -0.8397 0.4134, 0.2805 -0.8625 0.4134, 0.2805 -0.8625 0.4173, 0.2746 -0.8833 0.4134, 0.2746 -0.8833 0.4173, 0.2641 -0.902 0.4134, 0.2641 -0.902 0.4173, 0.2493 -0.9176 0.4134, 0.2493 -0.9176 0.4173, 0.2335 -0.9277 0.4134, 0.2335 -0.9277 0.4173, 0.2144 -0.9343 0.4134, 0.2144 -0.9343 0.4173, 0.2017 -0.9356 0.4134, 0.1823 -0.7351 0.4173, 0.1823 -0.7351 0.4134, 0.2021 -0.7368 0.4134, 0.2021 -0.7368 0.4173, 0.224 -0.7431 0.4134, 0.224 -0.7431 0.4173, 0.2427 -0.7539 0.4134, 0.2427 -0.7539 0.4173, 0.2605 -0.771 0.4134, 0.2605 -0.771 0.4173, 0.272 -0.7894 0.4134, 0.272 -0.7894 0.4173, 0.2796 -0.8117 0.4134, 0.2796 -0.8117 0.4173, 0.136 -0.7429 0.4173, 0.136 -0.7429 0.4134, 0.1587 -0.7368 0.4134, 0.1587 -0.7368 0.4173, 0.136 -0.7694 0.4173, 0.136 -0.7694 0.4134, 0.1821 -0.7568 0.4173, 0.1821 -0.7568 0.4134, 0.1582 -0.7599 0.4134, 0.1582 -0.7599 0.4173, 0.256 -0.8381 0.4173, 0.256 -0.8381 0.4134, 0.2551 -0.8228 0.4134, 0.2551 -0.8228 0.4173, 0.2498 -0.8017 0.4134, 0.2498 -0.8017 0.4173, 0.2417 -0.7865 0.4134, 0.2417 -0.7865 0.4173, 0.2298 -0.7734 0.4134, 0.2298 -0.7734 0.4173, 0.2162 -0.7642 0.4134, 0.2162 -0.7642 0.4173, 0.2015 -0.7589 0.4134, 0.2015 -0.7589 0.4173, 0.1865 -0.9152 0.4173, 0.1865 -0.9152 0.4134, 0.2049 -0.9131 0.4134, 0.2049 -0.9131 0.4173, 0.2192 -0.9079 0.4134, 0.2192 -0.9079 0.4173, 0.2313 -0.8997 0.4134, 0.2313 -0.8997 0.4173, 0.2405 -0.89 0.4134, 0.2405 -0.89 0.4173, 0.2487 -0.8763 0.4134, 0.2487 -0.8763 0.4173, 0.254 -0.8594 0.4134, 0.254 -0.8594 0.4173, 0.1395 -0.9045 0.4134, 0.1395 -0.9045 0.4173, 0.1604 -0.9123 0.4134, 0.1604 -0.9123 0.4173, 0.2992 -0.9128 0.4173, 0.2992 -0.9344 0.4173, 0.2992 -0.9128 0.4134, 0.2992 -0.9344 0.4134, 0.4 -0.9344 0.4173, 0.4 -0.9344 0.4134, 0.4 -0.7375 0.4173, 0.4 -0.7375 0.4134, 0.3736 -0.7375 0.4173, 0.3736 -0.7375 0.4134, 0.3736 -0.9128 0.4173, 0.3736 -0.9128 0.4134
            ]
        }
        coordIndex [
            0,1,2,-1,2,1,3,-1,1,4,3,-1,3,4,5,-1,4,6,5,-1,5,6,7,-1,6,8,7,-1,7,8,9,-1,8,10,9,-1,9,10,11,-1,10,12,11,-1,11,12,13,-1,12,14,13,-1,13,14,15,-1,14,0,15,-1,15,0,2,-1,16,8,17,-1,17,8,6,-1,18,14,16,-1,16,14,12,-1,16,12,8,-1,8,12,10,-1,18,19,14,-1,14,19,20,-1,14,20,0,-1,0,20,21,-1,0,21,22,-1,22,23,0,-1,0,23,17,-1,0,17,1,-1,1,17,6,-1,1,6,4,-1,16,17,24,-1,24,17,25,-1,18,16,26,-1,26,16,24,-1,18,26,27,-1,18,27,19,-1,19,27,28,-1,19,28,20,-1,21,20,29,-1,29,20,28,-1,21,29,30,-1,21,30,22,-1,22,30,31,-1,22,31,23,-1,17,23,25,-1,25,23,31,-1,32,33,34,-1,34,33,35,-1,33,36,35,-1,35,36,37,-1,36,38,37,-1,37,38,39,-1,40,41,42,-1,40,42,43,-1,43,42,44,-1,43,44,45,-1,45,44,46,-1,45,46,47,-1,47,46,48,-1,47,48,49,-1,49,48,50,-1,49,50,51,-1,51,50,52,-1,51,52,53,-1,53,52,54,-1,53,54,55,-1,55,54,39,-1,55,39,38,-1,32,34,56,-1,32,56,57,-1,57,56,58,-1,57,58,59,-1,59,58,60,-1,59,60,61,-1,61,60,62,-1,61,62,63,-1,63,62,64,-1,63,64,65,-1,65,64,66,-1,65,66,67,-1,67,66,41,-1,67,41,40,-1,45,47,68,-1,68,47,49,-1,68,49,69,-1,69,49,51,-1,69,51,70,-1,70,51,53,-1,70,53,71,-1,71,53,55,-1,71,55,72,-1,72,55,38,-1,72,38,73,-1,73,38,36,-1,73,36,74,-1,74,36,33,-1,74,33,75,-1,75,33,32,-1,75,32,76,-1,76,32,57,-1,76,57,77,-1,77,57,59,-1,77,59,78,-1,78,59,61,-1,78,61,79,-1,79,61,63,-1,79,63,80,-1,80,63,65,-1,80,65,81,-1,81,65,67,-1,81,67,82,-1,82,67,40,-1,82,40,83,-1,83,40,43,-1,83,43,84,-1,84,43,45,-1,84,45,68,-1,72,73,85,-1,85,73,86,-1,72,85,87,-1,72,87,71,-1,71,87,88,-1,71,88,70,-1,70,88,89,-1,70,89,69,-1,69,89,90,-1,69,90,68,-1,68,90,91,-1,68,91,84,-1,84,91,92,-1,84,92,83,-1,83,92,93,-1,83,93,82,-1,82,93,94,-1,82,94,81,-1,81,94,95,-1,81,95,80,-1,80,95,96,-1,80,96,79,-1,79,96,97,-1,79,97,78,-1,78,97,98,-1,78,98,77,-1,77,98,99,-1,77,99,76,-1,76,99,100,-1,76,100,75,-1,74,75,101,-1,101,75,100,-1,73,74,86,-1,86,74,101,-1,102,103,104,-1,104,103,105,-1,103,106,105,-1,105,106,107,-1,106,108,107,-1,107,108,109,-1,108,110,109,-1,109,110,111,-1,110,112,111,-1,111,112,113,-1,112,114,113,-1,113,114,115,-1,114,116,115,-1,115,116,117,-1,116,118,117,-1,117,118,119,-1,118,120,119,-1,119,120,121,-1,120,122,121,-1,121,122,123,-1,122,124,123,-1,123,124,125,-1,124,102,125,-1,125,102,104,-1,106,103,102,-1,102,124,106,-1,106,124,122,-1,106,122,108,-1,112,110,114,-1,114,110,108,-1,114,108,116,-1,116,108,122,-1,116,122,118,-1,118,122,120,-1,126,127,128,-1,128,127,129,-1,129,127,130,-1,131,132,133,-1,131,133,134,-1,134,133,135,-1,134,135,130,-1,130,135,136,-1,130,136,129,-1,137,138,139,-1,137,139,140,-1,140,139,141,-1,140,141,142,-1,142,141,143,-1,142,143,144,-1,144,143,145,-1,144,145,146,-1,146,145,147,-1,146,147,148,-1,148,147,149,-1,148,149,150,-1,150,149,131,-1,131,149,151,-1,131,151,132,-1,152,153,154,-1,152,154,155,-1,155,154,156,-1,155,156,157,-1,157,156,158,-1,157,158,159,-1,159,158,160,-1,159,160,161,-1,161,160,162,-1,161,162,163,-1,163,162,164,-1,163,164,165,-1,165,164,138,-1,165,138,137,-1,166,167,168,-1,166,168,169,-1,169,168,153,-1,169,153,152,-1,166,170,167,-1,167,170,171,-1,172,173,174,-1,172,174,175,-1,175,174,171,-1,175,171,170,-1,176,177,178,-1,176,178,179,-1,179,178,180,-1,179,180,181,-1,181,180,182,-1,181,182,183,-1,183,182,184,-1,183,184,185,-1,185,184,186,-1,185,186,187,-1,187,186,188,-1,187,188,189,-1,189,188,173,-1,189,173,172,-1,190,191,192,-1,190,192,193,-1,193,192,194,-1,193,194,195,-1,195,194,196,-1,195,196,197,-1,197,196,198,-1,197,198,199,-1,199,198,200,-1,199,200,201,-1,201,200,202,-1,201,202,203,-1,203,202,177,-1,203,177,176,-1,126,128,204,-1,126,204,205,-1,205,204,206,-1,205,206,207,-1,207,206,191,-1,207,191,190,-1,193,131,190,-1,190,131,134,-1,190,134,207,-1,207,134,130,-1,207,130,205,-1,205,130,127,-1,205,127,126,-1,170,166,175,-1,175,166,169,-1,175,169,172,-1,172,169,152,-1,172,152,189,-1,189,152,155,-1,189,155,187,-1,187,155,157,-1,187,157,185,-1,185,157,159,-1,185,159,183,-1,183,159,161,-1,183,161,181,-1,181,161,163,-1,181,163,179,-1,179,163,165,-1,179,165,176,-1,176,165,137,-1,176,137,203,-1,203,137,140,-1,203,140,201,-1,201,140,142,-1,201,142,199,-1,199,142,144,-1,199,144,197,-1,197,144,146,-1,197,146,195,-1,195,146,148,-1,195,148,193,-1,193,148,150,-1,193,150,131,-1,208,209,210,-1,210,209,211,-1,209,212,211,-1,211,212,213,-1,212,214,213,-1,213,214,215,-1,214,216,215,-1,215,216,217,-1,216,218,217,-1,217,218,219,-1,218,208,219,-1,219,208,210,-1,216,214,218,-1,218,214,212,-1,218,212,208,-1,208,212,209,-1,
        ]
    }
}
Shape{
    appearance Appearance {
        material  Material 	{
            diffuseColor 0.8431372549019608 0.8156862745098039 0.7529411764705882
            specularColor 0.4235294117647059 0.40784313725490196 0.3764705882352941
            ambientIntensity 0.8167
            transparency 0.0
            shininess 0.5
        }
    }
    geometry IndexedFaceSet {
        ccw TRUE
        solid FALSE
        coord DEF co Coordinate {
            point [
                -0.2735 -0.8576 0.4134, -0.3394 -0.8576 0.4134, -0.3029 -0.7754 0.4134, -0.3097 -0.7754 0.4134, -0.3048 -0.7685 0.4134, -0.308 -0.7685 0.4134, -0.3061 -0.7616 0.4134, -0.3067 -0.7616 0.4134, -0.0729 -0.7592 0.4134, -0.0729 -0.9128 0.4134, -0.1019 -0.7592 0.4134, -0.1008 -0.9128 0.4134, -0.1216 -0.9109 0.4134, -0.1785 -0.8341 0.4134, -0.1768 -0.8145 0.4134, -0.1722 -0.7989 0.4134, -0.1252 -0.7616 0.4134, -0.1381 -0.9057 0.4134, -0.1516 -0.8977 0.4134, -0.1626 -0.8868 0.4134, -0.1709 -0.8732 0.4134, -0.1767 -0.8547 0.4134, -0.1654 -0.7868 0.4134, -0.1558 -0.7766 0.4134, -0.1415 -0.7673 0.4134
            ]
        }
        coordIndex [
            0,1,2,-1,2,1,3,-1,2,3,4,-1,4,3,5,-1,4,5,6,-1,6,5,7,-1,8,9,10,-1,10,9,11,-1,10,11,12,-1,13,14,10,-1,10,14,15,-1,10,15,16,-1,12,17,10,-1,10,17,18,-1,10,18,19,-1,19,20,10,-1,10,20,21,-1,10,21,13,-1,22,23,15,-1,15,23,24,-1,15,24,16,-1,
        ]
    }
}